date,close,high,low,open,volume,adjClose,adjHigh,adjLow,adjOpen,adjVolume,divCash,splitFactor
2000-01-03 00:00:00+00:00,116.56,118.62,112.0,117.37,26614200,35.9393464954,36.5745133946,34.5333459804,36.1890965868,53228400,0.0,1.0
2000-01-04 00:00:00+00:00,112.62,117.12,112.25,113.56,27059500,34.7245127171,36.1120132253,34.610429342,35.0143461566,54119000,0.0,1.0
2000-01-05 00:00:00+00:00,113.81,116.37,109.37,111.12,32029800,35.0914295182,35.8807631406,33.7224290168,34.2620125477,64059600,0.0,1.0
2000-01-06 00:00:00+00:00,110.0,113.87,108.37,112.19,27488300,33.9166790879,35.1099295249,33.4140955705,34.5919293352,54976600,0.0,1.0
2000-01-07 00:00:00+00:00,111.44,112.25,107.31,108.62,31006800,34.3606792505,34.610429342,33.0872621175,33.4911789321,62013600,0.0,1.0
2000-01-10 00:00:00+00:00,112.25,113.69,111.37,113.44,22481800,34.610429342,35.0544295046,34.3390959093,34.977346143,44963600,0.0,1.0
2000-01-11 00:00:00+00:00,109.37,114.25,108.69,111.5,23371800,33.7224290168,35.2270962345,33.5127622733,34.3791792573,46743600,0.0,1.0
2000-01-12 00:00:00+00:00,105.81,108.87,104.44,108.5,33266200,32.6247619481,33.5682622937,32.2023451268,33.4541789185,66532400,0.0,1.0
2000-01-13 00:00:00+00:00,107.81,108.62,101.5,104.37,41572000,33.2414288406,33.4911789321,31.2958447948,32.1807617855,83144000,0.0,1.0
2000-01-14 00:00:00+00:00,112.25,113.94,105.75,107.19,36708200,34.610429342,35.1315128662,32.6062619413,33.050262104,73416400,0.0,1.0
2000-01-18 00:00:00+00:00,115.31,116.5,111.75,111.81,40741800,35.5539296875,35.9208464886,34.4562626189,34.4747626256,81483600,0.0,1.0
2000-01-19 00:00:00+00:00,107.0,111.5,106.0,110.5,48784100,32.9916787492,34.3791792573,32.6833453029,34.0708458111,97568200,0.0,1.0
2000-01-20 00:00:00+00:00,106.0,109.69,105.87,107.06,28174900,32.6833453029,33.8210957196,32.6432619549,33.0101787559,56349800,0.0,1.0
2000-01-21 00:00:00+00:00,103.75,107.25,103.25,107.0,34208100,31.9895950488,33.0687621107,31.8354283257,32.9916787492,68416200,0.0,1.0
2000-01-24 00:00:00+00:00,101.25,105.69,100.81,103.8,31798800,31.2187614332,32.5877619346,31.0830947169,32.0050117212,63597600,0.0,1.0
2000-01-25 00:00:00+00:00,102.81,103.87,99.56,101.0,29911600,31.6997616094,32.0265950624,30.697677909,31.1416780716,59823200,0.0,1.0
2000-01-26 00:00:00+00:00,99.37,103.5,99.12,102.44,24682500,30.6390945542,31.9125116873,30.5620111927,31.5856782342,49365000,0.0,1.0
2000-01-27 00:00:00+00:00,98.75,101.19,97.25,99.89,31827400,30.4479278176,31.2002614264,29.9854276482,30.7994279463,63654800,0.0,1.0
2000-01-28 00:00:00+00:00,98.25,100.25,97.25,98.12,29112700,30.2937610944,30.910427987,29.9854276482,30.2536777464,58225400,0.0,1.0
2000-01-31 00:00:00+00:00,97.87,98.19,94.87,97.62,36597100,30.1765943849,30.2752610877,29.2515940461,30.0995110233,73194200,0.0,1.0
2000-02-01 00:00:00+00:00,102.94,103.25,97.69,98.5,35098300,31.7398449574,31.8354283257,30.1210943645,30.370844456,70196600,0.0,1.0
2000-02-02 00:00:00+00:00,100.81,103.94,100.5,102.44,24957800,31.0830947169,32.0481784036,30.9875113485,31.5856782342,49915600,0.0,1.0
2000-02-03 00:00:00+00:00,103.62,104.19,100.12,102.06,24593000,31.9495117008,32.1252617652,30.8703446389,31.4685115247,49186000,0.0,1.0
2000-02-04 00:00:00+00:00,106.56,108.0,104.14,104.37,27682700,32.8560120328,33.3000121954,32.1098450929,32.1807617855,55365400,0.0,1.0
2000-02-07 00:00:00+00:00,106.62,106.87,104.25,106.81,20002900,32.8745120396,32.9515954012,32.143761772,32.9330953944,40005800,0.0,1.0
2000-02-08 00:00:00+00:00,109.94,110.0,106.44,106.44,28114500,33.8981790812,33.9166790879,32.8190120193,32.8190120193,56229000,0.0,1.0
2000-02-09 00:00:00+00:00,104.0,109.44,103.87,109.44,27545000,32.0666784104,33.744012358,32.0265950624,33.744012358,55090000,0.0,1.0
2000-02-10 00:00:00+00:00,106.0,106.56,102.5,103.89,27263900,32.6833453029,32.8560120328,31.604178241,32.0327617313,54527800,0.0,1.0
2000-02-11 00:00:00+00:00,99.94,104.87,99.12,104.87,57779500,30.8148446186,32.3349285086,30.5620111927,32.3349285086,115559000,0.0,1.0
2000-02-14 00:00:00+00:00,99.62,101.75,99.06,101.23,40514300,30.7161779158,31.3729281563,30.5435111859,31.2125947643,81028600,0.0,1.0
2000-02-15 00:00:00+00:00,98.56,100.0,98.12,99.75,35513800,30.3893444628,30.8333446254,30.2536777464,30.7562612638,71027600,0.0,1.0
2000-02-16 00:00:00+00:00,97.62,100.19,97.12,99.25,32601300,30.0995110233,30.8919279802,29.9453443002,30.6020945407,65202600,0.0,1.0
2000-02-17 00:00:00+00:00,99.62,99.69,97.14,98.5,40171700,30.7161779158,30.7377612571,29.9515109691,30.370844456,80343400,0.0,1.0
2000-02-18 00:00:00+00:00,95.06,100.06,94.87,100.0,39531500,29.3101774009,30.8518446322,29.2515940461,30.8333446254,79063000,0.0,1.0
2000-02-22 00:00:00+00:00,93.81,97.12,92.81,95.12,33148100,28.9247605931,29.9453443002,28.6164271468,29.3286774077,66296200,0.0,1.0
2000-02-23 00:00:00+00:00,94.25,95.75,92.06,93.5,37923600,29.0604273094,29.5229274788,28.3851770621,28.8291772247,75847200,0.0,1.0
2000-02-24 00:00:00+00:00,94.75,95.87,92.0,94.25,34866600,29.2145940326,29.5599274924,28.3666770554,29.0604273094,69733200,0.0,1.0
2000-02-25 00:00:00+00:00,91.31,94.7,90.5,94.69,32650700,28.1539269774,29.1991773602,27.904176886,29.1960940258,65301400,0.0,1.0
2000-02-28 00:00:00+00:00,91.56,92.12,88.12,90.25,38065900,28.231010339,28.4036770689,27.1703432839,27.8270935244,76131800,0.0,1.0
2000-02-29 00:00:00+00:00,89.37,91.75,88.87,91.75,29218700,27.5557600917,28.2895936938,27.4015933686,28.2895936938,58437400,0.0,1.0
2000-03-01 00:00:00+00:00,90.81,94.09,88.94,89.62,53444900,27.9997602543,29.011093958,27.4231767098,27.6328434533,106889800,0.0,1.0
2000-03-02 00:00:00+00:00,93.37,95.37,91.12,91.81,53466300,28.7890938767,29.4057607692,28.0953436227,28.3080937006,106932600,0.0,1.0
2000-03-03 00:00:00+00:00,96.12,98.87,93.87,94.75,50717600,29.6370108539,30.4849278311,28.9432605999,29.2145940326,101435200,0.0,1.0
2000-03-06 00:00:00+00:00,90.62,97.37,90.12,96.0,46804700,27.9411768995,30.0224276617,27.7870101764,29.6000108404,93609400,0.0,1.0
2000-03-07 00:00:00+00:00,92.87,97.5,91.94,96.12,67530500,28.6349271536,30.0625110098,28.3481770486,29.6370108539,135061000,0.0,1.0
2000-03-08 00:00:00+00:00,95.56,96.19,91.0,93.81,47145000,29.464344124,29.6585941952,28.0583436091,28.9247605931,94290000,0.0,1.0
2000-03-09 00:00:00+00:00,100.0,100.0,95.0,95.31,44099400,30.8333446254,30.8333446254,29.2916773941,29.3872607625,88198800,0.0,1.0
2000-03-10 00:00:00+00:00,101.0,102.5,99.5,99.56,42794500,31.1416780716,31.604178241,30.6791779023,30.697677909,85589000,0.0,1.0
2000-03-13 00:00:00+00:00,98.0,100.25,97.5,97.62,30915900,30.2166777329,30.910427987,30.0625110098,30.0995110233,61831800,0.0,1.0
2000-03-14 00:00:00+00:00,95.12,99.25,95.12,98.62,36744600,29.3286774077,30.6020945407,29.3286774077,30.4078444696,73489200,0.0,1.0
2000-03-15 00:00:00+00:00,95.37,96.62,93.69,94.56,26604000,29.4057607692,29.7911775771,28.8877605795,29.1560106778,53208000,0.0,1.0
2000-03-16 00:00:00+00:00,95.37,96.69,93.25,95.94,38650400,29.4057607692,29.8127609183,28.7520938632,29.5815108336,77300800,0.0,1.0
2000-03-17 00:00:00+00:00,99.37,99.5,94.5,95.25,40580800,30.6390945542,30.6791779023,29.137510671,29.3687607557,81161600,0.0,1.0
2000-03-20 00:00:00+00:00,97.37,99.75,96.5,98.75,23886500,30.0224276617,30.7562612638,29.7541775635,30.4479278176,47773000,0.0,1.0
2000-03-21 00:00:00+00:00,102.75,103.12,96.5,96.75,40824400,31.6812616026,31.7953449777,29.7541775635,29.8312609251,81648800,0.0,1.0
2000-03-22 00:00:00+00:00,103.25,105.62,101.12,102.81,46987900,31.8354283257,32.5661785933,31.1786780852,31.6997616094,93975800,0.0,1.0
2000-03-23 00:00:00+00:00,111.87,112.87,106.62,106.81,74112000,34.4932626324,34.8015960787,32.8745120396,32.9330953944,148224000,0.0,1.0
2000-03-24 00:00:00+00:00,111.69,115.0,109.56,112.62,56098400,34.4377626121,35.4583463192,33.7810123716,34.7245127171,112196800,0.0,1.0
2000-03-27 00:00:00+00:00,104.06,108.25,103.94,107.77,55717000,32.0851784172,33.377095557,32.0481784036,33.2290955028,111434000,0.0,1.0
2000-03-28 00:00:00+00:00,104.31,107.44,102.37,103.62,40557200,32.1622617787,33.1273454655,31.564094893,31.9495117008,81114400,0.0,1.0
2000-03-29 00:00:00+00:00,107.19,108.94,105.12,105.19,32181900,33.050262104,33.5898456349,32.4120118702,32.4335952114,64363800,0.0,1.0
2000-03-30 00:00:00+00:00,103.37,108.62,102.5,106.19,32089200,31.8724283393,33.4911789321,31.604178241,32.7419286577,64178400,0.0,1.0
2000-03-31 00:00:00+00:00,106.25,108.25,104.12,106.0,32140700,32.7604286645,33.377095557,32.103678424,32.6833453029,64281400,0.0,1.0
2000-04-03 00:00:00+00:00,90.87,96.5,90.0,94.44,130059100,28.0182602611,29.7541775635,27.7500101629,29.1190106642,260118200,0.0,1.0
2000-04-04 00:00:00+00:00,88.56,92.0,84.94,91.56,90622200,27.3060100002,28.3666770554,26.1898429248,28.231010339,181244400,0.0,1.0
2000-04-05 00:00:00+00:00,86.37,88.5,85.87,88.25,41443800,26.6307597529,27.2875099935,26.4765930298,27.2104266319,82887600,0.0,1.0
2000-04-06 00:00:00+00:00,86.0,88.0,85.27,87.87,33210700,26.5166763778,27.1333432703,26.2915929621,27.0932599223,66421400,0.0,1.0
2000-04-07 00:00:00+00:00,89.06,89.37,85.0,87.0,41306800,27.4601767234,27.5557600917,26.2083429316,26.8250098241,82613600,0.0,1.0
2000-04-10 00:00:00+00:00,86.06,88.62,86.0,88.62,30342700,26.5351763846,27.324510007,26.5166763778,27.324510007,60685400,0.0,1.0
2000-04-11 00:00:00+00:00,83.87,86.06,83.5,85.12,35980900,25.8599261373,26.5351763846,25.7458427622,26.2453429451,71961800,0.0,1.0
2000-04-12 00:00:00+00:00,79.37,82.25,78.75,82.12,76501900,24.4724256292,25.3604259544,24.2812588925,25.3203426064,153003800,0.0,1.0
2000-04-13 00:00:00+00:00,79.25,82.25,79.0,80.87,47158100,24.4354256156,25.3604259544,24.3583422541,24.9349257986,94316200,0.0,1.0
2000-04-14 00:00:00+00:00,74.12,79.5,73.25,79.12,75608900,22.8536750363,24.5125089772,22.5854249381,24.3953422676,151217800,0.0,1.0
2000-04-17 00:00:00+00:00,75.87,76.0,73.0,74.25,59886100,23.3932585673,23.4333419153,22.5083415765,22.8937583844,119772200,0.0,1.0
2000-04-18 00:00:00+00:00,80.56,81.94,75.87,76.5,45897300,24.8393424302,25.264842586,23.3932585673,23.5875086384,91794600,0.0,1.0
2000-04-19 00:00:00+00:00,78.69,81.5,78.12,81.44,26857700,24.2627588857,25.1291758697,24.0870088214,25.1106758629,53715400,0.0,1.0
2000-04-20 00:00:00+00:00,78.94,79.87,77.5,78.62,26193700,24.3398422473,24.6265923523,23.8958420847,24.2411755445,52387400,0.0,1.0
2000-04-24 00:00:00+00:00,66.62,68.0,65.0,67.25,156822900,20.5411741894,20.9666743453,20.0416740065,20.7354242606,313645800,0.0,1.0
2000-04-25 00:00:00+00:00,69.37,69.5,67.62,68.75,79758700,21.3890911666,21.4291745146,20.8495076357,21.19792443,159517400,0.0,1.0
2000-04-26 00:00:00+00:00,68.0,71.12,67.37,70.0,53545600,20.9666743453,21.9286746976,20.7724242741,21.5833412378,107091200,0.0,1.0
2000-04-27 00:00:00+00:00,69.81,69.94,67.37,67.44,38834900,21.524757883,21.564841231,20.7724242741,20.7940076154,77669800,0.0,1.0
2000-04-28 00:00:00+00:00,69.75,71.0,68.25,70.75,39041300,21.5062578762,21.891674684,21.0437577068,21.8145913225,78082600,0.0,1.0
2000-05-01 00:00:00+00:00,73.44,74.0,71.69,72.87,53905500,22.6440082929,22.8166750228,22.1044247619,22.4682582285,107811000,0.0,1.0
2000-05-02 00:00:00+00:00,69.87,73.5,69.5,72.81,48858100,21.5432578898,22.6625082997,21.4291745146,22.4497582217,97716200,0.0,1.0
2000-05-03 00:00:00+00:00,70.56,70.81,68.81,70.37,27677400,21.7560079677,21.8330913292,21.2164244367,21.6974246129,55354800,0.0,1.0
2000-05-04 00:00:00+00:00,70.44,71.25,69.31,70.31,21658600,21.7190079541,21.9687580456,21.3705911599,21.6789246061,43317200,0.0,1.0
2000-05-05 00:00:00+00:00,71.12,71.81,69.87,70.25,18201100,21.9286746976,22.1414247755,21.5432578898,21.6604245993,36402200,0.0,1.0
2000-05-08 00:00:00+00:00,69.81,71.37,69.69,70.94,18093800,21.524757883,22.0057580591,21.4877578694,21.8731746773,36187600,0.0,1.0
2000-05-09 00:00:00+00:00,67.81,70.44,67.5,70.19,30389200,20.9080909905,21.7190079541,20.8125076221,21.6419245926,60778400,0.0,1.0
2000-05-10 00:00:00+00:00,66.19,67.87,65.75,67.75,33870000,20.4085908075,20.9265909973,20.2729240912,20.8895909837,67740000,0.0,1.0
2000-05-11 00:00:00+00:00,67.87,68.12,65.75,66.62,29195400,20.9265909973,21.0036743588,20.2729240912,20.5411741894,58390800,0.0,1.0
2000-05-12 00:00:00+00:00,68.81,69.75,68.25,68.44,18943000,21.2164244367,21.5062578762,21.0437577068,21.1023410616,37886000,0.0,1.0
2000-05-15 00:00:00+00:00,69.37,69.44,68.0,69.0,16949800,21.3890911666,21.4106745079,20.9666743453,21.2750077915,33899600,0.0,1.0
2000-05-16 00:00:00+00:00,69.5,70.62,69.06,69.56,24205300,21.4291745146,21.7745079744,21.2935077983,21.4476745214,48410600,0.0,1.0
2000-05-17 00:00:00+00:00,67.69,69.12,67.25,68.87,26621000,20.8710909769,21.3120078051,20.7354242606,21.2349244435,53242000,0.0,1.0
2000-05-18 00:00:00+00:00,66.19,68.06,65.87,68.06,26820200,20.4085908075,20.985174352,20.3099241047,20.985174352,53640400,0.0,1.0
2000-05-19 00:00:00+00:00,65.06,65.94,64.5,65.37,33289000,20.0601740133,20.331507446,19.8875072834,20.1557573816,66578000,0.0,1.0
2000-05-22 00:00:00+00:00,64.19,65.25,62.44,65.12,34977500,19.791923915,20.1187573681,19.2523403841,20.0786740201,69955000,0.0,1.0
2000-05-23 00:00:00+00:00,63.19,65.56,63.06,63.88,28981600,19.4835904688,20.2143407364,19.4435071208,19.6963405467,57963200,0.0,1.0
2000-05-24 00:00:00+00:00,65.56,66.56,63.0,63.13,42741200,20.2143407364,20.5226741827,19.425007114,19.465090462,85482400,0.0,1.0
2000-05-25 00:00:00+00:00,61.5,64.75,61.13,64.56,47174400,18.9625069446,19.9645906449,18.8484235695,19.9060072902,94348800,0.0,1.0
2000-05-26 00:00:00+00:00,61.44,62.63,60.38,62.06,27911000,18.9440069378,19.3109237389,18.6171734848,19.1351736745,55822000,0.0,1.0
2000-05-30 00:00:00+00:00,63.38,64.12,62.0,62.44,34268200,19.5421738236,19.7703405738,19.1166736677,19.2523403841,68536400,0.0,1.0
2000-05-31 00:00:00+00:00,62.56,63.7,62.06,63.64,27484100,19.2893403976,19.6408405264,19.1351736745,19.6223405196,54968200,0.0,1.0
2000-06-01 00:00:00+00:00,64.56,66.0,63.81,64.37,47253600,19.9060072902,20.3500074528,19.6747572055,19.8474239354,94507200,0.0,1.0
2000-06-02 00:00:00+00:00,66.31,66.75,65.0,66.0,40231600,20.4455908211,20.5812575374,20.0416740065,20.3500074528,80463200,0.0,1.0
2000-06-05 00:00:00+00:00,66.87,68.37,66.0,66.02,32200000,20.618257551,21.0807577204,20.3500074528,20.3561741217,64400000,0.0,1.0
2000-06-06 00:00:00+00:00,69.62,69.87,67.81,68.19,49509500,21.4661745282,21.5432578898,20.9080909905,21.0252577001,99019000,0.0,1.0
2000-06-07 00:00:00+00:00,70.5,70.75,67.12,69.25,38155300,21.7375079609,21.8145913225,20.6953409126,21.3520911531,76310600,0.0,1.0
2000-06-08 00:00:00+00:00,68.81,72.12,68.25,71.56,47382800,21.2164244367,22.2370081438,21.0437577068,22.0643414139,94765600,0.0,1.0
2000-06-09 00:00:00+00:00,68.81,69.69,68.31,69.62,17855100,21.2164244367,21.4877578694,21.0622577136,21.4661745282,35710200,0.0,1.0
2000-06-12 00:00:00+00:00,66.87,69.0,66.37,69.0,24630300,20.618257551,21.2750077915,20.4640908279,21.2750077915,49260600,0.0,1.0
2000-06-13 00:00:00+00:00,67.87,68.0,66.12,66.75,22144600,20.9265909973,20.9666743453,20.3870074663,20.5812575374,44289200,0.0,1.0
2000-06-14 00:00:00+00:00,70.5,71.0,69.5,69.81,39996200,21.7375079609,21.891674684,21.4291745146,21.524757883,79992400,0.0,1.0
2000-06-15 00:00:00+00:00,72.37,72.69,70.62,70.81,32796300,22.3140915054,22.4127582082,21.7745079744,21.8330913292,65592600,0.0,1.0
2000-06-16 00:00:00+00:00,72.56,73.12,71.5,72.62,34355300,22.3726748602,22.5453415901,22.0458414072,22.391174867,68710600,0.0,1.0
2000-06-19 00:00:00+00:00,73.69,73.81,72.0,72.56,23302400,22.7210916544,22.758091668,22.2000081303,22.3726748602,46604800,0.0,1.0
2000-06-20 00:00:00+00:00,74.94,75.25,73.75,73.87,31137500,23.1065084623,23.2020918306,22.7395916612,22.7765916748,62275000,0.0,1.0
2000-06-21 00:00:00+00:00,80.69,82.19,76.94,77.0,80199800,24.8794257782,25.3419259476,23.7231753548,23.7416753615,160399600,0.0,1.0
2000-06-22 00:00:00+00:00,79.87,82.0,79.31,81.37,43657600,24.6265923523,25.2833425928,24.4539256224,25.0890925217,87315200,0.0,1.0
2000-06-23 00:00:00+00:00,77.69,80.06,77.0,79.94,24905800,23.9544254395,24.6851757071,23.7416753615,24.6481756935,49811600,0.0,1.0
2000-06-26 00:00:00+00:00,79.5,80.12,77.5,77.5,24143500,24.5125089772,24.7036757139,23.8958420847,23.8958420847,48287000,0.0,1.0
2000-06-27 00:00:00+00:00,78.81,80.12,78.37,79.25,15535600,24.2997588993,24.7036757139,24.1640921829,24.4354256156,31071200,0.0,1.0
2000-06-28 00:00:00+00:00,78.94,80.06,78.62,79.0,18729600,24.3398422473,24.6851757071,24.2411755445,24.3583422541,37459200,0.0,1.0
2000-06-29 00:00:00+00:00,77.19,78.94,77.06,78.25,19224500,23.8002587163,24.3398422473,23.7601753683,24.1270921694,38449000,0.0,1.0
2000-06-30 00:00:00+00:00,80.0,80.0,76.69,77.06,26178200,24.6666757003,24.6666757003,23.6460919932,23.7601753683,52356400,0.0,1.0
2000-07-03 00:00:00+00:00,80.0,80.06,79.37,79.69,7867400,24.6666757003,24.6851757071,24.4724256292,24.571092332,15734800,0.0,1.0
2000-07-05 00:00:00+00:00,78.5,79.87,78.25,79.87,17412200,24.2041755309,24.6265923523,24.1270921694,24.6265923523,34824400,0.0,1.0
2000-07-06 00:00:00+00:00,80.94,81.69,78.5,78.87,23936600,24.9565091398,25.1877592245,24.2041755309,24.318258906,47873200,0.0,1.0
2000-07-07 00:00:00+00:00,82.0,82.87,80.56,81.27,27076600,25.2833425928,25.5515926911,24.8393424302,25.0582591771,54153200,0.0,1.0
2000-07-10 00:00:00+00:00,79.44,81.31,79.37,80.69,26344900,24.4940089704,25.0705925149,24.4724256292,24.8794257782,52689800,0.0,1.0
2000-07-11 00:00:00+00:00,79.12,80.5,78.5,78.81,18582400,24.3953422676,24.8208424234,24.2041755309,24.2997588993,37164800,0.0,1.0
2000-07-12 00:00:00+00:00,80.31,81.0,77.19,78.25,29185100,24.7622590686,24.9750091466,23.8002587163,24.1270921694,58370200,0.0,1.0
2000-07-13 00:00:00+00:00,79.94,80.0,77.37,78.81,40421600,24.6481756935,24.6666757003,23.8557587367,24.2997588993,80843200,0.0,1.0
2000-07-14 00:00:00+00:00,78.94,79.75,78.44,79.5,25590300,24.3398422473,24.5895923387,24.1856755242,24.5125089772,51180600,0.0,1.0
2000-07-17 00:00:00+00:00,78.19,79.56,77.5,78.25,26996400,24.1085921626,24.531008984,23.8958420847,24.1270921694,53992800,0.0,1.0
2000-07-18 00:00:00+00:00,78.5,79.5,77.44,77.62,35308600,24.2041755309,24.5125089772,23.8773420779,23.9328420982,70617200,0.0,1.0
2000-07-19 00:00:00+00:00,73.12,77.5,72.81,76.06,69962300,22.5453415901,23.8958420847,22.4497582217,23.4518419221,139924600,0.0,1.0
2000-07-20 00:00:00+00:00,74.81,75.25,73.12,73.44,27345300,23.0664251143,23.2020918306,22.5453415901,22.6440082929,54690600,0.0,1.0
2000-07-21 00:00:00+00:00,72.31,75.0,71.87,74.75,28050300,22.2955914986,23.125008469,22.1599247823,23.0479251075,56100600,0.0,1.0
2000-07-24 00:00:00+00:00,70.56,72.12,70.0,72.06,28082800,21.7560079677,22.2370081438,21.5833412378,22.2185081371,56165600,0.0,1.0
2000-07-25 00:00:00+00:00,69.0,71.0,68.37,70.81,32094300,21.2750077915,21.891674684,21.0807577204,21.8330913292,64188600,0.0,1.0
2000-07-26 00:00:00+00:00,67.81,69.5,67.25,69.06,42702300,20.9080909905,21.4291745146,20.7354242606,21.2935077983,85404600,0.0,1.0
2000-07-27 00:00:00+00:00,69.37,70.12,67.5,67.87,37168800,21.3890911666,21.6203412513,20.8125076221,20.9265909973,74337600,0.0,1.0
2000-07-28 00:00:00+00:00,69.69,71.81,69.62,70.94,37822800,21.4877578694,22.1414247755,21.4661745282,21.8731746773,75645600,0.0,1.0
2000-07-31 00:00:00+00:00,69.81,71.12,69.25,70.19,35141900,21.524757883,21.9286746976,21.3520911531,21.6419245926,70283800,0.0,1.0
2000-08-01 00:00:00+00:00,68.69,70.06,68.19,69.94,23581800,21.1794244232,21.6018412445,21.0252577001,21.564841231,47163600,0.0,1.0
2000-08-02 00:00:00+00:00,69.37,70.44,68.5,68.56,24134600,21.3890911666,21.7190079541,21.1208410684,21.1393410752,48269200,0.0,1.0
2000-08-03 00:00:00+00:00,70.25,70.37,68.12,68.19,27271700,21.6604245993,21.6974246129,21.0036743588,21.0252577001,54543400,0.0,1.0
2000-08-04 00:00:00+00:00,69.12,69.87,68.19,69.44,19053700,21.3120078051,21.5432578898,21.0252577001,21.4106745079,38107400,0.0,1.0
2000-08-07 00:00:00+00:00,70.0,71.12,69.75,70.19,26370900,21.5833412378,21.9286746976,21.5062578762,21.6419245926,52741800,0.0,1.0
2000-08-08 00:00:00+00:00,74.12,74.69,70.0,70.06,69019400,22.8536750363,23.0294251007,21.5833412378,21.6018412445,138038800,0.0,1.0
2000-08-09 00:00:00+00:00,74.25,74.87,73.12,73.75,31972800,22.8937583844,23.084925121,22.5453415901,22.7395916612,63945600,0.0,1.0
2000-08-10 00:00:00+00:00,72.62,74.06,71.75,73.81,24493000,22.391174867,22.8351750296,22.1229247687,22.758091668,48986000,0.0,1.0
2000-08-11 00:00:00+00:00,72.44,72.69,71.62,72.44,17814800,22.3356748466,22.4127582082,22.0828414207,22.3356748466,35629600,0.0,1.0
2000-08-14 00:00:00+00:00,72.19,73.37,71.37,72.31,26713500,22.2585914851,22.6224249516,22.0057580591,22.2955914986,53427000,0.0,1.0
2000-08-15 00:00:00+00:00,71.62,73.0,71.5,72.0,20357100,22.0828414207,22.5083415765,22.0458414072,22.2000081303,40714200,0.0,1.0
2000-08-16 00:00:00+00:00,71.0,72.25,70.56,71.87,22488100,21.891674684,22.2770914918,21.7560079677,22.1599247823,44976200,0.0,1.0
2000-08-17 00:00:00+00:00,71.56,72.0,70.56,71.12,18056400,22.0643414139,22.2000081303,21.7560079677,21.9286746976,36112800,0.0,1.0
2000-08-18 00:00:00+00:00,71.0,71.44,70.0,71.12,27219400,21.891674684,22.0273414004,21.5833412378,21.9286746976,54438800,0.0,1.0
2000-08-21 00:00:00+00:00,70.62,70.81,70.06,70.69,17059800,21.7745079744,21.8330913292,21.6018412445,21.7960913157,34119600,0.0,1.0
2000-08-22 00:00:00+00:00,71.25,72.44,70.22,70.81,27214100,21.9687580456,22.3356748466,21.6511745959,21.8330913292,54428200,0.0,1.0
2000-08-23 00:00:00+00:00,70.75,71.12,70.37,70.81,18363400,21.8145913225,21.9286746976,21.6974246129,21.8330913292,36726800,0.0,1.0
2000-08-24 00:00:00+00:00,71.12,71.19,69.94,70.62,21202700,21.9286746976,21.9502580388,21.564841231,21.7745079744,42405400,0.0,1.0
2000-08-25 00:00:00+00:00,70.62,71.69,70.56,70.69,26364700,21.7745079744,22.1044247619,21.7560079677,21.7960913157,52729400,0.0,1.0
2000-08-28 00:00:00+00:00,71.31,72.12,70.12,70.19,28210800,21.9872580524,22.2370081438,21.6203412513,21.6419245926,56421600,0.0,1.0
2000-08-29 00:00:00+00:00,70.94,72.75,70.87,71.19,29700100,21.8731746773,22.431258215,21.851591336,21.9502580388,59400200,0.0,1.0
2000-08-30 00:00:00+00:00,70.0,70.94,69.69,70.69,26749400,21.5833412378,21.8731746773,21.4877578694,21.7960913157,53498800,0.0,1.0
2000-08-31 00:00:00+00:00,69.81,72.0,69.69,70.87,36287700,21.524757883,22.2000081303,21.4877578694,21.851591336,72575400,0.0,1.0
2000-09-01 00:00:00+00:00,70.19,70.62,69.69,70.0,18814900,21.6419245926,21.7745079744,21.4877578694,21.5833412378,37629800,0.0,1.0
2000-09-05 00:00:00+00:00,70.12,70.69,69.81,70.0,25377600,21.6203412513,21.7960913157,21.524757883,21.5833412378,50755200,0.0,1.0
2000-09-06 00:00:00+00:00,69.44,70.69,69.31,70.06,31480400,21.4106745079,21.7960913157,21.3705911599,21.6018412445,62960800,0.0,1.0
2000-09-07 00:00:00+00:00,70.06,72.06,69.44,70.0,55855600,21.6018412445,22.2185081371,21.4106745079,21.5833412378,111711200,0.0,1.0
2000-09-08 00:00:00+00:00,69.31,70.87,69.19,70.37,28354800,21.3705911599,21.851591336,21.3335911463,21.6974246129,56709600,0.0,1.0
2000-09-11 00:00:00+00:00,68.81,69.69,68.06,69.12,24247600,21.2164244367,21.4877578694,20.985174352,21.3120078051,48495200,0.0,1.0
2000-09-12 00:00:00+00:00,68.12,69.31,67.62,68.75,23390600,21.0036743588,21.3705911599,20.8495076357,21.19792443,46781200,0.0,1.0
2000-09-13 00:00:00+00:00,68.25,68.75,67.19,67.56,20372400,21.0437577068,21.19792443,20.7169242538,20.8310076289,40744800,0.0,1.0
2000-09-14 00:00:00+00:00,65.81,68.75,65.69,68.69,39251500,20.291424098,21.19792443,20.2544240844,21.1794244232,78503000,0.0,1.0
2000-09-15 00:00:00+00:00,64.19,65.62,63.31,65.44,49957600,19.791923915,20.2328407432,19.5205904823,20.1773407229,99915200,0.0,1.0
2000-09-18 00:00:00+00:00,63.0,64.62,62.19,64.25,34518900,19.425007114,19.9245072969,19.1752570225,19.8104239218,69037800,0.0,1.0
2000-09-19 00:00:00+00:00,65.0,65.75,63.38,63.63,39655600,20.0416740065,20.2729240912,19.5421738236,19.6192571851,79311200,0.0,1.0
2000-09-20 00:00:00+00:00,64.25,65.0,63.19,64.87,33895700,19.8104239218,20.0416740065,19.4835904688,20.0015906585,67791400,0.0,1.0
2000-09-21 00:00:00+00:00,64.19,65.12,63.56,64.0,24476100,19.791923915,20.0786740201,19.5976738439,19.7333405602,48952200,0.0,1.0
2000-09-22 00:00:00+00:00,63.25,63.5,61.0,61.13,42238300,19.5020904756,19.5791738371,18.8083402215,18.8484235695,84476600,0.0,1.0
2000-09-25 00:00:00+00:00,61.25,63.5,60.44,63.25,26742100,18.8854235831,19.5791738371,18.6356734916,19.5020904756,53484200,0.0,1.0
2000-09-26 00:00:00+00:00,62.69,65.87,60.44,60.94,77852400,19.3294237457,20.3099241047,18.6356734916,18.7898402147,155704800,0.0,1.0
2000-09-27 00:00:00+00:00,60.63,63.56,59.81,63.44,53077800,18.6942568464,19.5976738439,18.4414234204,19.5606738303,106155600,0.0,1.0
2000-09-28 00:00:00+00:00,61.31,61.88,60.63,60.81,26180200,18.9039235898,19.0796736542,18.6942568464,18.7497568667,52360400,0.0,1.0
2000-09-29 00:00:00+00:00,60.31,61.31,58.63,61.0,37026800,18.5955901436,18.9039235898,18.0775899539,18.8083402215,74053600,0.0,1.0
2000-10-02 00:00:00+00:00,59.13,60.81,58.25,60.5,29281200,18.231756677,18.7497568667,17.9604232443,18.6541734984,58562400,0.0,1.0
2000-10-03 00:00:00+00:00,56.56,59.81,56.5,59.56,42687000,17.4393397201,18.4414234204,17.4208397133,18.3643400589,85374000,0.0,1.0
2000-10-04 00:00:00+00:00,55.44,56.56,54.5,56.38,68226700,17.0940062603,17.4393397201,16.8041728208,17.3838396998,136453400,0.0,1.0
2000-10-05 00:00:00+00:00,55.38,57.25,55.25,55.5,40549700,17.0755062535,17.652089798,17.0354229055,17.1125062671,81099400,0.0,1.0
2000-10-06 00:00:00+00:00,55.56,56.75,54.75,55.81,30897000,17.1310062739,17.4979230749,16.8812561824,17.2080896354,61794000,0.0,1.0
2000-10-09 00:00:00+00:00,54.19,55.75,53.0,55.63,29161800,16.7085894525,17.1895896287,16.3416726515,17.1525896151,58323600,0.0,1.0
2000-10-10 00:00:00+00:00,54.56,55.56,53.81,53.94,31033100,16.8226728276,17.1310062739,16.5914227429,16.6315060909,62066200,0.0,1.0
2000-10-11 00:00:00+00:00,55.75,56.94,54.0,54.0,50602900,17.1895896287,17.5565064297,16.6500060977,16.6500060977,101205800,0.0,1.0
2000-10-12 00:00:00+00:00,54.38,56.88,53.81,56.31,45109800,16.7671728073,17.5380064229,16.5914227429,17.3622563586,90219600,0.0,1.0
2000-10-13 00:00:00+00:00,53.75,54.88,52.13,53.88,52260600,16.5729227361,16.9213395304,16.0734225532,16.6130060842,104521200,0.0,1.0
2000-10-16 00:00:00+00:00,50.38,53.81,49.56,53.5,59879500,15.5338390223,16.5914227429,15.2810055963,16.4958393746,119759000,0.0,1.0
2000-10-17 00:00:00+00:00,50.44,52.44,50.25,51.88,40638300,15.552339029,16.1690059216,15.4937556743,15.9963391917,81276600,0.0,1.0
2000-10-18 00:00:00+00:00,51.75,53.25,48.44,49.63,55268200,15.9562558436,16.418756013,14.9356721365,15.3025889376,110536400,0.0,1.0
2000-10-19 00:00:00+00:00,61.88,62.19,58.0,58.44,128496600,19.0796736542,19.1752570225,17.8833398827,18.0190065991,256993200,0.0,1.0
2000-10-20 00:00:00+00:00,65.19,66.12,61.13,61.31,80189300,20.1002573613,20.3870074663,18.8484235695,18.9039235898,160378600,0.0,1.0
2000-10-23 00:00:00+00:00,62.13,66.25,60.69,64.62,92585200,19.1567570158,20.4270908143,18.7127568531,19.9245072969,185170400,0.0,1.0
2000-10-24 00:00:00+00:00,61.5,62.94,60.19,62.63,47213700,18.9625069446,19.4065071072,18.55859013,19.3109237389,94427400,0.0,1.0
2000-10-25 00:00:00+00:00,61.25,63.44,60.44,61.94,83801900,18.8854235831,19.5606738303,18.6356734916,19.098173661,167603800,0.0,1.0
2000-10-26 00:00:00+00:00,64.44,65.06,60.81,61.0,57413300,19.8690072766,20.0601740133,18.7497568667,18.8083402215,114826600,0.0,1.0
2000-10-27 00:00:00+00:00,67.69,69.19,64.62,64.69,62146200,20.8710909769,21.3335911463,19.9245072969,19.9460906382,124292400,0.0,1.0
2000-10-30 00:00:00+00:00,69.06,70.12,67.37,67.5,55028800,21.2935077983,21.6203412513,20.7724242741,20.8125076221,110057600,0.0,1.0
2000-10-31 00:00:00+00:00,68.87,69.5,68.0,69.0,52237000,21.2349244435,21.4291745146,20.9666743453,21.2750077915,104474000,0.0,1.0
2000-11-01 00:00:00+00:00,69.62,70.06,68.44,68.5,40654700,21.4661745282,21.6018412445,21.1023410616,21.1208410684,81309400,0.0,1.0
2000-11-02 00:00:00+00:00,70.31,70.84,69.62,70.37,38992600,21.6789246061,21.8423413326,21.4661745282,21.6974246129,77985200,0.0,1.0
2000-11-03 00:00:00+00:00,68.25,69.62,68.06,69.25,34355500,21.0437577068,21.4661745282,20.985174352,21.3520911531,68711000,0.0,1.0
2000-11-06 00:00:00+00:00,69.5,70.12,68.25,68.69,37425700,21.4291745146,21.6203412513,21.0437577068,21.1794244232,74851400,0.0,1.0
2000-11-07 00:00:00+00:00,70.5,71.87,69.5,69.75,52165600,21.7375079609,22.1599247823,21.4291745146,21.5062578762,104331200,0.0,1.0
2000-11-08 00:00:00+00:00,69.44,72.37,68.0,71.12,103074700,21.4106745079,22.3140915054,20.9666743453,21.9286746976,206149400,0.0,1.0
2000-11-09 00:00:00+00:00,70.87,71.31,68.44,68.5,45529300,21.851591336,21.9872580524,21.1023410616,21.1208410684,91058600,0.0,1.0
2000-11-10 00:00:00+00:00,67.37,70.31,66.81,69.94,46872200,20.7724242741,21.6789246061,20.5997575442,21.564841231,93744400,0.0,1.0
2000-11-13 00:00:00+00:00,66.44,68.12,64.41,66.69,41682400,20.4856741691,21.0036743588,19.8597572732,20.5627575307,83364800,0.0,1.0
2000-11-14 00:00:00+00:00,68.81,69.81,67.31,68.0,42109300,21.2164244367,21.524757883,20.7539242673,20.9666743453,84218600,0.0,1.0
2000-11-15 00:00:00+00:00,70.06,70.87,68.69,69.06,30211100,21.6018412445,21.851591336,21.1794244232,21.2935077983,60422200,0.0,1.0
2000-11-16 00:00:00+00:00,68.94,71.5,68.94,69.44,46064300,21.2565077847,22.0458414072,21.2565077847,21.4106745079,92128600,0.0,1.0
2000-11-17 00:00:00+00:00,69.06,70.0,67.8,69.44,53262800,21.2935077983,21.5833412378,20.905007656,21.4106745079,106525600,0.0,1.0
2000-11-20 00:00:00+00:00,67.19,68.5,65.56,68.12,40078600,20.7169242538,21.1208410684,20.2143407364,21.0036743588,80157200,0.0,1.0
2000-11-21 00:00:00+00:00,67.75,69.25,67.37,67.37,29743800,20.8895909837,21.3520911531,20.7724242741,20.7724242741,59487600,0.0,1.0
2000-11-22 00:00:00+00:00,68.25,69.5,66.0,66.06,38171600,21.0437577068,21.4291745146,20.3500074528,20.3685074595,76343200,0.0,1.0
2000-11-24 00:00:00+00:00,69.94,70.44,68.5,69.0,17219600,21.564841231,21.7190079541,21.1208410684,21.2750077915,34439200,0.0,1.0
2000-11-27 00:00:00+00:00,70.69,72.25,70.62,71.44,42653800,21.7960913157,22.2770914918,21.7745079744,22.0273414004,85307600,0.0,1.0
2000-11-28 00:00:00+00:00,67.0,69.75,66.81,69.37,63723100,20.658340899,21.5062578762,20.5997575442,21.3890911666,127446200,0.0,1.0
2000-11-29 00:00:00+00:00,65.06,67.12,63.25,66.81,49140200,20.0601740133,20.6953409126,19.5020904756,20.5997575442,98280400,0.0,1.0
2000-11-30 00:00:00+00:00,57.38,62.06,57.0,62.0,98600400,17.692173146,19.1351736745,17.5750064365,19.1166736677,197200800,0.0,1.0
2000-12-01 00:00:00+00:00,56.63,60.63,56.06,58.06,54904900,17.4609230614,18.6942568464,17.285172997,17.9018398895,109809800,0.0,1.0
2000-12-04 00:00:00+00:00,56.44,59.0,55.19,57.25,40203600,17.4023397066,18.191673329,17.0169228988,17.652089798,80407200,0.0,1.0
2000-12-05 00:00:00+00:00,59.88,60.5,58.25,59.19,50867200,18.4630067617,18.6541734984,17.9604232443,18.2502566838,101734400,0.0,1.0
2000-12-06 00:00:00+00:00,56.69,60.06,56.06,60.0,45280400,17.4794230681,18.518506782,17.285172997,18.5000067752,90560800,0.0,1.0
2000-12-07 00:00:00+00:00,53.13,54.0,52.25,53.44,72654200,16.3817559995,16.6500060977,16.1104225668,16.4773393678,145308400,0.0,1.0
2000-12-08 00:00:00+00:00,54.44,55.88,53.44,54.63,60469900,16.7856728141,17.2296729767,16.4773393678,16.8442561688,120939800,0.0,1.0
2000-12-11 00:00:00+00:00,58.06,58.75,55.0,55.5,47788100,17.9018398895,18.1145899674,16.958339544,17.1125062671,95576200,0.0,1.0
2000-12-12 00:00:00+00:00,58.38,60.0,56.75,57.81,31553000,18.0005065923,18.5000067752,17.4979230749,17.8247565279,63106000,0.0,1.0
2000-12-13 00:00:00+00:00,57.25,60.5,56.81,60.5,49180200,17.652089798,18.6541734984,17.5164230817,18.6541734984,98360400,0.0,1.0
2000-12-14 00:00:00+00:00,55.5,58.73,55.38,57.94,35600700,17.1125062671,18.1084232985,17.0755062535,17.864839876,71201400,0.0,1.0
2000-12-15 00:00:00+00:00,49.19,52.0,47.75,51.05,58449900,15.1669222212,16.0333392052,14.7229220586,15.7404224313,116899800,0.0,1.0
2000-12-18 00:00:00+00:00,47.81,50.0,47.0,49.0,53593700,14.7414220654,15.4166723127,14.4916719739,15.1083388664,107187400,0.0,1.0
2000-12-19 00:00:00+00:00,44.81,48.0,44.5,47.44,60135900,13.8164217266,14.8000054202,13.7208383583,14.6273386903,120271800,0.0,1.0
2000-12-20 00:00:00+00:00,41.5,44.0,41.38,42.81,74518900,12.7958380195,13.5666716352,12.758838006,13.1997548341,149037800,0.0,1.0
2000-12-21 00:00:00+00:00,43.44,45.13,40.31,40.75,81586500,13.3940049053,13.9150884294,12.4289212185,12.5645879348,163173000,0.0,1.0
2000-12-22 00:00:00+00:00,46.44,47.13,44.75,44.75,54775900,14.319005244,14.5317553219,13.7979217199,13.7979217199,109551800,0.0,1.0
2000-12-26 00:00:00+00:00,46.88,48.56,45.88,46.88,33470800,14.4546719604,14.9726721501,14.1463385141,14.4546719604,66941600,0.0,1.0
2000-12-27 00:00:00+00:00,46.44,46.81,45.0,46.13,34501900,14.319005244,14.4330886191,13.8750050814,14.2234218757,69003800,0.0,1.0
2000-12-28 00:00:00+00:00,44.56,46.25,43.88,45.13,38809600,13.7393383651,14.2604218892,13.5296716216,13.9150884294,77619200,0.0,1.0
2000-12-29 00:00:00+00:00,43.38,45.81,43.0,43.94,49988800,13.3755048985,14.1247551729,13.2583381889,13.5481716284,99977600,0.0,1.0
2001-01-02 00:00:00+00:00,43.38,45.0,42.88,44.13,41206600,13.3755048985,13.8750050814,13.2213381754,13.6067549832,82413200,0.0,1.0
2001-01-03 00:00:00+00:00,47.94,48.88,43.13,43.19,67981100,14.7815054134,15.0713388529,13.2984215369,13.3169215437,135962200,0.0,1.0
2001-01-04 00:00:00+00:00,48.44,50.5,46.88,47.81,56198500,14.9356721365,15.5708390358,14.4546719604,14.7414220654,112397000,0.0,1.0
2001-01-05 00:00:00+00:00,49.13,49.88,47.56,48.5,46707300,15.1484222145,15.3796722991,14.6643387038,14.9541721433,93414600,0.0,1.0
2001-01-08 00:00:00+00:00,48.94,49.75,46.69,48.94,39908800,15.0898388597,15.3395889511,14.3960886056,15.0898388597,79817600,0.0,1.0
2001-01-09 00:00:00+00:00,51.81,52.63,49.75,50.0,57482700,15.9747558504,16.2275892763,15.3395889511,15.4166723127,114965400,0.0,1.0
2001-01-10 00:00:00+00:00,52.88,53.81,50.75,51.0,45115100,16.3046726379,16.5914227429,15.6479223974,15.7250057589,90230200,0.0,1.0
2001-01-11 00:00:00+00:00,55.0,55.75,52.31,53.0,50927400,16.958339544,17.1895896287,16.1289225735,16.3416726515,101854800,0.0,1.0
2001-01-12 00:00:00+00:00,53.5,55.0,52.5,54.88,36856000,16.4958393746,16.958339544,16.1875059283,16.9213395304,73712000,0.0,1.0
2001-01-16 00:00:00+00:00,52.56,53.5,51.13,53.38,34231200,16.2060059351,16.4958393746,15.765089107,16.458839361,68462400,0.0,1.0
2001-01-17 00:00:00+00:00,52.94,54.88,52.56,53.63,36422100,16.3231726447,16.9213395304,16.2060059351,16.5359227226,72844200,0.0,1.0
2001-01-18 00:00:00+00:00,55.5,56.19,52.63,53.69,54894400,17.1125062671,17.325256345,16.2275892763,16.5544227294,109788800,0.0,1.0
2001-01-19 00:00:00+00:00,61.0,61.44,58.88,60.0,104674400,18.8083402215,18.9440069378,18.1546733154,18.5000067752,209348800,0.0,1.0
2001-01-22 00:00:00+00:00,60.13,61.0,59.0,60.75,38336500,18.5400901232,18.8083402215,18.191673329,18.7312568599,76673000,0.0,1.0
2001-01-23 00:00:00+00:00,60.56,60.94,58.94,59.75,35147600,18.6726735051,18.7898402147,18.1731733222,18.4229234137,70295200,0.0,1.0
2001-01-24 00:00:00+00:00,62.94,63.44,60.75,61.0,55227500,19.4065071072,19.5606738303,18.7312568599,18.8083402215,110455000,0.0,1.0
2001-01-25 00:00:00+00:00,61.81,64.0,61.56,62.75,42828700,19.058090313,19.7333405602,18.9810069514,19.3479237524,85657400,0.0,1.0
2001-01-26 00:00:00+00:00,64.0,64.31,61.0,61.0,46540000,19.7333405602,19.8289239286,18.8083402215,18.8083402215,93080000,0.0,1.0
2001-01-29 00:00:00+00:00,64.5,64.62,63.5,63.56,42491900,19.8875072834,19.9245072969,19.5791738371,19.5976738439,84983800,0.0,1.0
2001-01-30 00:00:00+00:00,63.38,64.75,62.88,64.5,28638400,19.5421738236,19.9645906449,19.3880071004,19.8875072834,57276800,0.0,1.0
2001-01-31 00:00:00+00:00,61.06,63.75,61.0,63.0,40949400,18.8268402283,19.6562571987,18.8083402215,19.425007114,81898800,0.0,1.0
2001-02-01 00:00:00+00:00,62.38,62.63,60.38,60.81,35896400,19.2338403773,19.3109237389,18.6171734848,18.7497568667,71792800,0.0,1.0
2001-02-02 00:00:00+00:00,60.81,63.38,60.75,62.5,35550000,18.7497568667,19.5421738236,18.7312568599,19.2708403909,71100000,0.0,1.0
2001-02-05 00:00:00+00:00,61.94,62.06,60.25,60.75,25699600,19.098173661,19.1351736745,18.5770901368,18.7312568599,51399200,0.0,1.0
2001-02-06 00:00:00+00:00,62.56,63.81,61.69,62.06,48221000,19.2893403976,19.6747572055,19.0210902994,19.1351736745,96442000,0.0,1.0
2001-02-07 00:00:00+00:00,64.69,65.06,61.81,62.0,63030900,19.9460906382,20.0601740133,19.058090313,19.1166736677,126061800,0.0,1.0
2001-02-08 00:00:00+00:00,62.25,64.5,62.0,63.75,44020600,19.1937570293,19.8875072834,19.1166736677,19.6562571987,88041200,0.0,1.0
2001-02-09 00:00:00+00:00,59.13,61.56,58.5,61.31,50287600,18.231756677,18.9810069514,18.0375066059,18.9039235898,100575200,0.0,1.0
2001-02-12 00:00:00+00:00,58.75,59.44,57.19,58.81,35644700,18.1145899674,18.3273400453,17.6335897913,18.1330899742,71289400,0.0,1.0
2001-02-13 00:00:00+00:00,58.19,61.06,58.13,59.63,38035300,17.9419232375,18.8268402283,17.9234232307,18.3859234001,76070600,0.0,1.0
2001-02-14 00:00:00+00:00,58.38,59.0,56.38,57.63,30864200,18.0005065923,18.191673329,17.3838396998,17.7692565076,61728400,0.0,1.0
2001-02-15 00:00:00+00:00,58.81,60.19,57.88,59.0,32813900,18.1330899742,18.55859013,17.8463398692,18.191673329,65627800,0.0,1.0
2001-02-16 00:00:00+00:00,57.31,58.25,56.13,57.0,33479200,17.6705898048,17.9604232443,17.3067563382,17.5750064365,66958400,0.0,1.0
2001-02-20 00:00:00+00:00,55.88,58.25,55.38,57.38,30365400,17.2296729767,17.9604232443,17.0755062535,17.692173146,60730800,0.0,1.0
2001-02-21 00:00:00+00:00,56.25,58.06,55.19,55.25,31973600,17.3437563518,17.9018398895,17.0169228988,17.0354229055,63947200,0.0,1.0
2001-02-22 00:00:00+00:00,55.19,56.81,53.88,56.31,50408200,17.0169228988,17.5164230817,16.6130060842,17.3622563586,100816400,0.0,1.0
2001-02-23 00:00:00+00:00,56.75,57.5,54.31,54.44,46310300,17.4979230749,17.7291731596,16.745589466,16.7856728141,92620600,0.0,1.0
2001-02-26 00:00:00+00:00,59.56,59.94,57.38,57.63,43968400,18.3643400589,18.4815067685,17.692173146,17.7692565076,87936800,0.0,1.0
2001-02-27 00:00:00+00:00,59.38,61.19,58.67,59.38,49574300,18.3088400386,18.8669235763,18.0899232917,18.3088400386,99148600,0.0,1.0
2001-02-28 00:00:00+00:00,59.0,60.08,58.19,59.56,42304200,18.191673329,18.5246734509,17.9419232375,18.3643400589,84608400,0.0,1.0
2001-03-01 00:00:00+00:00,59.36,59.5,56.25,58.56,40890800,18.3026733696,18.3458400521,17.3437563518,18.0560066126,81781600,0.0,1.0
2001-03-02 00:00:00+00:00,56.69,58.13,56.44,57.5,39900400,17.4794230681,17.9234232307,17.4023397066,17.7291731596,79800800,0.0,1.0
2001-03-05 00:00:00+00:00,57.44,58.63,56.56,57.25,24691800,17.7106731528,18.0775899539,17.4393397201,17.652089798,49383600,0.0,1.0
2001-03-06 00:00:00+00:00,59.44,60.0,58.38,58.63,33390900,18.3273400453,18.5000067752,18.0005065923,18.0775899539,66781800,0.0,1.0
2001-03-07 00:00:00+00:00,60.69,61.13,59.31,59.88,29871800,18.7127568531,18.8484235695,18.2872566973,18.4630067617,59743600,0.0,1.0
2001-03-08 00:00:00+00:00,59.25,60.59,58.44,60.31,27313000,18.2687566905,18.6819235085,18.0190065991,18.5955901436,54626000,0.0,1.0
2001-03-09 00:00:00+00:00,56.69,58.19,54.88,57.94,51897200,17.4794230681,17.9419232375,16.9213395304,17.864839876,103794400,0.0,1.0
2001-03-12 00:00:00+00:00,51.94,55.0,51.63,54.69,57188000,16.0148391984,16.958339544,15.9192558301,16.8627561756,114376000,0.0,1.0
2001-03-13 00:00:00+00:00,54.19,54.75,52.0,52.19,45517800,16.7085894525,16.8812561824,16.0333392052,16.09192256,91035600,0.0,1.0
2001-03-14 00:00:00+00:00,54.0,55.25,52.19,52.5,45343100,16.6500060977,17.0354229055,16.09192256,16.1875059283,90686200,0.0,1.0
2001-03-15 00:00:00+00:00,53.69,56.08,53.5,55.31,35819200,16.5544227294,17.2913396659,16.4958393746,17.0539229123,71638400,0.0,1.0
2001-03-16 00:00:00+00:00,54.56,55.13,52.48,52.5,56424400,16.8226728276,16.998422892,16.1813392594,16.1875059283,112848800,0.0,1.0
2001-03-19 00:00:00+00:00,54.31,55.5,53.13,54.5,30518200,16.745589466,17.1125062671,16.3817559995,16.8041728208,61036400,0.0,1.0
2001-03-20 00:00:00+00:00,52.69,56.13,52.63,54.56,45911400,16.2460892831,17.3067563382,16.2275892763,16.8226728276,91822800,0.0,1.0
2001-03-21 00:00:00+00:00,50.06,53.25,49.75,52.25,62494300,15.4351723195,16.418756013,15.3395889511,16.1104225668,124988600,0.0,1.0
2001-03-22 00:00:00+00:00,54.0,54.06,50.5,50.56,63181600,16.6500060977,16.6685061045,15.5708390358,15.5893390426,126363200,0.0,1.0
2001-03-23 00:00:00+00:00,56.56,57.0,54.38,54.94,49759800,17.4393397201,17.5750064365,16.7671728073,16.9398395372,99519600,0.0,1.0
2001-03-26 00:00:00+00:00,56.06,57.5,55.56,57.13,31559300,17.285172997,17.7291731596,17.1310062739,17.6150897845,63118600,0.0,1.0
2001-03-27 00:00:00+00:00,58.25,58.56,55.88,56.06,47567800,17.9604232443,18.0560066126,17.2296729767,17.285172997,95135600,0.0,1.0
2001-03-28 00:00:00+00:00,55.56,57.94,55.38,57.38,39340800,17.1310062739,17.864839876,17.0755062535,17.692173146,78681600,0.0,1.0
2001-03-29 00:00:00+00:00,55.38,57.19,54.56,55.38,43492500,17.0755062535,17.6335897913,16.8226728276,17.0755062535,86985000,0.0,1.0
2001-03-30 00:00:00+00:00,54.69,56.19,53.88,55.75,45600800,16.8627561756,17.325256345,16.6130060842,17.1895896287,91201600,0.0,1.0
2001-04-02 00:00:00+00:00,55.81,56.94,54.63,54.81,37962000,17.2080896354,17.5565064297,16.8442561688,16.8997561892,75924000,0.0,1.0
2001-04-03 00:00:00+00:00,53.38,55.31,52.75,55.31,47093800,16.458839361,17.0539229123,16.2645892899,17.0539229123,94187600,0.0,1.0
2001-04-04 00:00:00+00:00,51.94,55.0,51.06,53.38,52023300,16.0148391984,16.958339544,15.7435057657,16.458839361,104046600,0.0,1.0
2001-04-05 00:00:00+00:00,56.75,57.38,53.5,53.75,56682000,17.4979230749,17.692173146,16.4958393746,16.5729227361,113364000,0.0,1.0
2001-04-06 00:00:00+00:00,56.19,57.19,55.06,56.38,46311000,17.325256345,17.6335897913,16.9768395507,17.3838396998,92622000,0.0,1.0
2001-04-09 00:00:00+00:00,57.15,57.42,55.66,56.57,28147800,17.6212564534,17.7045064839,17.1618396185,17.4424230546,56295600,0.0,1.0
2001-04-10 00:00:00+00:00,59.68,60.09,57.78,57.95,54599700,18.4013400724,18.5277567854,17.8155065245,17.8679232104,109199400,0.0,1.0
2001-04-11 00:00:00+00:00,60.04,61.5,59.7,60.65,54939800,18.5123401131,18.9625069446,18.4075067414,18.7004235153,109879600,0.0,1.0
2001-04-12 00:00:00+00:00,62.18,62.31,59.35,59.56,43760000,19.1721736881,19.2122570361,18.2995900352,18.3643400589,87520000,0.0,1.0
2001-04-16 00:00:00+00:00,60.79,61.58,60.12,61.4,32928700,18.7435901978,18.9871736203,18.5370067888,18.9316736,65857400,0.0,1.0
2001-04-17 00:00:00+00:00,61.48,62.11,60.04,60.52,42574600,18.9563402757,19.1505903468,18.5123401131,18.6603401673,85149200,0.0,1.0
2001-04-18 00:00:00+00:00,65.43,66.31,63.0,63.39,78348200,20.1742573884,20.4455908211,19.425007114,19.545257158,156696400,0.0,1.0
2001-04-19 00:00:00+00:00,68.04,69.0,65.75,65.81,79687800,20.9790076831,21.2750077915,20.2729240912,20.291424098,159375600,0.0,1.0
2001-04-20 00:00:00+00:00,69.0,71.1,68.5,70.3,96459800,21.2750077915,21.9225080287,21.1208410684,21.6758412716,192919600,0.0,1.0
2001-04-23 00:00:00+00:00,68.25,68.47,66.9,68.11,46085600,21.0437577068,21.111591065,20.6275075544,21.0005910244,92171200,0.0,1.0
2001-04-24 00:00:00+00:00,67.55,69.93,67.14,68.2,44588300,20.8279242945,21.5617578965,20.7015075815,21.0283410345,89176600,0.0,1.0
2001-04-25 00:00:00+00:00,69.69,69.79,67.25,67.57,38372000,21.4877578694,21.5185912141,20.7354242606,20.8340909634,76744000,0.0,1.0
2001-04-26 00:00:00+00:00,69.13,71.0,68.25,70.07,59368800,21.3150911395,21.891674684,21.0437577068,21.604924579,118737600,0.0,1.0
2001-04-27 00:00:00+00:00,67.12,69.68,66.21,69.53,60786200,20.6953409126,21.484674535,20.4147574765,21.438424518,121572400,0.0,1.0
2001-04-30 00:00:00+00:00,67.75,69.06,67.68,68.53,37184100,20.8895909837,21.2935077983,20.8680076425,21.1300910718,74368200,0.0,1.0
2001-05-01 00:00:00+00:00,70.17,70.3,67.6,67.66,41851400,21.6357579236,21.6758412716,20.8433409668,20.8618409735,83702800,0.0,1.0
2001-05-02 00:00:00+00:00,69.76,71.15,69.35,71.0,46432200,21.5093412107,21.937924701,21.3829244977,21.891674684,92864400,0.0,1.0
2001-05-03 00:00:00+00:00,68.53,70.18,68.14,69.25,33136700,21.1300910718,21.6388412581,21.0098410277,21.3520911531,66273400,0.0,1.0
2001-05-04 00:00:00+00:00,70.75,71.05,67.96,68.0,59769200,21.8145913225,21.9070913563,20.9543410074,20.9666743453,119538400,0.0,1.0
2001-05-07 00:00:00+00:00,71.38,72.15,70.7,70.83,54678100,22.0088413936,22.2462581472,21.7991746502,21.8392579982,109356200,0.0,1.0
2001-05-08 00:00:00+00:00,72.06,72.1,70.75,71.75,37542000,22.2185081371,22.2308414749,21.8145913225,22.1229247687,75084000,0.0,1.0
2001-05-09 00:00:00+00:00,70.4,71.3,69.86,71.24,38338300,21.7066746163,21.9841747179,21.5401745553,21.9656747111,76676600,0.0,1.0
2001-05-10 00:00:00+00:00,70.0,71.24,69.96,71.13,32167300,21.5833412378,21.9656747111,21.5710078999,21.931758032,64334600,0.0,1.0
2001-05-11 00:00:00+00:00,69.4,70.0,68.65,69.96,25564400,21.39834117,21.5833412378,21.1670910853,21.5710078999,51128800,0.0,1.0
2001-05-14 00:00:00+00:00,68.72,69.2,68.3,69.13,22484000,21.1886744266,21.3366744808,21.0591743791,21.3150911395,44968000,0.0,1.0
2001-05-15 00:00:00+00:00,68.27,69.3,68.0,68.74,30692800,21.0499243758,21.3675078254,20.9666743453,21.1948410955,61385600,0.0,1.0
2001-05-16 00:00:00+00:00,69.16,69.88,67.33,67.7,45946900,21.3243411429,21.5463412242,20.7600909363,20.8741743114,91893800,0.0,1.0
2001-05-17 00:00:00+00:00,68.17,70.14,67.55,69.1,53492400,21.0190910311,21.6265079202,20.8279242945,21.3058411361,106984800,0.0,1.0
2001-05-18 00:00:00+00:00,68.09,69.2,67.25,67.69,45302700,20.9944243554,21.3366744808,20.7354242606,20.8710909769,90605400,0.0,1.0
2001-05-21 00:00:00+00:00,68.79,69.99,67.75,68.05,51745800,21.2102577678,21.5802579033,20.8895909837,20.9820910176,103491600,0.0,1.0
2001-05-22 00:00:00+00:00,70.31,70.35,69.18,69.45,41727800,21.6789246061,21.691257944,21.3305078118,21.4137578423,83455600,0.0,1.0
2001-05-23 00:00:00+00:00,69.7,71.6,69.51,70.39,46818700,21.4908412039,22.0766747518,21.4322578491,21.7035912818,93637400,0.0,1.0
2001-05-24 00:00:00+00:00,71.72,71.78,69.27,69.94,40390800,22.1136747653,22.1321747721,21.358257822,21.564841231,80781600,0.0,1.0
2001-05-25 00:00:00+00:00,70.91,71.9,70.36,71.66,26373800,21.8639246739,22.1691747857,21.6943412784,22.0951747586,52747600,0.0,1.0
2001-05-29 00:00:00+00:00,70.34,71.75,70.05,70.8,35605400,21.6881746095,22.1229247687,21.5987579101,21.8300079948,71210800,0.0,1.0
2001-05-30 00:00:00+00:00,69.19,70.58,68.65,69.56,43250900,21.3335911463,21.7621746366,21.1670910853,21.4476745214,86501800,0.0,1.0
2001-05-31 00:00:00+00:00,69.18,70.38,68.4,69.49,35341300,21.3305078118,21.7005079473,21.0900077238,21.4260911802,70682600,0.0,1.0
2001-06-01 00:00:00+00:00,70.34,70.7,68.7,69.6,28793800,21.6881746095,21.7991746502,21.1825077576,21.4600078593,57587600,0.0,1.0
2001-06-04 00:00:00+00:00,70.78,71.02,69.8,70.55,21868300,21.8238413259,21.897841353,21.5216745485,21.7529246332,43736600,0.0,1.0
2001-06-05 00:00:00+00:00,72.6,73.08,70.5,70.76,44727100,22.385008198,22.5330082522,21.7375079609,21.8176746569,89454200,0.0,1.0
2001-06-06 00:00:00+00:00,72.36,73.48,71.55,72.89,40011400,22.3110081709,22.6563416307,22.0612580795,22.4744248974,80022800,0.0,1.0
2001-06-07 00:00:00+00:00,73.68,73.73,72.08,72.12,33480000,22.71800832,22.7334249923,22.224674806,22.2370081438,66960000,0.0,1.0
2001-06-08 00:00:00+00:00,73.19,73.75,72.05,73.7,25933500,22.5669249313,22.7395916612,22.2154248026,22.7241749889,51867000,0.0,1.0
2001-06-11 00:00:00+00:00,72.12,72.85,71.51,72.85,23672800,22.2370081438,22.4620915596,22.0489247416,22.4620915596,47345600,0.0,1.0
2001-06-12 00:00:00+00:00,72.08,72.41,70.81,71.02,33357300,22.224674806,22.3264248432,21.8330913292,21.897841353,66714600,0.0,1.0
2001-06-13 00:00:00+00:00,70.69,72.3,70.64,72.05,27651200,21.7960913157,22.2925081642,21.7806746434,22.2154248026,55302400,0.0,1.0
2001-06-14 00:00:00+00:00,68.9,70.55,68.4,70.22,35986200,21.2441744469,21.7529246332,21.0900077238,21.6511745959,71972400,0.0,1.0
2001-06-15 00:00:00+00:00,68.02,68.3,66.4,67.51,54177200,20.9728410142,21.0591743791,20.4733408313,20.8155909566,108354400,0.0,1.0
2001-06-18 00:00:00+00:00,66.88,67.96,66.01,67.95,28423400,20.6213408855,20.9543410074,20.3530907872,20.951257673,56846800,0.0,1.0
2001-06-19 00:00:00+00:00,67.32,68.85,66.85,68.21,31728700,20.7570076018,21.2287577746,20.6120908821,21.031424369,63457400,0.0,1.0
2001-06-20 00:00:00+00:00,69.41,69.59,67.1,67.14,32054200,21.4014245045,21.4569245248,20.6891742436,20.7015075815,64108400,0.0,1.0
2001-06-21 00:00:00+00:00,69.84,70.55,68.92,69.15,34801900,21.5340078864,21.7529246332,21.2503411158,21.3212578085,69603800,0.0,1.0
2001-06-22 00:00:00+00:00,68.83,70.61,68.58,70.0,25546000,21.2225911057,21.77142464,21.1455077441,21.5833412378,51092000,0.0,1.0
2001-06-25 00:00:00+00:00,68.85,69.81,67.77,69.1,24607800,21.2287577746,21.524757883,20.8957576526,21.3058411361,49215600,0.0,1.0
2001-06-26 00:00:00+00:00,70.14,70.21,67.7,67.82,31538500,21.6265079202,21.6480912615,20.8741743114,20.9111743249,63077000,0.0,1.0
2001-06-27 00:00:00+00:00,71.14,71.53,69.36,69.86,34599900,21.9348413665,22.0550914105,21.3860078322,21.5401745553,69199800,0.0,1.0
2001-06-28 00:00:00+00:00,72.74,76.15,70.53,71.55,64487800,22.4281748805,23.4795919322,21.7467579643,22.0612580795,128975600,0.0,1.0
2001-06-29 00:00:00+00:00,73.0,73.41,71.4,72.6,47141900,22.5083415765,22.6347582895,22.0150080625,22.385008198,94283800,0.0,1.0
2001-07-02 00:00:00+00:00,70.6,73.15,70.15,72.05,36405100,21.7683413055,22.5545915935,21.6295912547,22.2154248026,72810200,0.0,1.0
2001-07-03 00:00:00+00:00,70.47,70.8,69.93,70.3,14018700,21.7282579575,21.8300079948,21.5617578965,21.6758412716,28037400,0.0,1.0
2001-07-05 00:00:00+00:00,68.51,70.72,68.44,70.22,24621300,21.1239244029,21.8053413191,21.1023410616,21.6511745959,49242600,0.0,1.0
2001-07-06 00:00:00+00:00,66.06,68.4,65.67,68.3,33733900,20.3685074595,21.0900077238,20.2482574155,21.0591743791,67467800,0.0,1.0
2001-07-09 00:00:00+00:00,65.69,66.91,65.04,66.2,33238300,20.2544240844,20.6305908888,20.0540073444,20.411674142,66476600,0.0,1.0
2001-07-10 00:00:00+00:00,64.48,66.25,64.35,65.9,33281300,19.8813406145,20.4270908143,19.8412572664,20.3191741081,66562600,0.0,1.0
2001-07-11 00:00:00+00:00,66.5,66.75,64.2,64.21,36911300,20.5041741759,20.5812575374,19.7950072495,19.798090584,73822600,0.0,1.0
2001-07-12 00:00:00+00:00,71.6,72.05,70.33,70.7,64039000,22.0766747518,22.2154248026,21.685091275,21.7991746502,128078000,0.0,1.0
2001-07-13 00:00:00+00:00,71.34,72.0,70.94,71.4,29467300,21.9965080558,22.2000081303,21.8731746773,22.0150080625,58934600,0.0,1.0
2001-07-16 00:00:00+00:00,71.18,72.16,70.15,71.45,27995400,21.9471747044,22.2493414817,21.6295912547,22.0304247348,55990800,0.0,1.0
2001-07-17 00:00:00+00:00,71.82,72.01,70.14,70.66,31620500,22.14450811,22.2030914647,21.6265079202,21.7868413123,63241000,0.0,1.0
2001-07-18 00:00:00+00:00,70.57,71.5,69.87,70.6,28795400,21.7590913021,22.0458414072,21.5432578898,21.7683413055,57590800,0.0,1.0
2001-07-19 00:00:00+00:00,72.57,73.0,71.22,71.22,38274700,22.3757581946,22.5083415765,21.9595080422,21.9595080422,76549400,0.0,1.0
2001-07-20 00:00:00+00:00,69.18,69.4,67.94,68.03,62101800,21.3305078118,21.39834117,20.9481743385,20.9759243487,124203600,0.0,1.0
2001-07-23 00:00:00+00:00,67.09,69.24,66.35,69.24,39999700,20.6860909092,21.3490078186,20.4579241589,21.3490078186,79999400,0.0,1.0
2001-07-24 00:00:00+00:00,66.32,67.99,65.7,67.0,33765100,20.4486741556,20.9635910108,20.2575074189,20.658340899,67530200,0.0,1.0
2001-07-25 00:00:00+00:00,67.48,67.52,65.61,66.26,37032700,20.8063409532,20.8186742911,20.2297574087,20.4301741488,74065400,0.0,1.0
2001-07-26 00:00:00+00:00,66.59,67.32,65.5,67.12,38987000,20.531924186,20.7570076018,20.1958407296,20.6953409126,77974000,0.0,1.0
2001-07-27 00:00:00+00:00,65.47,66.25,65.05,66.05,32698000,20.1865907262,20.4270908143,20.0570906788,20.3654241251,65396000,0.0,1.0
2001-07-30 00:00:00+00:00,65.8,66.88,65.54,65.65,21098200,20.2883407635,20.6213408855,20.2081740675,20.2420907466,42196400,0.0,1.0
2001-07-31 00:00:00+00:00,66.19,67.39,65.85,66.01,29515800,20.4085908075,20.778590943,20.3037574358,20.3530907872,59031600,0.0,1.0
2001-08-01 00:00:00+00:00,66.47,66.81,65.76,66.8,27839500,20.4949241725,20.5997575442,20.2760074257,20.5966742098,55679000,0.0,1.0
2001-08-02 00:00:00+00:00,67.45,67.54,66.26,67.21,27099200,20.7970909498,20.82484096,20.4301741488,20.7230909227,54198400,0.0,1.0
2001-08-03 00:00:00+00:00,66.89,67.36,66.0,67.3,21630200,20.6244242199,20.7693409397,20.3500074528,20.7508409329,43260400,0.0,1.0
2001-08-06 00:00:00+00:00,66.13,67.12,65.68,66.53,13915800,20.3900908008,20.6953409126,20.25134075,20.5134241793,27831600,0.0,1.0
2001-08-07 00:00:00+00:00,66.35,67.05,65.99,66.04,15673900,20.4579241589,20.6737575713,20.3469241183,20.3623407906,31347800,0.0,1.0
2001-08-08 00:00:00+00:00,64.86,67.24,64.49,66.51,27498200,19.998507324,20.7323409261,19.8844239489,20.5072575103,54996400,0.0,1.0
2001-08-09 00:00:00+00:00,65.01,65.55,64.3,64.98,22768100,20.044757341,20.2112574019,19.8258405941,20.0355073376,45536200,0.0,1.0
2001-08-10 00:00:00+00:00,65.52,65.86,62.9,64.77,25878200,20.2020073986,20.3068407703,19.3941737694,19.9707573139,51756400,0.0,1.0
2001-08-13 00:00:00+00:00,65.83,65.99,64.75,65.24,16337700,20.2975907669,20.3469241183,19.9645906449,20.1156740336,32675400,0.0,1.0
2001-08-14 00:00:00+00:00,64.69,66.09,64.45,65.75,18240600,19.9460906382,20.3777574629,19.8720906111,20.2729240912,36481200,0.0,1.0
2001-08-15 00:00:00+00:00,63.2,65.05,63.2,64.71,19751500,19.4866738032,20.0570906788,19.4866738032,19.9522573071,39503000,0.0,1.0
2001-08-16 00:00:00+00:00,64.62,64.71,62.7,62.84,21952800,19.9245072969,19.9522573071,19.3325070801,19.3756737626,43905600,0.0,1.0
2001-08-17 00:00:00+00:00,61.88,64.13,61.5,63.78,26117100,19.0796736542,19.7734239083,18.9625069446,19.6655072021,52234200,0.0,1.0
2001-08-20 00:00:00+00:00,62.7,62.75,61.1,61.66,24185600,19.3325070801,19.3479237524,18.8391735661,19.011840296,48371200,0.0,1.0
2001-08-21 00:00:00+00:00,60.78,63.2,60.71,62.7,23555900,18.7405068633,19.4866738032,18.7189235221,19.3325070801,47111800,0.0,1.0
2001-08-22 00:00:00+00:00,60.66,61.15,59.08,61.13,39053600,18.7035068498,18.8545902384,18.2163400047,18.8484235695,78107200,0.0,1.0
2001-08-23 00:00:00+00:00,59.12,61.53,59.0,60.67,25906600,18.2286733425,18.971756948,18.191673329,18.7065901842,51813200,0.0,1.0
2001-08-24 00:00:00+00:00,62.05,62.28,59.23,59.6,31699500,19.1320903401,19.2030070327,18.2625900216,18.3766733967,63399000,0.0,1.0
2001-08-27 00:00:00+00:00,62.31,63.36,61.57,61.9,22281400,19.2122570361,19.5360071546,18.9840902859,19.0858403231,44562800,0.0,1.0
2001-08-28 00:00:00+00:00,60.74,62.95,60.58,62.34,23711400,18.7281735255,19.4095904417,18.6788401741,19.2215070395,47422800,0.0,1.0
2001-08-29 00:00:00+00:00,60.25,61.3,59.54,61.05,24085000,18.5770901368,18.9008402554,18.35817339,18.8237568938,48170000,0.0,1.0
2001-08-30 00:00:00+00:00,56.94,59.66,56.52,59.04,48816000,17.5565064297,18.3951734035,17.4270063823,18.2040066668,97632000,0.0,1.0
2001-08-31 00:00:00+00:00,57.05,58.06,56.3,56.85,28950400,17.5904231088,17.9018398895,17.3591730241,17.5287564195,57900800,0.0,1.0
2001-09-04 00:00:00+00:00,56.1,59.08,56.07,57.19,33594600,17.2975063348,18.2163400047,17.2882563315,17.6335897913,67189200,0.0,1.0
2001-09-05 00:00:00+00:00,57.74,58.39,55.39,56.18,44735300,17.8031731867,18.0035899268,17.078589588,17.3221730105,89470600,0.0,1.0
2001-09-06 00:00:00+00:00,56.02,58.39,55.9,56.56,56178400,17.2728396591,18.0035899268,17.2358396456,17.4393397201,112356800,0.0,1.0
2001-09-07 00:00:00+00:00,55.4,57.36,55.31,56.11,44931900,17.0816729225,17.6860064771,17.0539229123,17.3005896693,89863800,0.0,1.0
2001-09-10 00:00:00+00:00,57.58,57.95,54.7,54.92,42235900,17.7538398353,17.8679232104,16.8658395101,16.9336728683,84471800,0.0,1.0
2001-09-17 00:00:00+00:00,52.91,55.1,52.8,54.02,63751000,16.3139226413,16.9891728886,16.2800059622,16.6561727666,127502000,0.0,1.0
2001-09-18 00:00:00+00:00,54.32,55.0,53.17,53.41,41591300,16.7486728005,16.958339544,16.3940893373,16.4680893644,83182600,0.0,1.0
2001-09-19 00:00:00+00:00,53.87,54.7,50.6,54.46,63475100,16.6099227497,16.8658395101,15.6016723804,16.791839483,126950200,0.0,1.0
2001-09-20 00:00:00+00:00,50.76,52.61,50.67,52.35,58991600,15.6510057318,16.2214226074,15.6232557217,16.1412559114,117983200,0.0,1.0
2001-09-21 00:00:00+00:00,49.71,50.6,47.5,47.92,92488300,15.3272556133,15.6016723804,14.6458386971,14.7753387445,184976600,0.0,1.0
2001-09-24 00:00:00+00:00,52.01,52.45,49.87,50.65,42790100,16.0364225397,16.172089256,15.3765889647,15.6170890528,85580200,0.0,1.0
2001-09-25 00:00:00+00:00,51.3,53.0,50.16,52.27,42470300,15.8175057928,16.3416726515,15.4660056641,16.1165892357,84940600,0.0,1.0
2001-09-26 00:00:00+00:00,50.27,51.8,49.55,51.51,29262200,15.4999223432,15.971672516,15.2779222619,15.8822558165,58524400,0.0,1.0
2001-09-27 00:00:00+00:00,49.96,50.68,48.0,50.1,40595600,15.4043389748,15.6263390561,14.8000054202,15.4475056573,81191200,0.0,1.0
2001-09-28 00:00:00+00:00,51.17,51.59,48.98,49.62,58320600,15.7774224448,15.9069224922,15.1021721975,15.2995056031,116641200,0.0,1.0
2001-10-01 00:00:00+00:00,51.79,52.5,50.41,50.94,34999800,15.9685891815,16.1875059283,15.5430890257,15.7065057522,69999600,0.0,1.0
2001-10-02 00:00:00+00:00,53.05,53.55,51.56,51.63,40430400,16.3570893238,16.5112560469,15.8976724889,15.9192558301,80860800,0.0,1.0
2001-10-03 00:00:00+00:00,56.23,56.93,52.4,52.48,48599600,17.3375896829,17.5534230952,16.1566725837,16.1813392594,97199200,0.0,1.0
2001-10-04 00:00:00+00:00,56.44,58.4,56.21,56.92,50889000,17.4023397066,18.0066732612,17.3314230139,17.5503397608,101778000,0.0,1.0
2001-10-05 00:00:00+00:00,57.72,58.0,54.94,56.16,40422200,17.7970065178,17.8833398827,16.9398395372,17.3160063416,80844400,0.0,1.0
2001-10-08 00:00:00+00:00,58.04,58.65,56.74,56.8,30302900,17.8956732206,18.0837566228,17.4948397404,17.5133397472,60605800,0.0,1.0
2001-10-09 00:00:00+00:00,54.56,57.57,54.19,57.5,49738800,16.8226728276,17.7507565008,16.7085894525,17.7291731596,99477600,0.0,1.0
2001-10-10 00:00:00+00:00,55.51,55.75,53.0,53.6,43174600,17.1155896016,17.1895896287,16.3416726515,16.5266727192,86349200,0.0,1.0
2001-10-11 00:00:00+00:00,56.32,56.84,54.59,55.76,41871300,17.365339693,17.5256730851,16.831922831,17.1926729631,83742600,0.0,1.0
2001-10-12 00:00:00+00:00,56.38,56.64,54.55,55.7,31653500,17.3838396998,17.4640063958,16.8195894931,17.1741729563,63307000,0.0,1.0
2001-10-15 00:00:00+00:00,58.06,58.5,55.85,55.9,34218500,17.9018398895,18.0375066059,17.2204229733,17.2358396456,68437000,0.0,1.0
2001-10-16 00:00:00+00:00,58.45,58.91,57.21,57.87,33084500,18.0220899335,18.1639233188,17.6397564602,17.8432565347,66169000,0.0,1.0
2001-10-17 00:00:00+00:00,56.03,59.3,55.98,59.12,36855300,17.2759229936,18.2841733629,17.2605063213,18.2286733425,73710600,0.0,1.0
2001-10-18 00:00:00+00:00,56.75,57.58,55.5,56.34,39174000,17.4979230749,17.7538398353,17.1125062671,17.3715063619,78348000,0.0,1.0
2001-10-19 00:00:00+00:00,57.9,58.01,55.63,57.4,45609800,17.8525065381,17.8864232172,17.1525896151,17.698339815,91219600,0.0,1.0
2001-10-22 00:00:00+00:00,60.16,60.18,57.47,57.9,36161800,18.5493401266,18.5555067956,17.7199231562,17.8525065381,72323600,0.0,1.0
2001-10-23 00:00:00+00:00,60.43,61.44,59.4,60.47,40162500,18.6325901571,18.9440069378,18.3150067075,18.644923495,80325000,0.0,1.0
2001-10-24 00:00:00+00:00,61.32,61.62,59.62,60.5,39570700,18.9070069243,18.9995069582,18.3828400657,18.6541734984,79141400,0.0,1.0
2001-10-25 00:00:00+00:00,62.56,62.6,59.57,60.61,37659100,19.2893403976,19.3016737355,18.3674233933,18.6880901774,75318200,0.0,1.0
2001-10-26 00:00:00+00:00,62.2,63.63,62.08,62.32,32254700,19.178340357,19.6192571851,19.1413403434,19.2153403705,64509400,0.0,1.0
2001-10-29 00:00:00+00:00,59.64,62.2,59.54,62.1,27564700,18.3890067346,19.178340357,18.35817339,19.1475070124,55129400,0.0,1.0
2001-10-30 00:00:00+00:00,58.88,59.54,58.19,58.92,28697800,18.1546733154,18.35817339,17.9419232375,18.1670066533,57395600,0.0,1.0
2001-10-31 00:00:00+00:00,58.15,60.73,58.1,59.3,32350000,17.9295898997,18.725090191,17.9141732274,18.2841733629,64700000,0.0,1.0
2001-11-01 00:00:00+00:00,61.84,62.25,59.6,60.08,54835600,19.0673403163,19.1937570293,18.3766733967,18.5246734509,109671200,0.0,1.0
2001-11-02 00:00:00+00:00,61.4,63.02,60.51,61.93,41680000,18.9316736,19.4311737829,18.6572568328,19.0950903265,83360000,0.0,1.0
2001-11-05 00:00:00+00:00,63.27,64.03,61.75,61.86,33200800,19.5082571445,19.7425905636,19.0395903062,19.0735069853,66401600,0.0,1.0
2001-11-06 00:00:00+00:00,64.78,64.94,62.16,62.7,34306000,19.9738406483,20.0231739997,19.1660070191,19.3325070801,68612000,0.0,1.0
2001-11-07 00:00:00+00:00,64.25,65.05,64.03,64.22,29449500,19.8104239218,20.0570906788,19.7425905636,19.8011739184,58899000,0.0,1.0
2001-11-08 00:00:00+00:00,64.42,66.06,63.66,64.46,37113900,19.8628406077,20.3685074595,19.6285071885,19.8751739455,74227800,0.0,1.0
2001-11-09 00:00:00+00:00,65.21,65.65,63.91,64.34,24006800,20.1064240302,20.2420907466,19.7055905501,19.838173932,48013600,0.0,1.0
2001-11-12 00:00:00+00:00,65.79,66.44,63.65,64.7,28876400,20.285257429,20.4856741691,19.6254238541,19.9491739726,57752800,0.0,1.0
2001-11-13 00:00:00+00:00,67.9,67.95,66.6,66.8,30079800,20.9358410006,20.951257673,20.5350075205,20.5966742098,60159600,0.0,1.0
2001-11-14 00:00:00+00:00,65.95,68.34,65.79,68.23,44312800,20.3345907804,21.071507717,20.285257429,21.0375910379,88625600,0.0,1.0
2001-11-15 00:00:00+00:00,66.12,67.05,65.45,66.1,38961000,20.3870074663,20.6737575713,20.1804240573,20.3808407974,77922000,0.0,1.0
2001-11-16 00:00:00+00:00,65.75,66.61,64.95,66.36,29624500,20.2729240912,20.538090855,20.0262573342,20.4610074934,59249000,0.0,1.0
2001-11-19 00:00:00+00:00,66.54,66.97,65.7,66.25,28002500,20.5165075137,20.6490908956,20.2575074189,20.4270908143,56005000,0.0,1.0
2001-11-20 00:00:00+00:00,65.4,67.8,65.03,66.45,32960900,20.165007385,20.905007656,20.0509240099,20.4887575036,65921800,0.0,1.0
2001-11-21 00:00:00+00:00,64.05,64.6,63.48,64.36,25392600,19.7487572326,19.918340628,19.5730071682,19.8443406009,50785200,0.0,1.0
2001-11-23 00:00:00+00:00,64.71,64.81,63.62,64.38,7877300,19.9522573071,19.9830906517,19.6161738507,19.8505072698,15754600,0.0,1.0
2001-11-26 00:00:00+00:00,65.14,65.71,64.4,64.99,20991800,20.084840689,20.2605907533,19.8566739388,20.038590672,41983600,0.0,1.0
2001-11-27 00:00:00+00:00,63.74,65.07,62.75,64.79,45409500,19.6531738642,20.0632573477,19.3479237524,19.9769239828,90819000,0.0,1.0
2001-11-28 00:00:00+00:00,62.8,64.12,62.73,63.17,27268300,19.3633404247,19.7703405738,19.3417570835,19.4774237999,54536600,0.0,1.0
2001-11-29 00:00:00+00:00,64.84,64.9,62.95,63.12,27017200,19.9923406551,20.0108406619,19.4095904417,19.4620071275,54034400,0.0,1.0
2001-11-30 00:00:00+00:00,64.21,65.08,63.93,64.66,24117100,19.798090584,20.0663406822,19.711757219,19.9368406348,48234200,0.0,1.0
2001-12-03 00:00:00+00:00,64.77,65.23,63.8,63.83,23605900,19.9707573139,20.1125906991,19.671673871,19.6809238744,47211800,0.0,1.0
2001-12-04 00:00:00+00:00,66.0,66.08,64.1,65.0,25502900,20.3500074528,20.3746741285,19.7641739049,20.0416740065,51005800,0.0,1.0
2001-12-05 00:00:00+00:00,68.1,68.17,65.2,66.49,37121500,20.9975076899,21.0190910311,20.1033406958,20.5010908414,74243000,0.0,1.0
2001-12-06 00:00:00+00:00,68.65,69.0,67.55,67.98,28013100,21.1670910853,21.2750077915,20.8279242945,20.9605076763,56026200,0.0,1.0
2001-12-07 00:00:00+00:00,67.83,68.84,66.55,68.25,21167400,20.9142576594,21.2256744401,20.5195908482,21.0437577068,42334800,0.0,1.0
2001-12-10 00:00:00+00:00,67.06,68.45,66.86,67.52,19183700,20.6768409058,21.1054243961,20.6151742165,20.8186742911,38367400,0.0,1.0
2001-12-11 00:00:00+00:00,67.32,68.13,67.07,67.66,27167000,20.7570076018,21.0067576933,20.6799242402,20.8618409735,54334000,0.0,1.0
2001-12-12 00:00:00+00:00,67.95,67.98,66.25,67.16,23942100,20.951257673,20.9605076763,20.4270908143,20.7076742504,47884200,0.0,1.0
2001-12-13 00:00:00+00:00,66.27,68.24,66.07,67.13,26613900,20.4332574832,21.0406743724,20.371590794,20.698424247,53227800,0.0,1.0
2001-12-14 00:00:00+00:00,67.44,67.95,65.93,66.02,21500300,20.7940076154,20.951257673,20.3284241115,20.3561741217,43000600,0.0,1.0
2001-12-17 00:00:00+00:00,68.98,69.11,67.16,67.17,28539900,21.2688411226,21.3089244706,20.7076742504,20.7107575849,57079800,0.0,1.0
2001-12-18 00:00:00+00:00,69.27,69.4,68.6,68.92,23627600,21.358257822,21.39834117,21.151674413,21.2503411158,47255200,0.0,1.0
2001-12-19 00:00:00+00:00,69.49,69.89,68.45,68.62,28498100,21.4260911802,21.5494245587,21.1054243961,21.1578410819,56996200,0.0,1.0
2001-12-20 00:00:00+00:00,66.76,69.25,66.62,69.15,39292500,20.5843408719,21.3520911531,20.5411741894,21.3212578085,78585000,0.0,1.0
2001-12-21 00:00:00+00:00,67.54,68.02,67.0,68.01,42153800,20.82484096,20.9728410142,20.658340899,20.9697576797,84307600,0.0,1.0
2001-12-24 00:00:00+00:00,67.27,68.03,67.2,67.72,5850800,20.7415909295,20.9759243487,20.7200075883,20.8803409803,11701600,0.0,1.0
2001-12-26 00:00:00+00:00,67.68,69.07,67.39,67.42,14664000,20.8680076425,21.2965911328,20.778590943,20.7878409464,29328000,0.0,1.0
2001-12-27 00:00:00+00:00,67.85,68.71,67.26,67.98,16203300,20.9204243283,21.1855910921,20.738507595,20.9605076763,32406600,0.0,1.0
2001-12-28 00:00:00+00:00,67.87,68.85,67.7,68.23,14393600,20.9265909973,21.2287577746,20.8741743114,21.0375910379,28787200,0.0,1.0
2001-12-31 00:00:00+00:00,66.25,68.48,66.25,67.84,21503100,20.4270908143,21.1146743995,20.4270908143,20.9173409939,43006200,0.0,1.0
2002-01-02 00:00:00+00:00,67.04,67.11,65.51,66.65,24062000,20.6706742369,20.6922575781,20.1989240641,20.5504241928,48124000,0.0,1.0
2002-01-03 00:00:00+00:00,69.23,69.25,67.09,67.11,33795400,21.3459244842,21.3520911531,20.6860909092,20.6922575781,67590800,0.0,1.0
2002-01-04 00:00:00+00:00,68.9,69.91,68.67,69.25,26365700,21.2441744469,21.5555912276,21.1732577543,21.3520911531,52731400,0.0,1.0
2002-01-07 00:00:00+00:00,68.56,70.02,68.35,69.75,29254400,21.1393410752,21.5895079067,21.0745910515,21.5062578762,58508800,0.0,1.0
2002-01-08 00:00:00+00:00,69.38,69.86,68.0,68.69,23868200,21.3921745011,21.5401745553,20.9666743453,21.1794244232,47736400,0.0,1.0
2002-01-09 00:00:00+00:00,68.71,70.62,68.55,69.72,38152000,21.1855910921,21.7745079744,21.1362577407,21.4970078728,76304000,0.0,1.0
2002-01-10 00:00:00+00:00,69.28,69.8,68.13,68.48,25148300,21.3613411565,21.5216745485,21.0067576933,21.1146743995,50296600,0.0,1.0
2002-01-11 00:00:00+00:00,68.61,70.32,68.1,69.52,36496600,21.1547577475,21.6820079406,20.9975076899,21.4353411836,72993200,0.0,1.0
2002-01-14 00:00:00+00:00,68.47,69.04,67.74,68.3,25498900,21.111591065,21.2873411294,20.8865076492,21.0591743791,50997800,0.0,1.0
2002-01-15 00:00:00+00:00,69.55,69.62,68.5,68.66,30358700,21.444591187,21.4661745282,21.1208410684,21.1701744198,60717400,0.0,1.0
2002-01-16 00:00:00+00:00,67.87,69.84,67.85,68.85,30977700,20.9265909973,21.5340078864,20.9204243283,21.2287577746,61955400,0.0,1.0
2002-01-17 00:00:00+00:00,69.86,70.0,68.4,68.53,39479000,21.5401745553,21.5833412378,21.0900077238,21.1300910718,78958000,0.0,1.0
2002-01-18 00:00:00+00:00,66.1,67.85,65.42,67.1,53570200,20.3808407974,20.9204243283,20.1711740539,20.6891742436,107140400,0.0,1.0
2002-01-22 00:00:00+00:00,64.46,66.63,64.25,66.61,38418600,19.8751739455,20.5442575239,19.8104239218,20.538090855,76837200,0.0,1.0
2002-01-23 00:00:00+00:00,63.74,64.71,63.24,64.05,40201500,19.6531738642,19.9522573071,19.4990071411,19.7487572326,80403000,0.0,1.0
2002-01-24 00:00:00+00:00,64.6,65.18,63.8,64.1,41943000,19.918340628,20.0971740268,19.671673871,19.7641739049,83886000,0.0,1.0
2002-01-25 00:00:00+00:00,63.8,64.85,63.51,64.19,24490600,19.671673871,19.9954239896,19.5822571716,19.791923915,48981200,0.0,1.0
2002-01-28 00:00:00+00:00,63.82,64.4,62.91,64.23,20811000,19.6778405399,19.8566739388,19.3972571038,19.8042572529,41622000,0.0,1.0
2002-01-29 00:00:00+00:00,62.32,64.5,61.99,63.9,29333000,19.2153403705,19.8875072834,19.1135903333,19.7025072156,58666000,0.0,1.0
2002-01-30 00:00:00+00:00,62.85,62.9,61.33,62.45,33050000,19.3787570971,19.3941737694,18.9100902588,19.2554237186,66100000,0.0,1.0
2002-01-31 00:00:00+00:00,63.71,63.81,62.12,63.06,34783100,19.6439238608,19.6747572055,19.1536736813,19.4435071208,69566200,0.0,1.0
2002-02-01 00:00:00+00:00,62.66,64.5,62.47,64.15,31731100,19.3201737423,19.8875072834,19.2615903875,19.7795905772,63462200,0.0,1.0
2002-02-04 00:00:00+00:00,61.12,62.69,60.75,62.4,35154200,18.845340235,19.3294237457,18.7312568599,19.2400070462,70308400,0.0,1.0
2002-02-05 00:00:00+00:00,61.15,62.23,60.5,60.8,33386300,18.8545902384,19.1875903604,18.6541734984,18.7466735322,66772600,0.0,1.0
2002-02-06 00:00:00+00:00,60.4,61.89,60.25,61.61,33051500,18.6233401537,19.0827569887,18.5770901368,18.9964236237,66103000,0.0,1.0
2002-02-07 00:00:00+00:00,59.8,61.61,59.75,60.3,31657000,18.438340086,18.9964236237,18.4229234137,18.5925068091,63314000,0.0,1.0
2002-02-08 00:00:00+00:00,60.65,60.66,58.83,60.12,30641500,18.7004235153,18.7035068498,18.1392566431,18.5370067888,61283000,0.0,1.0
2002-02-11 00:00:00+00:00,61.13,61.24,59.59,60.01,25449800,18.8484235695,18.8823402486,18.3735900623,18.5030901097,50899600,0.0,1.0
2002-02-12 00:00:00+00:00,60.14,60.85,60.02,60.49,22486900,18.5431734577,18.7620902045,18.5061734442,18.6510901639,44973800,0.0,1.0
2002-02-13 00:00:00+00:00,61.82,61.88,59.95,60.26,27084300,19.0611736474,19.0796736542,18.4845901029,18.5801734713,54168600,0.0,1.0
2002-02-14 00:00:00+00:00,61.68,62.99,61.32,62.0,28633500,19.0180069649,19.4219237795,18.9070069243,19.1166736677,57267000,0.0,1.0
2002-02-15 00:00:00+00:00,60.23,62.06,60.2,61.7,25089900,18.5709234679,19.1351736745,18.5616734645,19.0241736339,50179800,0.0,1.0
2002-02-19 00:00:00+00:00,58.93,60.14,58.6,59.91,26131300,18.1700899877,18.5431734577,18.0683399505,18.4722567651,52262600,0.0,1.0
2002-02-20 00:00:00+00:00,59.9,60.36,58.8,59.4,25246000,18.4691734306,18.6110068159,18.1300066397,18.3150067075,50492000,0.0,1.0
2002-02-21 00:00:00+00:00,58.05,60.27,58.01,59.72,29699200,17.898756555,18.5832568057,17.8864232172,18.4136734103,59398400,0.0,1.0
2002-02-22 00:00:00+00:00,57.99,58.75,57.15,58.05,35673900,17.8802565483,18.1145899674,17.6212564534,17.898756555,71347800,0.0,1.0
2002-02-25 00:00:00+00:00,59.08,59.89,57.89,57.94,25916100,18.2163400047,18.4660900961,17.8494232036,17.864839876,51832200,0.0,1.0
2002-02-26 00:00:00+00:00,58.55,60.0,57.9,59.1,31638100,18.0529232782,18.5000067752,17.8525065381,18.2225066736,63276200,0.0,1.0
2002-02-27 00:00:00+00:00,58.39,60.15,57.99,59.07,32875000,18.0035899268,18.5462567922,17.8802565483,18.2132566702,65750000,0.0,1.0
2002-02-28 00:00:00+00:00,58.34,59.7,58.14,58.78,34034000,17.9881732545,18.4075067414,17.9265065652,18.1238399708,68068000,0.0,1.0
2002-03-01 00:00:00+00:00,61.37,61.42,58.85,59.05,31057800,18.9224235966,18.9378402689,18.145423312,18.2070900013,62115600,0.0,1.0
2002-03-04 00:00:00+00:00,63.3,63.5,60.87,61.24,37232100,19.5175071479,19.5791738371,18.7682568735,18.8823402486,74464200,0.0,1.0
2002-03-05 00:00:00+00:00,63.08,63.88,62.34,63.0,27963200,19.4496737897,19.6963405467,19.2215070395,19.425007114,55926400,0.0,1.0
2002-03-06 00:00:00+00:00,63.63,63.7,62.19,62.91,24917700,19.6192571851,19.6408405264,19.1752570225,19.3972571038,49835400,0.0,1.0
2002-03-07 00:00:00+00:00,62.72,63.88,61.86,63.67,29039600,19.338673749,19.6963405467,19.0735069853,19.631590523,58079200,0.0,1.0
2002-03-08 00:00:00+00:00,63.95,64.7,63.17,63.63,28850900,19.7179238879,19.9491739726,19.4774237999,19.6192571851,57701800,0.0,1.0
2002-03-11 00:00:00+00:00,64.34,65.0,63.0,63.51,21859100,19.838173932,20.0416740065,19.425007114,19.5822571716,43718200,0.0,1.0
2002-03-12 00:00:00+00:00,62.54,62.8,61.67,62.52,33203600,19.2831737287,19.3633404247,19.0149236305,19.2770070598,66407200,0.0,1.0
2002-03-13 00:00:00+00:00,62.1,63.02,61.95,62.08,22193700,19.1475070124,19.4311737829,19.1012569954,19.1413403434,44387400,0.0,1.0
2002-03-14 00:00:00+00:00,61.22,62.24,61.05,62.14,25909800,18.8761735797,19.1906736948,18.8237568938,19.1598403502,51819600,0.0,1.0
2002-03-15 00:00:00+00:00,62.49,62.51,60.97,61.0,34543400,19.2677570564,19.2739237253,18.7990902181,18.8083402215,69086800,0.0,1.0
2002-03-18 00:00:00+00:00,62.14,62.99,61.2,62.74,26148400,19.1598403502,19.4219237795,18.8700069107,19.344840418,52296800,0.0,1.0
2002-03-19 00:00:00+00:00,62.23,63.0,61.5,62.18,18188200,19.1875903604,19.425007114,18.9625069446,19.1721736881,36376400,0.0,1.0
2002-03-20 00:00:00+00:00,60.1,62.02,60.1,61.4,27617600,18.5308401199,19.1228403367,18.5308401199,18.9316736,55235200,0.0,1.0
2002-03-21 00:00:00+00:00,61.36,61.59,59.83,60.21,23061700,18.9193402621,18.9902569548,18.4475900894,18.5647567989,46123400,0.0,1.0
2002-03-22 00:00:00+00:00,60.45,61.14,60.22,61.05,20670700,18.638756826,18.851506904,18.5678401334,18.8237568938,41341400,0.0,1.0
2002-03-25 00:00:00+00:00,59.23,60.78,59.15,60.48,23876200,18.2625900216,18.7405068633,18.2379233459,18.6480068294,47752400,0.0,1.0
2002-03-26 00:00:00+00:00,59.08,60.92,58.31,59.1,34678600,18.2163400047,18.7836735458,17.9789232511,18.2225066736,69357200,0.0,1.0
2002-03-27 00:00:00+00:00,59.44,59.88,58.59,58.8,23659200,18.3273400453,18.4630067617,18.065256616,18.1300066397,47318400,0.0,1.0
2002-03-28 00:00:00+00:00,60.31,60.65,59.66,59.95,21950600,18.5955901436,18.7004235153,18.3951734035,18.4845901029,43901200,0.0,1.0
2002-04-01 00:00:00+00:00,60.38,60.4,59.2,59.83,23505000,18.6171734848,18.6233401537,18.2533400182,18.4475900894,47010000,0.0,1.0
2002-04-02 00:00:00+00:00,57.28,59.09,57.11,58.9,38254700,17.6613398014,18.2194233391,17.6089231156,18.1608399844,76509400,0.0,1.0
2002-04-03 00:00:00+00:00,56.33,57.61,55.5,57.44,38465700,17.3684230275,17.7630898387,17.1125062671,17.7106731528,76931400,0.0,1.0
2002-04-04 00:00:00+00:00,56.45,56.97,55.42,55.98,30881900,17.405423041,17.5657564331,17.0878395914,17.2605063213,61763800,0.0,1.0
2002-04-05 00:00:00+00:00,55.87,57.3,55.84,56.89,25083000,17.2265896422,17.6675064703,17.2173396388,17.5410897574,50166000,0.0,1.0
2002-04-08 00:00:00+00:00,57.22,57.31,54.26,54.3,36694800,17.6428397946,17.6705898048,16.7301727937,16.7425061316,73389600,0.0,1.0
2002-04-09 00:00:00+00:00,54.87,57.43,54.8,57.33,31706500,16.918256196,17.7075898184,16.8966728547,17.6767564737,63413000,0.0,1.0
2002-04-10 00:00:00+00:00,56.3,57.11,55.06,55.12,37818200,17.3591730241,17.6089231156,16.9768395507,16.9953395575,75636400,0.0,1.0
2002-04-11 00:00:00+00:00,54.79,56.45,54.5,55.89,29082900,16.8935895203,17.405423041,16.8041728208,17.2327563111,58165800,0.0,1.0
2002-04-12 00:00:00+00:00,55.93,56.26,54.86,55.15,26148800,17.245089649,17.3468396862,16.9151728615,17.0045895609,52297600,0.0,1.0
2002-04-15 00:00:00+00:00,55.69,56.75,55.4,56.0,23694400,17.1710896219,17.4979230749,17.0816729225,17.2666729902,47388800,0.0,1.0
2002-04-16 00:00:00+00:00,57.81,58.1,56.36,56.4,25960800,17.8247565279,17.9141732274,17.3776730309,17.3900063687,51921600,0.0,1.0
2002-04-17 00:00:00+00:00,56.63,58.28,56.42,57.95,27579300,17.4609230614,17.9696732477,17.3961730376,17.8679232104,55158600,0.0,1.0
2002-04-18 00:00:00+00:00,56.37,57.31,52.68,56.79,37397400,17.3807563653,17.6705898048,16.2430059487,17.5102564128,74794800,0.0,1.0
2002-04-19 00:00:00+00:00,57.2,57.98,56.86,57.44,52134300,17.6366731257,17.8771732138,17.531839754,17.7106731528,104268600,0.0,1.0
2002-04-22 00:00:00+00:00,55.59,56.7,55.0,56.52,25732600,17.1402562773,17.4825064026,16.958339544,17.4270063823,51465200,0.0,1.0
2002-04-23 00:00:00+00:00,53.99,55.82,53.3,55.7,34140700,16.6469227632,17.2111729699,16.4341726853,17.1741729563,68281400,0.0,1.0
2002-04-24 00:00:00+00:00,53.02,54.43,53.0,53.85,30610200,16.3478393204,16.7825894796,16.3416726515,16.6037560808,61220400,0.0,1.0
2002-04-25 00:00:00+00:00,53.73,54.45,52.88,52.9,28645200,16.5667560672,16.7887561485,16.3046726379,16.3108393068,57290400,0.0,1.0
2002-04-26 00:00:00+00:00,51.5,54.45,51.46,54.07,31388300,15.8791724821,16.7887561485,15.8668391442,16.6715894389,62776600,0.0,1.0
2002-04-29 00:00:00+00:00,52.24,52.91,51.44,51.47,35123000,16.1073392323,16.3139226413,15.8606724753,15.8699224787,70246000,0.0,1.0
2002-04-30 00:00:00+00:00,52.26,53.3,51.92,52.1,38692000,16.1135059012,16.4341726853,16.0086725295,16.0641725498,77384000,0.0,1.0
2002-05-01 00:00:00+00:00,52.75,53.19,50.66,52.16,38206500,16.2645892899,16.4002560062,15.6201723872,16.0826725566,76413000,0.0,1.0
2002-05-02 00:00:00+00:00,51.21,54.07,51.15,52.64,39504600,15.7897557827,16.6715894389,15.7712557759,16.2306726108,79009200,0.0,1.0
2002-05-03 00:00:00+00:00,49.56,51.68,49.51,51.26,35814000,15.2810055963,15.9346725024,15.265588924,15.805172455,71628000,0.0,1.0
2002-05-06 00:00:00+00:00,48.62,50.54,48.37,49.44,33149700,14.9911721569,15.5831723737,14.9140887953,15.2440055828,66299400,0.0,1.0
2002-05-07 00:00:00+00:00,49.47,50.29,48.35,49.18,44192700,15.2532555862,15.5060890121,14.9079221264,15.1638388868,88385400,0.0,1.0
2002-05-08 00:00:00+00:00,54.97,54.97,51.22,51.27,50621000,16.9490895406,16.9490895406,15.7928391171,15.8082557894,101242000,0.0,1.0
2002-05-09 00:00:00+00:00,52.12,55.0,51.9,54.4,41644100,16.0703392188,16.958339544,16.0025058606,16.7733394762,83288200,0.0,1.0
2002-05-10 00:00:00+00:00,50.05,52.67,49.99,52.53,32204400,15.432088985,16.2399226142,15.4135889782,16.1967559317,64408800,0.0,1.0
2002-05-13 00:00:00+00:00,52.69,52.91,49.75,50.45,32409500,16.2460892831,16.3139226413,15.3395889511,15.5554223635,64819000,0.0,1.0
2002-05-14 00:00:00+00:00,54.88,55.1,53.98,54.4,32416200,16.9213395304,16.9891728886,16.6438394288,16.7733394762,64832400,0.0,1.0
2002-05-15 00:00:00+00:00,54.75,56.44,53.86,54.49,35206000,16.8812561824,17.4023397066,16.6068394152,16.8010894864,70412000,0.0,1.0
2002-05-16 00:00:00+00:00,55.74,56.03,54.65,54.71,26703200,17.1865062942,17.2759229936,16.8504228378,16.8689228446,53406400,0.0,1.0
2002-05-17 00:00:00+00:00,56.03,56.4,55.27,56.21,27323100,17.2759229936,17.3900063687,17.0415895745,17.3314230139,54646200,0.0,1.0
2002-05-20 00:00:00+00:00,54.01,55.55,53.5,55.5,26057900,16.6530894322,17.1279229394,16.4958393746,17.1125062671,52115800,0.0,1.0
2002-05-21 00:00:00+00:00,52.19,54.6,52.13,53.95,31560000,16.09192256,16.8350061655,16.0734225532,16.6345894254,63120000,0.0,1.0
2002-05-22 00:00:00+00:00,53.69,53.72,51.85,51.87,27084700,16.5544227294,16.5636727328,15.9870891883,15.9932558572,54169400,0.0,1.0
2002-05-23 00:00:00+00:00,54.82,54.84,53.01,53.7,25706400,16.9028395236,16.9090061926,16.3447559859,16.5575060638,51412800,0.0,1.0
2002-05-24 00:00:00+00:00,53.26,54.52,53.04,54.14,17991000,16.4218393475,16.8103394898,16.3540059893,16.6931727802,35982000,0.0,1.0
2002-05-28 00:00:00+00:00,52.32,53.69,51.75,53.59,24801000,16.132005908,16.5544227294,15.9562558436,16.5235893847,49602000,0.0,1.0
2002-05-29 00:00:00+00:00,52.05,52.72,51.55,51.65,22696600,16.0487558775,16.2553392865,15.8945891544,15.925422499,45393200,0.0,1.0
2002-05-30 00:00:00+00:00,52.64,53.36,51.43,51.64,31606500,16.2306726108,16.4526726921,15.8575891408,15.9223391646,63213000,0.0,1.0
2002-05-31 00:00:00+00:00,50.91,53.42,50.88,52.9,33234000,15.6972557488,16.4711726989,15.6880057454,16.3108393068,66468000,0.0,1.0
2002-06-03 00:00:00+00:00,49.42,51.64,49.17,50.99,44219500,15.2378389139,15.9223391646,15.1607555523,15.7219224245,88439000,0.0,1.0
2002-06-04 00:00:00+00:00,49.98,51.23,49.24,49.5,44004200,15.4105056438,15.7959224516,15.1823388935,15.2625055896,88008400,0.0,1.0
2002-06-05 00:00:00+00:00,51.66,51.75,50.33,50.43,33484700,15.9285058335,15.9562558436,15.51842235,15.5492556946,66969400,0.0,1.0
2002-06-06 00:00:00+00:00,51.9,52.14,50.0,51.5,39351700,16.0025058606,16.0765058877,15.4166723127,15.8791724821,78703400,0.0,1.0
2002-06-07 00:00:00+00:00,51.98,52.6,49.86,49.89,48917200,16.0271725363,16.218339273,15.3735056302,15.3827556336,97834400,0.0,1.0
2002-06-10 00:00:00+00:00,52.82,53.3,51.46,51.65,35912700,16.2861726311,16.4341726853,15.8668391442,15.925422499,71825400,0.0,1.0
2002-06-11 00:00:00+00:00,52.57,54.18,52.42,53.24,37184100,16.2090892696,16.705506118,16.1628392526,16.4156726786,74368200,0.0,1.0
2002-06-12 00:00:00+00:00,55.54,55.78,52.5,52.58,68099300,17.1248396049,17.198839632,16.1875059283,16.212172604,136198600,0.0,1.0
2002-06-13 00:00:00+00:00,54.22,55.48,54.2,54.84,39885800,16.7178394559,17.1063395982,16.711672787,16.9090061926,79771600,0.0,1.0
2002-06-14 00:00:00+00:00,55.25,55.55,53.0,53.15,54716800,17.0354229055,17.1279229394,16.3416726515,16.3879226684,109433600,0.0,1.0
2002-06-17 00:00:00+00:00,55.68,56.44,55.37,55.66,47243300,17.1680062874,17.4023397066,17.0724229191,17.1618396185,94486600,0.0,1.0
2002-06-18 00:00:00+00:00,55.99,56.29,55.35,55.53,38759200,17.2635896558,17.3560896896,17.0662562502,17.1217562705,77518400,0.0,1.0
2002-06-19 00:00:00+00:00,54.36,55.94,54.32,55.47,40623500,16.7610061384,17.2481729834,16.7486728005,17.1032562637,81247000,0.0,1.0
2002-06-20 00:00:00+00:00,54.1,55.1,53.9,54.37,43200600,16.6808394423,16.9891728886,16.6191727531,16.7640894728,86401200,0.0,1.0
2002-06-21 00:00:00+00:00,52.28,54.55,52.28,53.4,58410000,16.1196725702,16.8195894931,16.1196725702,16.46500603,116820000,0.0,1.0
2002-06-24 00:00:00+00:00,54.16,54.64,51.85,52.09,52261600,16.6993394491,16.8473395033,15.9870891883,16.0610892154,104523200,0.0,1.0
2002-06-25 00:00:00+00:00,52.95,55.0,52.8,54.7,42012600,16.3262559791,16.958339544,16.2800059622,16.8658395101,84025200,0.0,1.0
2002-06-26 00:00:00+00:00,54.13,54.39,51.05,51.05,56065700,16.6900894457,16.7702561417,15.7404224313,15.7404224313,112131400,0.0,1.0
2002-06-27 00:00:00+00:00,54.92,54.94,52.86,54.6,47906200,16.9336728683,16.9398395372,16.298505969,16.8350061655,95812400,0.0,1.0
2002-06-28 00:00:00+00:00,54.7,55.79,54.0,54.55,44777800,16.8658395101,17.2019229665,16.6500060977,16.8195894931,89555600,0.0,1.0
2002-07-01 00:00:00+00:00,52.66,54.39,52.58,54.12,33236900,16.2368392797,16.7702561417,16.212172604,16.6870061113,66473800,0.0,1.0
2002-07-02 00:00:00+00:00,51.44,52.92,51.33,52.38,41407100,15.8606724753,16.3170059758,15.8267557962,16.1505059148,82814200,0.0,1.0
2002-07-03 00:00:00+00:00,51.84,52.52,50.45,51.24,40468300,15.9840058538,16.1936725973,15.5554223635,15.799005786,80936600,0.0,1.0
2002-07-05 00:00:00+00:00,54.85,54.9,53.05,53.09,17836800,16.912089527,16.9275061993,16.3570893238,16.3694226616,35673600,0.0,1.0
2002-07-08 00:00:00+00:00,52.92,54.93,52.58,54.41,31599700,16.3170059758,16.9367562027,16.212172604,16.7764228107,63199400,0.0,1.0
2002-07-09 00:00:00+00:00,53.21,54.73,52.97,53.31,42638600,16.4064226752,16.8750895135,16.3324226481,16.4372560198,85277200,0.0,1.0
2002-07-10 00:00:00+00:00,52.24,54.2,52.13,53.69,45336700,16.1073392323,16.711672787,16.0734225532,16.5544227294,90673400,0.0,1.0
2002-07-11 00:00:00+00:00,52.91,53.07,51.25,52.04,64775300,16.3139226413,16.3632559927,15.8020891205,16.0456725431,129550600,0.0,1.0
2002-07-12 00:00:00+00:00,51.86,53.73,51.48,53.37,47866900,15.9901725227,16.5667560672,15.8730058132,16.4557560266,95733800,0.0,1.0
2002-07-15 00:00:00+00:00,51.8,51.86,48.0,51.39,68482800,15.971672516,15.9901725227,14.8000054202,15.845255803,136965600,0.0,1.0
2002-07-16 00:00:00+00:00,51.25,52.8,50.64,51.31,48577300,15.8020891205,16.2800059622,15.6140057183,15.8205891273,97154600,0.0,1.0
2002-07-17 00:00:00+00:00,52.0,53.3,51.17,52.52,49017400,16.0333392052,16.4341726853,15.7774224448,16.1936725973,98034800,0.0,1.0
2002-07-18 00:00:00+00:00,51.11,52.74,50.66,52.06,45526800,15.758922438,16.2615059554,15.6201723872,16.051839212,91053600,0.0,1.0
2002-07-19 00:00:00+00:00,49.56,50.89,48.81,49.87,56271700,15.2810055963,15.6910890799,15.0497555117,15.3765889647,112543400,0.0,1.0
2002-07-22 00:00:00+00:00,47.51,49.99,45.9,48.95,90034900,14.6489220315,15.4135889782,14.1525051831,15.0929221941,180069800,0.0,1.0
2002-07-23 00:00:00+00:00,43.01,46.8,42.97,46.49,84030800,13.2614215234,14.4300052847,13.2490881855,14.3344219163,168061600,0.0,1.0
2002-07-24 00:00:00+00:00,46.23,46.36,41.41,41.75,101153900,14.2542552203,14.2943385683,12.7680880094,12.8729213811,202307800,0.0,1.0
2002-07-25 00:00:00+00:00,42.83,45.71,42.44,45.45,81705700,13.2059215031,14.0939218283,13.085671459,14.0137551322,163411400,0.0,1.0
2002-07-26 00:00:00+00:00,45.35,45.41,43.68,43.74,61769000,13.9829217876,14.0014217944,13.4680049324,13.4865049391,123538000,0.0,1.0
2002-07-29 00:00:00+00:00,48.25,48.3,46.55,46.85,56074300,14.8770887818,14.8925054541,14.3529219231,14.445421957,112148600,0.0,1.0
2002-07-30 00:00:00+00:00,48.1,48.83,47.33,47.55,61345300,14.8308387648,15.0559221806,14.5934220112,14.6612553694,122690600,0.0,1.0
2002-07-31 00:00:00+00:00,47.98,48.0,46.36,47.61,46937800,14.7938387513,14.8000054202,14.2943385683,14.6797553761,93875600,0.0,1.0
2002-08-01 00:00:00+00:00,45.75,48.09,45.5,47.58,46001400,14.1062551661,14.8277554303,14.0291718046,14.6705053728,92002800,0.0,1.0
2002-08-02 00:00:00+00:00,44.41,45.85,43.8,45.51,42973800,13.6930883481,14.1370885107,13.5050049459,14.032255139,85947600,0.0,1.0
2002-08-05 00:00:00+00:00,43.99,45.17,43.81,44.29,39470800,13.5635883007,13.9274217673,13.5080882804,13.6560883346,78941600,0.0,1.0
2002-08-06 00:00:00+00:00,45.67,47.25,44.84,44.9,44357900,14.0815884904,14.5687553355,13.82567173,13.8441717368,88715800,0.0,1.0
2002-08-07 00:00:00+00:00,47.09,47.3,45.16,47.0,43174700,14.5194219841,14.5841720078,13.9243384328,14.4916719739,86349400,0.0,1.0
2002-08-08 00:00:00+00:00,48.91,49.0,46.41,47.11,44374000,15.0805888563,15.1083388664,14.3097552406,14.525588653,88748000,0.0,1.0
2002-08-09 00:00:00+00:00,48.12,49.15,47.66,48.15,34524700,14.8370054337,15.1545888834,14.6951720485,14.8462554371,69049400,0.0,1.0
2002-08-12 00:00:00+00:00,48.47,48.75,47.6,47.61,28433300,14.9449221399,15.0312555049,14.6766720417,14.6797553761,56866600,0.0,1.0
2002-08-13 00:00:00+00:00,47.06,49.7,46.92,47.99,50061400,14.5101719807,15.3241722788,14.4670052982,14.7969220857,100122800,0.0,1.0
2002-08-14 00:00:00+00:00,49.71,49.73,47.21,47.25,48353000,15.3272556133,15.3334222822,14.5564219976,14.5687553355,96706000,0.0,1.0
2002-08-15 00:00:00+00:00,49.77,50.74,48.75,49.96,49372800,15.3457556201,15.6448390629,15.0312555049,15.4043389748,98745600,0.0,1.0
2002-08-16 00:00:00+00:00,50.0,50.23,48.92,49.43,34667000,15.4166723127,15.4875890053,15.0836721907,15.2409222483,69334000,0.0,1.0
2002-08-19 00:00:00+00:00,52.0,52.05,49.85,50.04,39924100,16.0333392052,16.0487558775,15.3704222958,15.4290056505,79848200,0.0,1.0
2002-08-20 00:00:00+00:00,51.04,51.7,50.75,51.38,35158800,15.7373390968,15.9408391713,15.6479223974,15.8421724685,70317600,0.0,1.0
2002-08-21 00:00:00+00:00,52.28,52.38,51.15,51.56,40601700,16.1196725702,16.1505059148,15.7712557759,15.8976724889,81203400,0.0,1.0
2002-08-22 00:00:00+00:00,53.23,53.45,52.6,52.85,36258800,16.4125893441,16.4804227023,16.218339273,16.2954226345,72517600,0.0,1.0
2002-08-23 00:00:00+00:00,52.22,52.85,51.84,52.66,28964600,16.1011725634,16.2954226345,15.9840058538,16.2368392797,57929200,0.0,1.0
2002-08-26 00:00:00+00:00,52.1,52.65,51.18,52.5,27826200,16.0641725498,16.2337559453,15.7805057793,16.1875059283,55652400,0.0,1.0
2002-08-27 00:00:00+00:00,50.84,52.45,50.65,52.33,32735100,15.6756724075,16.172089256,15.6170890528,16.1350892425,65470200,0.0,1.0
2002-08-28 00:00:00+00:00,49.38,50.66,49.3,50.48,34437500,15.225505576,15.6201723872,15.2008389003,15.5646723669,68875000,0.0,1.0
2002-08-29 00:00:00+00:00,50.58,51.0,48.52,48.89,47137800,15.5955057115,15.7250057589,14.9603388122,15.0744221874,94275600,0.0,1.0
2002-08-30 00:00:00+00:00,49.08,50.48,49.0,50.14,29069200,15.1330055421,15.5646723669,15.1083388664,15.4598389952,58138400,0.0,1.0
2002-09-03 00:00:00+00:00,47.02,48.52,47.0,48.52,37226300,14.4978386429,14.9603388122,14.4916719739,14.9603388122,74452600,0.0,1.0
2002-09-04 00:00:00+00:00,48.21,48.6,47.15,47.45,40116000,14.8647554439,14.9850054879,14.5379219909,14.6304220247,80232000,0.0,1.0
2002-09-05 00:00:00+00:00,45.91,47.52,45.88,47.5,45219400,14.1555885175,14.652005366,14.1463385141,14.6458386971,90438800,0.0,1.0
2002-09-06 00:00:00+00:00,47.82,48.27,47.47,47.75,34959200,14.7445053999,14.8832554507,14.6365886937,14.7229220586,69918400,0.0,1.0
2002-09-09 00:00:00+00:00,48.7,48.95,46.63,47.25,40826600,15.0158388326,15.0929221941,14.3775885988,14.5687553355,81653200,0.0,1.0
2002-09-10 00:00:00+00:00,49.79,49.82,48.35,48.54,41975000,15.351922289,15.3611722924,14.9079221264,14.9665054812,83950000,0.0,1.0
2002-09-11 00:00:00+00:00,48.58,51.1,48.53,50.23,38721600,14.978838819,15.7558391036,14.9634221467,15.4875890053,77443200,0.0,1.0
2002-09-12 00:00:00+00:00,47.15,48.3,47.02,48.15,31863400,14.5379219909,14.8925054541,14.4978386429,14.8462554371,63726800,0.0,1.0
2002-09-13 00:00:00+00:00,47.91,48.26,46.85,46.9,29774600,14.77225541,14.8801721162,14.445421957,14.4608386293,59549200,0.0,1.0
2002-09-16 00:00:00+00:00,47.78,48.13,47.05,47.6,25083100,14.732172062,14.8400887682,14.5070886462,14.6766720417,50166200,0.0,1.0
2002-09-17 00:00:00+00:00,47.29,48.9,47.21,48.67,36671700,14.5810886733,15.0775055218,14.5564219976,15.0065888292,73343400,0.0,1.0
2002-09-18 00:00:00+00:00,47.75,48.24,46.66,46.72,41975900,14.7229220586,14.8740054473,14.3868386022,14.405338609,83951800,0.0,1.0
2002-09-19 00:00:00+00:00,47.2,47.82,46.59,46.68,38888800,14.5533386632,14.7445053999,14.365255261,14.3930052711,77777600,0.0,1.0
2002-09-20 00:00:00+00:00,47.46,48.0,47.3,47.71,65309600,14.6335053592,14.8000054202,14.5841720078,14.7105887208,130619200,0.0,1.0
2002-09-23 00:00:00+00:00,45.23,46.71,44.81,46.6,44891900,13.9459217741,14.4022552745,13.8164217266,14.3683385954,89783800,0.0,1.0
2002-09-24 00:00:00+00:00,45.64,46.48,44.63,44.83,52071100,14.072338487,14.3313385819,13.7609217063,13.8225883956,104142200,0.0,1.0
2002-09-25 00:00:00+00:00,46.51,46.96,45.05,46.4,53558300,14.3405885853,14.4793386361,13.8904217537,14.3066719062,107116600,0.0,1.0
2002-09-26 00:00:00+00:00,46.2,47.5,45.95,47.11,50426100,14.2450052169,14.6458386971,14.1679218554,14.525588653,100852200,0.0,1.0
2002-09-27 00:00:00+00:00,45.25,47.1,45.19,46.04,40505800,13.952088443,14.5225053186,13.9335884362,14.1956718655,81011600,0.0,1.0
2002-09-30 00:00:00+00:00,43.74,45.04,43.11,44.87,57788500,13.4865049391,13.8873384193,13.292254868,13.8349217334,115577000,0.0,1.0
2002-10-01 00:00:00+00:00,46.23,46.25,43.19,44.32,55318300,14.2542552203,14.2604218892,13.3169215437,13.665338338,110636600,0.0,1.0
2002-10-02 00:00:00+00:00,45.61,46.81,45.16,46.1,51744300,14.0630884836,14.4330886191,13.9243384328,14.2141718723,103488600,0.0,1.0
2002-10-03 00:00:00+00:00,44.8,46.59,44.6,45.3,52610700,13.8133383922,14.365255261,13.7516717029,13.9675051153,105221400,0.0,1.0
2002-10-04 00:00:00+00:00,43.77,45.57,43.69,45.39,53560200,13.4957549425,14.0507551458,13.4710882668,13.9952551255,107120400,0.0,1.0
2002-10-07 00:00:00+00:00,44.05,45.06,43.69,43.81,44895000,13.5820883075,13.8935050882,13.4710882668,13.5080882804,89790000,0.0,1.0
2002-10-08 00:00:00+00:00,44.99,45.98,44.13,44.75,57833800,13.871921747,14.1771718588,13.6067549832,13.7979217199,115667600,0.0,1.0
2002-10-09 00:00:00+00:00,43.99,45.45,43.81,44.23,61571300,13.5635883007,14.0137551322,13.5080882804,13.6375883278,123142600,0.0,1.0
2002-10-10 00:00:00+00:00,46.38,46.62,43.25,44.0,59257500,14.3005052373,14.3745052644,13.3354215505,13.5666716352,118515000,0.0,1.0
2002-10-11 00:00:00+00:00,48.87,48.9,47.01,47.36,54414400,15.0682555184,15.0775055218,14.4947553084,14.6026720146,108828800,0.0,1.0
2002-10-14 00:00:00+00:00,49.29,49.33,47.84,48.25,38108100,15.1977555659,15.2100889037,14.7506720688,14.8770887818,76216200,0.0,1.0
2002-10-15 00:00:00+00:00,52.29,52.37,50.65,51.26,66687100,16.1227559046,16.1474225803,15.6170890528,15.805172455,133374200,0.0,1.0
2002-10-16 00:00:00+00:00,50.41,51.26,50.28,50.39,47718700,15.5430890257,15.805172455,15.5030056776,15.5369223567,95437400,0.0,1.0
2002-10-17 00:00:00+00:00,50.77,52.5,50.05,52.28,91301200,15.6540890663,16.1875059283,15.432088985,16.1196725702,182602400,0.0,1.0
2002-10-18 00:00:00+00:00,53.15,53.2,51.14,52.6,76408600,16.3879226684,16.4033393407,15.7681724414,16.218339273,152817200,0.0,1.0
2002-10-21 00:00:00+00:00,52.51,52.99,51.36,51.97,56189300,16.1905892628,16.338589317,15.8360057996,16.0240892018,112378600,0.0,1.0
2002-10-22 00:00:00+00:00,51.67,51.93,51.03,51.43,43579500,15.9315891679,16.011755864,15.7342557623,15.8575891408,87159000,0.0,1.0
2002-10-23 00:00:00+00:00,53.2,53.26,51.43,51.43,55433300,16.4033393407,16.4218393475,15.8575891408,15.8575891408,110866600,0.0,1.0
2002-10-24 00:00:00+00:00,51.23,53.37,50.9,53.36,47916700,15.7959224516,16.4557560266,15.6941724143,16.4526726921,95833400,0.0,1.0
2002-10-25 00:00:00+00:00,52.68,52.8,51.16,51.25,37712900,16.2430059487,16.2800059622,15.7743391103,15.8020891205,75425800,0.0,1.0
2002-10-28 00:00:00+00:00,51.95,53.5,51.51,53.4,39953300,16.0179225329,16.4958393746,15.8822558165,16.46500603,79906600,0.0,1.0
2002-10-29 00:00:00+00:00,52.07,52.49,50.85,52.15,45258600,16.0549225464,16.1844225939,15.678755742,16.0795892221,90517200,0.0,1.0
2002-10-30 00:00:00+00:00,53.11,53.39,51.63,52.2,47225600,16.3755893305,16.4619226955,15.9192558301,16.0950058945,94451200,0.0,1.0
2002-10-31 00:00:00+00:00,53.47,54.07,52.85,53.19,52986900,16.4865893712,16.6715894389,16.2954226345,16.4002560062,105973800,0.0,1.0
2002-11-01 00:00:00+00:00,53.0,53.24,51.9,52.43,52548900,16.3416726515,16.4156726786,16.0025058606,16.1659225871,105097800,0.0,1.0
2002-11-04 00:00:00+00:00,56.1,57.25,55.52,56.75,69982100,17.2975063348,17.652089798,17.118672936,17.4979230749,139964200,0.0,1.0
2002-11-05 00:00:00+00:00,56.68,56.8,55.58,55.78,38329100,17.4763397337,17.5133397472,17.1371729428,17.198839632,76658200,0.0,1.0
2002-11-06 00:00:00+00:00,57.03,57.1,55.53,56.99,57703500,17.5842564399,17.6058397811,17.1217562705,17.571923102,115407000,0.0,1.0
2002-11-07 00:00:00+00:00,56.01,56.62,55.5,56.2,36849800,17.2697563247,17.4578397269,17.1125062671,17.3283396795,73699600,0.0,1.0
2002-11-08 00:00:00+00:00,55.1,56.55,55.01,56.0,32261100,16.9891728886,17.4362563857,16.9614228784,17.2666729902,64522200,0.0,1.0
2002-11-11 00:00:00+00:00,53.86,55.1,53.82,55.07,29170600,16.6068394152,16.9891728886,16.5945060774,16.9799228852,58341200,0.0,1.0
2002-11-12 00:00:00+00:00,54.51,55.43,53.9,54.1,40699300,16.8072561553,17.0909229259,16.6191727531,16.6808394423,81398600,0.0,1.0
2002-11-13 00:00:00+00:00,55.36,55.93,54.11,54.24,53685100,17.0693395846,17.245089649,16.6839227768,16.7240061248,107370200,0.0,1.0
2002-11-14 00:00:00+00:00,56.99,57.0,55.87,55.99,39168500,17.571923102,17.5750064365,17.2265896422,17.2635896558,78337000,0.0,1.0
2002-11-15 00:00:00+00:00,56.69,56.92,55.67,56.6,38766800,17.4794230681,17.5503397608,17.164922953,17.451673058,77533600,0.0,1.0
2002-11-18 00:00:00+00:00,55.85,57.03,55.74,56.95,29043200,17.2204229733,17.5842564399,17.1865062942,17.5595897642,58086400,0.0,1.0
2002-11-19 00:00:00+00:00,54.86,55.8,54.31,55.55,38201700,16.9151728615,17.205006301,16.745589466,17.1279229394,76403400,0.0,1.0
2002-11-20 00:00:00+00:00,56.62,56.9,54.93,55.01,38217700,17.4578397269,17.5441730918,16.9367562027,16.9614228784,76435400,0.0,1.0
2002-11-21 00:00:00+00:00,57.84,58.0,56.78,56.98,41461100,17.8340065313,17.8833398827,17.5071730783,17.5688397675,82922200,0.0,1.0
2002-11-22 00:00:00+00:00,58.22,58.3,57.05,57.45,35001000,17.9511732409,17.9758399166,17.5904231088,17.7137564873,70002000,0.0,1.0
2002-11-25 00:00:00+00:00,58.23,58.64,57.57,58.06,30791500,17.9542565754,18.0806732883,17.7507565008,17.9018398895,61583000,0.0,1.0
2002-11-26 00:00:00+00:00,56.9,58.25,56.78,57.64,34325200,17.5441730918,17.9604232443,17.5071730783,17.7723398421,68650400,0.0,1.0
2002-11-27 00:00:00+00:00,58.08,58.61,57.4,57.6,27595900,17.9080065584,18.0714232849,17.698339815,17.7600065042,55191800,0.0,1.0
2002-11-29 00:00:00+00:00,57.68,58.63,57.68,58.43,14196500,17.7846731799,18.0775899539,17.7846731799,18.0159232646,28393000,0.0,1.0
2002-12-02 00:00:00+00:00,57.69,58.96,57.01,58.65,31867500,17.7877565144,18.1793399911,17.5780897709,18.0837566228,63735000,0.0,1.0
2002-12-03 00:00:00+00:00,56.71,57.35,56.41,57.28,29228700,17.4855897371,17.6829231427,17.3930897032,17.6613398014,58457400,0.0,1.0
2002-12-04 00:00:00+00:00,56.54,57.44,55.82,56.13,41946000,17.4331730512,17.7106731528,17.2111729699,17.3067563382,83892000,0.0,1.0
2002-12-05 00:00:00+00:00,55.34,57.09,55.3,56.95,34217900,17.0631729157,17.6027564466,17.0508395778,17.5595897642,68435800,0.0,1.0
2002-12-06 00:00:00+00:00,55.47,55.74,54.22,54.87,35835100,17.1032562637,17.1865062942,16.7178394559,16.918256196,71670200,0.0,1.0
2002-12-09 00:00:00+00:00,53.53,55.22,53.51,55.0,31931400,16.505089378,17.0261729021,16.498922709,16.958339544,63862800,0.0,1.0
2002-12-10 00:00:00+00:00,54.01,54.48,53.48,53.56,31865100,16.6530894322,16.7980061519,16.4896727057,16.5143393814,63730200,0.0,1.0
2002-12-11 00:00:00+00:00,54.66,55.01,53.58,53.85,34593100,16.8535061722,16.9614228784,16.5205060503,16.6037560808,69186200,0.0,1.0
2002-12-12 00:00:00+00:00,54.17,55.06,53.69,55.0,27621000,16.7024227836,16.9768395507,16.5544227294,16.958339544,55242000,0.0,1.0
2002-12-13 00:00:00+00:00,52.5,53.75,52.49,53.68,32622700,16.1875059283,16.5729227361,16.1844225939,16.5513393949,65245400,0.0,1.0
2002-12-16 00:00:00+00:00,54.48,54.55,52.67,53.0,30070200,16.7980061519,16.8195894931,16.2399226142,16.3416726515,60140400,0.0,1.0
2002-12-17 00:00:00+00:00,54.36,54.99,53.78,54.42,24774900,16.7610061384,16.9552562095,16.5821727395,16.7795061451,49549800,0.0,1.0
2002-12-18 00:00:00+00:00,53.53,54.4,52.79,53.84,31354700,16.505089378,16.7733394762,16.2769226277,16.6006727463,62709400,0.0,1.0
2002-12-19 00:00:00+00:00,53.11,54.75,52.88,53.25,41343300,16.3755893305,16.8812561824,16.3046726379,16.418756013,82686600,0.0,1.0
2002-12-20 00:00:00+00:00,53.04,53.72,52.95,53.49,49147300,16.3540059893,16.5636727328,16.3262559791,16.4927560401,98294600,0.0,1.0
2002-12-23 00:00:00+00:00,54.0,54.28,52.9,53.05,24399200,16.6500060977,16.7363394627,16.3108393068,16.3570893238,48798400,0.0,1.0
2002-12-24 00:00:00+00:00,53.82,54.23,53.52,53.54,9193000,16.5945060774,16.7209227903,16.5020060435,16.5081727124,18386000,0.0,1.0
2002-12-26 00:00:00+00:00,53.39,54.69,53.17,54.03,18614000,16.4619226955,16.8627561756,16.3940893373,16.6592561011,37228000,0.0,1.0
2002-12-27 00:00:00+00:00,52.97,54.0,52.9,53.28,20445800,16.3324226481,16.6500060977,16.3108393068,16.4280060164,40891600,0.0,1.0
2002-12-30 00:00:00+00:00,52.75,53.24,52.27,53.01,24009800,16.2645892899,16.4156726786,16.1165892357,16.3447559859,48019600,0.0,1.0
2002-12-31 00:00:00+00:00,51.7,52.99,51.26,52.74,29104400,15.9408391713,16.338589317,15.805172455,16.2615059554,58208800,0.0,1.0
2003-01-02 00:00:00+00:00,53.72,53.75,51.71,52.3,33512600,16.5636727328,16.5729227361,15.9439225058,16.1258392391,67025200,0.0,1.0
2003-01-03 00:00:00+00:00,53.79,53.8,52.88,53.59,27773400,16.585256074,16.5883394085,16.3046726379,16.5235893847,55546800,0.0,1.0
2003-01-06 00:00:00+00:00,54.77,55.23,53.8,54.02,29728100,16.8874228513,17.0292562366,16.5883394085,16.6561727666,59456200,0.0,1.0
2003-01-07 00:00:00+00:00,55.8,56.01,54.68,54.92,40258700,17.205006301,17.2697563247,16.8596728412,16.9336728683,80517400,0.0,1.0
2003-01-08 00:00:00+00:00,54.24,55.55,54.11,55.37,32283000,16.7240061248,17.1279229394,16.6839227768,17.0724229191,64566000,0.0,1.0
2003-01-09 00:00:00+00:00,55.81,55.92,54.53,54.72,30904000,17.2080896354,17.2420063145,16.8134228242,16.872006179,61808000,0.0,1.0
2003-01-10 00:00:00+00:00,55.92,56.3,54.9,55.1,33865100,17.2420063145,17.3591730241,16.9275061993,16.9891728886,67730200,0.0,1.0
2003-01-13 00:00:00+00:00,56.39,56.75,55.77,56.52,30408900,17.3869230343,17.4979230749,17.1957562976,17.4270063823,60817800,0.0,1.0
2003-01-14 00:00:00+00:00,56.97,57.0,56.19,56.33,27103200,17.5657564331,17.5750064365,17.325256345,17.3684230275,54206400,0.0,1.0
2003-01-15 00:00:00+00:00,56.27,57.32,56.19,57.0,29811300,17.3499230207,17.6736731393,17.325256345,17.5750064365,59622600,0.0,1.0
2003-01-16 00:00:00+00:00,55.35,56.65,55.11,56.32,40685500,17.0662562502,17.4670897303,16.9922562231,17.365339693,81371000,0.0,1.0
2003-01-17 00:00:00+00:00,51.46,53.0,51.31,52.94,77938000,15.8668391442,16.3416726515,15.8205891273,16.3231726447,155876000,0.0,1.0
2003-01-21 00:00:00+00:00,51.33,52.15,51.29,51.87,43079600,15.8267557962,16.0795892221,15.8144224584,15.9932558572,86159200,0.0,1.0
2003-01-22 00:00:00+00:00,51.0,52.4,50.91,51.59,43474000,15.7250057589,16.1566725837,15.6972557488,15.9069224922,86948000,0.0,1.0
2003-01-23 00:00:00+00:00,52.28,52.54,51.46,51.95,35687400,16.1196725702,16.1998392662,15.8668391442,16.0179225329,71374800,0.0,1.0
2003-01-24 00:00:00+00:00,49.85,52.05,49.7,52.03,51513500,15.3704222958,16.0487558775,15.3241722788,16.0425892086,103027000,0.0,1.0
2003-01-27 00:00:00+00:00,49.17,50.6,48.41,49.32,57419300,15.1607555523,15.6016723804,14.9264221332,15.2070055692,114838600,0.0,1.0
2003-01-28 00:00:00+00:00,48.82,49.7,48.56,49.69,43075600,15.0528388461,15.3241722788,14.9726721501,15.3210889444,86151200,0.0,1.0
2003-01-29 00:00:00+00:00,49.91,50.04,47.93,48.73,53442000,15.3889223025,15.4290056505,14.7784220789,15.025088836,106884000,0.0,1.0
2003-01-30 00:00:00+00:00,48.24,50.17,48.19,50.16,43938700,14.8740054473,15.4690889986,14.858588775,15.4660056641,87877400,0.0,1.0
2003-01-31 00:00:00+00:00,47.46,48.35,47.03,47.45,53429200,14.6335053592,14.9079221264,14.5009219773,14.6304220247,106858400,0.0,1.0
2003-02-03 00:00:00+00:00,48.56,49.1,47.46,47.93,40064900,14.9726721501,15.1391722111,14.6335053592,14.7784220789,80129800,0.0,1.0
2003-02-04 00:00:00+00:00,47.32,47.94,46.88,47.8,40927400,14.5903386767,14.7815054134,14.4546719604,14.7383387309,81854800,0.0,1.0
2003-02-05 00:00:00+00:00,46.96,48.53,46.73,47.83,50536000,14.4793386361,14.9634221467,14.4084219434,14.7475887343,101072000,0.0,1.0
2003-02-06 00:00:00+00:00,47.42,47.62,46.56,46.86,41656000,14.6211720214,14.6828387106,14.3560052576,14.4485052915,83312000,0.0,1.0
2003-02-07 00:00:00+00:00,46.58,47.95,46.41,47.88,37604000,14.3621719265,14.7845887479,14.3097552406,14.7630054066,75208000,0.0,1.0
2003-02-10 00:00:00+00:00,47.38,47.52,46.54,46.8,37040700,14.6088386835,14.652005366,14.3498385887,14.4300052847,74081400,0.0,1.0
2003-02-11 00:00:00+00:00,46.44,47.67,46.0,47.3,42146000,14.319005244,14.6982553829,14.1833385277,14.5841720078,84292000,0.0,1.0
2003-02-12 00:00:00+00:00,46.44,47.1,46.26,46.55,35657600,14.319005244,14.5225053186,14.2635052237,14.3529219231,71315200,0.0,1.0
2003-02-13 00:00:00+00:00,46.99,47.12,46.13,46.41,36779100,14.4885886395,14.5286719875,14.2234218757,14.3097552406,73558200,0.0,1.0
2003-02-14 00:00:00+00:00,48.3,48.5,46.77,47.25,45223200,14.8925054541,14.9541721433,14.4207552813,14.5687553355,90446400,0.0,1.0
2003-02-18 00:00:00+00:00,24.96,24.99,24.4,24.62,28707750,15.392005637,15.4105056438,15.0466721772,15.1823388935,28707750,0.0,2.0
2003-02-19 00:00:00+00:00,24.53,24.88,24.17,24.82,46902700,15.1761722246,15.3927095372,14.9534481316,15.3555888551,46902700,0.08,1.0
2003-02-20 00:00:00+00:00,24.14,24.87,24.1,24.77,50897200,14.9348877906,15.3865227569,14.9101406691,15.3246549533,50897200,0.0,1.0
2003-02-21 00:00:00+00:00,24.63,24.8,23.7,24.29,56853200,15.2380400282,15.3432152944,14.6626694547,15.027689496,56853200,0.0,1.0
2003-02-24 00:00:00+00:00,24.07,24.5,23.84,24.44,62403700,14.891580328,15.1576118835,14.7492843797,15.1204912014,62403700,0.0,1.0
2003-02-25 00:00:00+00:00,24.19,24.27,23.38,23.54,68113000,14.9658216924,15.0153159352,14.4646924831,14.5636809689,68113000,0.0,1.0
2003-02-26 00:00:00+00:00,23.61,24.47,23.58,24.07,57096000,14.6069884314,15.1390515425,14.5884280904,14.891580328,57096000,0.0,1.0
2003-02-27 00:00:00+00:00,23.58,24.21,23.3,23.9,75434300,14.5884280904,14.9781952531,14.4151982403,14.7864050619,75434300,0.0,1.0
2003-02-28 00:00:00+00:00,23.7,24.07,23.55,23.74,56585400,14.6626694547,14.891580328,14.5698677493,14.6874165761,56585400,0.0,1.0
2003-03-03 00:00:00+00:00,23.54,24.12,23.4,24.02,50653500,14.5636809689,14.9225142298,14.4770660439,14.8606464262,50653500,0.0,1.0
2003-03-04 00:00:00+00:00,23.07,23.66,23.06,23.58,56605700,14.272902292,14.6379223332,14.2667155116,14.5884280904,56605700,0.0,1.0
2003-03-05 00:00:00+00:00,23.44,23.55,23.05,23.07,55415900,14.5018131653,14.5698677493,14.2605287312,14.272902292,55415900,0.0,1.0
2003-03-06 00:00:00+00:00,23.27,23.5,23.13,23.17,54607600,14.3966378992,14.5389338475,14.3100229741,14.3347700956,54607600,0.0,1.0
2003-03-07 00:00:00+00:00,23.56,23.79,22.9,22.95,66167600,14.5760545296,14.7183504779,14.1677270258,14.1986609276,66167600,0.0,1.0
2003-03-10 00:00:00+00:00,22.95,23.46,22.89,23.31,48413600,14.1986609276,14.514186726,14.1615402455,14.4213850206,48413600,0.0,1.0
2003-03-11 00:00:00+00:00,22.8,23.26,22.76,23.06,53990700,14.1058592222,14.3904511188,14.0811121008,14.2667155116,53990700,0.0,1.0
2003-03-12 00:00:00+00:00,23.39,23.44,22.55,22.81,72379500,14.4708792635,14.5018131653,13.9511897132,14.1120460026,72379500,0.0,1.0
2003-03-13 00:00:00+00:00,24.67,24.74,23.44,23.72,80701300,15.2627871497,15.3060946122,14.5018131653,14.6750430154,80701300,0.0,1.0
2003-03-14 00:00:00+00:00,24.86,24.96,24.26,24.68,75451400,15.3803359765,15.4422037801,15.0091291549,15.26897393,75451400,0.0,1.0
2003-03-17 00:00:00+00:00,25.93,25.95,24.33,24.52,100983800,16.0423214751,16.0546950358,15.0524366174,15.1699854443,100983800,0.0,1.0
2003-03-18 00:00:00+00:00,26.04,26.04,25.5,25.89,78108800,16.1103760591,16.1103760591,15.7762899196,16.0175743537,78108800,0.0,1.0
2003-03-19 00:00:00+00:00,26.32,26.43,25.74,25.98,73652100,16.2836059092,16.3516604931,15.9247726483,16.0732553769,73652100,0.0,1.0
2003-03-20 00:00:00+00:00,26.25,26.52,25.67,26.02,71798500,16.2402984466,16.4073415164,15.8814651857,16.0980024983,71798500,0.0,1.0
2003-03-21 00:00:00+00:00,26.57,26.8,26.03,26.75,85586800,16.4382754182,16.5805713665,16.1041892787,16.5496374647,85586800,0.0,1.0
2003-03-24 00:00:00+00:00,25.29,25.93,25.18,25.55,61105200,15.646367532,16.0423214751,15.5783129481,15.8072238214,61105200,0.0,1.0
2003-03-25 00:00:00+00:00,25.49,25.75,25.03,25.6,63595100,15.7701031392,15.9309594286,15.4855112426,15.8381577232,63595100,0.0,1.0
2003-03-26 00:00:00+00:00,25.25,25.62,25.24,25.46,51673600,15.6216204106,15.8505312839,15.6154336302,15.7515427982,51673600,0.0,1.0
2003-03-27 00:00:00+00:00,25.04,25.26,24.59,24.94,60043300,15.491698023,15.6278071909,15.2132929068,15.4298302194,60043300,0.0,1.0
2003-03-28 00:00:00+00:00,24.67,25.1,24.6,24.67,39584600,15.2627871497,15.5288187052,15.2194796871,15.2627871497,39584600,0.0,1.0
2003-03-31 00:00:00+00:00,24.21,24.71,24.01,24.25,71384000,14.9781952531,15.2875342711,14.8544596459,15.0029423745,71384000,0.0,1.0
2003-04-01 00:00:00+00:00,24.35,24.7,24.25,24.46,49803200,15.0648101781,15.2813474907,15.0029423745,15.1328647621,49803200,0.0,1.0
2003-04-02 00:00:00+00:00,25.72,26.0,25.1,25.1,68282500,15.9123990875,16.0856289376,15.5288187052,15.5288187052,68282500,0.0,1.0
2003-04-03 00:00:00+00:00,25.73,26.09,25.6,25.99,57394300,15.9185858679,16.1413099609,15.8381577232,16.0794421573,57394300,0.0,1.0
2003-04-04 00:00:00+00:00,25.09,25.8,24.93,25.76,55740600,15.5226319248,15.9618933304,15.423643439,15.937146209,55740600,0.0,1.0
2003-04-07 00:00:00+00:00,25.17,26.43,25.17,26.23,65627100,15.5721261677,16.3516604931,15.5721261677,16.2279248859,65627100,0.0,1.0
2003-04-08 00:00:00+00:00,25.58,25.83,25.2,25.31,54132100,15.8257841625,15.9804536715,15.5906865088,15.6587410927,54132100,0.0,1.0
2003-04-09 00:00:00+00:00,24.57,25.67,24.54,25.61,76875800,15.2009193461,15.8814651857,15.182359005,15.8443445036,76875800,0.0,1.0
2003-04-10 00:00:00+00:00,24.59,24.79,24.28,24.71,51608900,15.2132929068,15.337028514,15.0215027156,15.2875342711,51608900,0.0,1.0
2003-04-11 00:00:00+00:00,24.2,25.18,23.95,24.89,71565500,14.9720084727,15.5783129481,14.8173389637,15.3988963176,71565500,0.0,1.0
2003-04-14 00:00:00+00:00,24.76,24.88,24.0,24.27,51599600,15.3184681729,15.3927095372,14.8482728655,15.0153159352,51599600,0.0,1.0
2003-04-15 00:00:00+00:00,24.6,24.79,24.1,24.68,63399000,15.2194796871,15.337028514,14.9101406691,15.26897393,63399000,0.0,1.0
2003-04-16 00:00:00+00:00,24.92,25.74,24.6,25.6,86178700,15.4174566587,15.9247726483,15.2194796871,15.8381577232,86178700,0.0,1.0
2003-04-17 00:00:00+00:00,25.5,25.54,24.74,24.77,58356600,15.7762899196,15.801037041,15.3060946122,15.3246549533,58356600,0.0,1.0
2003-04-21 00:00:00+00:00,25.21,25.61,25.08,25.61,41557800,15.5968732891,15.8443445036,15.5164451445,15.8443445036,41557800,0.0,1.0
2003-04-22 00:00:00+00:00,25.76,25.8,25.03,25.06,58844000,15.937146209,15.9618933304,15.4855112426,15.5040715837,58844000,0.0,1.0
2003-04-23 00:00:00+00:00,25.72,25.99,25.47,25.75,55559300,15.9123990875,16.0794421573,15.7577295785,15.9309594286,55559300,0.0,1.0
2003-04-24 00:00:00+00:00,25.49,25.72,25.32,25.48,51703600,15.7701031392,15.9123990875,15.6649278731,15.7639163589,51703600,0.0,1.0
2003-04-25 00:00:00+00:00,25.22,25.64,25.17,25.33,53657400,15.6030600695,15.8629048446,15.5721261677,15.6711146535,53657400,0.0,1.0
2003-04-28 00:00:00+00:00,25.74,25.94,25.32,25.39,56287600,15.9247726483,16.0485082555,15.6649278731,15.7082353356,56287600,0.0,1.0
2003-04-29 00:00:00+00:00,25.8,26.25,25.68,25.95,65877300,15.9618933304,16.2402984466,15.8876519661,16.0546950358,65877300,0.0,1.0
2003-04-30 00:00:00+00:00,25.57,25.88,25.25,25.73,55566800,15.8195973821,16.0113875733,15.6216204106,15.9185858679,55566800,0.0,1.0
2003-05-01 00:00:00+00:00,25.72,25.95,25.34,25.54,42085800,15.9123990875,16.0546950358,15.6773014338,15.801037041,42085800,0.0,1.0
2003-05-02 00:00:00+00:00,26.1,26.29,25.56,25.65,52695400,16.1474967412,16.2650455681,15.8134106018,15.869091625,52695400,0.0,1.0
2003-05-05 00:00:00+00:00,25.86,26.39,25.84,26.25,50391500,15.9990140126,16.3269133717,15.9866404519,16.2402984466,50391500,0.0,1.0
2003-05-06 00:00:00+00:00,26.37,26.5,25.82,25.86,54299500,16.314539811,16.3949679557,15.9742668911,15.9990140126,54299500,0.0,1.0
2003-05-07 00:00:00+00:00,25.99,26.35,25.84,26.11,49120000,16.0794421573,16.3021662503,15.9866404519,16.1536835216,49120000,0.0,1.0
2003-05-08 00:00:00+00:00,25.74,26.14,25.71,25.75,46401400,15.9247726483,16.1722438627,15.9062123072,15.9309594286,46401400,0.0,1.0
2003-05-09 00:00:00+00:00,26.36,26.5,25.89,25.9,58913600,16.3083530306,16.3949679557,16.0175743537,16.023761134,58913600,0.0,1.0
2003-05-12 00:00:00+00:00,26.2,26.47,26.06,26.15,53900800,16.2093645448,16.3764076146,16.1227496198,16.178430643,53900800,0.0,1.0
2003-05-13 00:00:00+00:00,25.99,26.2,25.89,26.04,44501900,16.0794421573,16.2093645448,16.0175743537,16.1103760591,44501900,0.0,1.0
2003-05-14 00:00:00+00:00,25.62,26.18,25.54,26.08,45021000,15.8505312839,16.1969909841,15.801037041,16.1351231805,45021000,0.0,1.0
2003-05-15 00:00:00+00:00,25.79,26.01,25.57,25.85,45450200,15.9557065501,16.091815718,15.8195973821,15.9928272322,45450200,0.0,1.0
2003-05-16 00:00:00+00:00,25.57,26.05,25.41,25.88,60620900,15.8195973821,16.1165628394,15.7206088964,16.0113875733,60620900,0.0,1.0
2003-05-19 00:00:00+00:00,24.76,25.54,24.74,25.4,55336300,15.3184681729,15.801037041,15.3060946122,15.714422116,55336300,0.0,1.0
2003-05-20 00:00:00+00:00,24.63,25.0,24.5,24.86,52677600,15.2380400282,15.4669509016,15.1576118835,15.3803359765,52677600,0.0,1.0
2003-05-21 00:00:00+00:00,24.03,24.71,23.89,24.63,108960900,14.8668332066,15.2875342711,14.7802182815,15.2380400282,108960900,0.0,1.0
2003-05-22 00:00:00+00:00,24.16,24.27,24.04,24.2,93157100,14.9472613513,15.0153159352,14.8730199869,14.9720084727,93157100,0.0,1.0
2003-05-23 00:00:00+00:00,24.22,24.54,24.03,24.2,76968000,14.9843820334,15.182359005,14.8668332066,14.9720084727,76968000,0.0,1.0
2003-05-27 00:00:00+00:00,24.79,24.89,24.22,24.25,68486800,15.337028514,15.3988963176,14.9843820334,15.0029423745,68486800,0.0,1.0
2003-05-28 00:00:00+00:00,24.41,24.87,24.3,24.78,91467000,15.1019308603,15.3865227569,15.0338762763,15.3308417336,91467000,0.0,1.0
2003-05-29 00:00:00+00:00,24.4,24.67,24.23,24.47,75451300,15.0957440799,15.2627871497,14.9905688138,15.1390515425,75451300,0.0,1.0
2003-05-30 00:00:00+00:00,24.61,24.91,24.51,24.73,85096700,15.2256664675,15.4112698783,15.1637986639,15.2999078318,85096700,0.0,1.0
2003-06-02 00:00:00+00:00,24.64,25.03,24.57,24.98,66310800,15.2442268086,15.4855112426,15.2009193461,15.4545773408,66310800,0.0,1.0
2003-06-03 00:00:00+00:00,24.88,24.92,24.57,24.75,61058200,15.3927095372,15.4174566587,15.2009193461,15.3122813926,61058200,0.0,1.0
2003-06-04 00:00:00+00:00,24.87,25.22,24.74,24.99,83484600,15.3865227569,15.6030600695,15.3060946122,15.4607641212,83484600,0.0,1.0
2003-06-05 00:00:00+00:00,24.09,24.52,24.01,24.47,115877900,14.9039538887,15.1699854443,14.8544596459,15.1390515425,115877900,0.0,1.0
2003-06-06 00:00:00+00:00,23.67,24.56,23.65,24.44,119629400,14.6441091136,15.1947325657,14.6317355529,15.1204912014,119629400,0.0,1.0
2003-06-09 00:00:00+00:00,23.75,23.98,23.6,23.72,73610000,14.6936033565,14.8358993048,14.6008016511,14.6750430154,73610000,0.0,1.0
2003-06-10 00:00:00+00:00,24.68,24.75,23.85,23.94,80655300,15.26897393,15.3122813926,14.7554711601,14.8111521833,80655300,0.0,1.0
2003-06-11 00:00:00+00:00,24.88,24.96,24.42,24.67,75768600,15.3927095372,15.4422037801,15.1081176406,15.2627871497,75768600,0.0,1.0
2003-06-12 00:00:00+00:00,24.99,25.14,24.74,24.97,66177700,15.4607641212,15.5535658266,15.3060946122,15.4483905605,66177700,0.0,1.0
2003-06-13 00:00:00+00:00,24.65,25.25,24.49,25.2,55157500,15.2504135889,15.6216204106,15.1514251032,15.5906865088,55157500,0.0,1.0
2003-06-16 00:00:00+00:00,25.39,25.42,24.67,24.8,69658600,15.7082353356,15.7267956767,15.2627871497,15.3432152944,69658600,0.0,1.0
2003-06-17 00:00:00+00:00,25.96,26.14,25.53,25.64,122213900,16.0608818162,16.1722438627,15.7948502607,15.8629048446,122213900,0.0,1.0
2003-06-18 00:00:00+00:00,26.07,26.43,25.71,25.98,89957700,16.1289364002,16.3516604931,15.9062123072,16.0732553769,89957700,0.0,1.0
2003-06-19 00:00:00+00:00,26.07,26.39,26.01,26.09,63626900,16.1289364002,16.3269133717,16.091815718,16.1413099609,63626900,0.0,1.0
2003-06-20 00:00:00+00:00,26.33,26.38,26.01,26.34,86048900,16.2897926895,16.3207265913,16.091815718,16.2959794699,86048900,0.0,1.0
2003-06-23 00:00:00+00:00,25.78,26.24,25.49,26.14,52584500,15.9495197697,16.2341116663,15.7701031392,16.1722438627,52584500,0.0,1.0
2003-06-24 00:00:00+00:00,25.7,26.04,25.52,25.65,51820300,15.9000255268,16.1103760591,15.7886634803,15.869091625,51820300,0.0,1.0
2003-06-25 00:00:00+00:00,25.26,25.99,25.14,25.64,60483500,15.6278071909,16.0794421573,15.5535658266,15.8629048446,60483500,0.0,1.0
2003-06-26 00:00:00+00:00,25.75,26.51,25.21,25.39,51758100,15.9309594286,16.401154736,15.5968732891,15.7082353356,51758100,0.0,1.0
2003-06-27 00:00:00+00:00,25.63,26.34,25.53,25.95,76040300,15.8567180643,16.2959794699,15.7948502607,16.0546950358,76040300,0.0,1.0
2003-06-30 00:00:00+00:00,25.64,26.12,25.5,25.94,48073100,15.8629048446,16.159870302,15.7762899196,16.0485082555,48073100,0.0,1.0
2003-07-01 00:00:00+00:00,26.15,26.2,25.39,25.59,60926000,16.178430643,16.2093645448,15.7082353356,15.8319709428,60926000,0.0,1.0
2003-07-02 00:00:00+00:00,26.88,26.93,26.45,26.5,94069300,16.6300656094,16.6609995112,16.3640340539,16.3949679557,94069300,0.0,1.0
2003-07-03 00:00:00+00:00,26.5,26.95,26.41,26.69,39440900,16.3949679557,16.6733730719,16.3392869324,16.5125167825,39440900,0.0,1.0
2003-07-07 00:00:00+00:00,27.42,27.55,26.95,27.02,88960800,16.9641517488,17.0445798935,16.6733730719,16.7166805344,88960800,0.0,1.0
2003-07-08 00:00:00+00:00,27.7,27.8,27.25,27.26,61896800,17.1373815989,17.1992494025,16.8589764827,16.8651632631,61896800,0.0,1.0
2003-07-09 00:00:00+00:00,27.47,27.7,27.25,27.56,62300700,16.9950856506,17.1373815989,16.8589764827,17.0507666739,62300700,0.0,1.0
2003-07-10 00:00:00+00:00,26.91,27.42,26.59,27.25,55350800,16.6486259504,16.9641517488,16.4506489789,16.8589764827,55350800,0.0,1.0
2003-07-11 00:00:00+00:00,27.31,27.45,26.89,26.95,50377300,16.8960971649,16.9827120899,16.6362523897,16.6733730719,50377300,0.0,1.0
2003-07-14 00:00:00+00:00,27.4,27.81,27.05,27.63,60464400,16.9517781881,17.2054361829,16.7352408755,17.0940741364,60464400,0.0,1.0
2003-07-15 00:00:00+00:00,27.27,27.53,27.1,27.47,53567600,16.8713500434,17.0322063328,16.7661747773,16.9950856506,53567600,0.0,1.0
2003-07-16 00:00:00+00:00,27.52,27.62,27.2,27.56,49838900,17.0260195524,17.0878873561,16.8280425809,17.0507666739,49838900,0.0,1.0
2003-07-17 00:00:00+00:00,26.69,27.27,26.54,27.14,72805000,16.5125167825,16.8713500434,16.4197150771,16.7909218987,72805000,0.0,1.0
2003-07-18 00:00:00+00:00,26.89,27.23,26.75,27.11,63388400,16.6362523897,16.846602922,16.5496374647,16.7723615577,63388400,0.0,1.0
2003-07-21 00:00:00+00:00,26.04,26.91,26.0,26.87,48480800,16.1103760591,16.6486259504,16.0856289376,16.623878829,48480800,0.0,1.0
2003-07-22 00:00:00+00:00,26.38,26.56,26.13,26.28,51791000,16.3207265913,16.4320886378,16.1660570823,16.2588587877,51791000,0.0,1.0
2003-07-23 00:00:00+00:00,26.45,26.65,26.14,26.42,49828200,16.3640340539,16.4877696611,16.1722438627,16.3454737128,49828200,0.0,1.0
2003-07-24 00:00:00+00:00,26.0,26.92,25.98,26.78,53556600,16.0856289376,16.6548127308,16.0732553769,16.5681978058,53556600,0.0,1.0
2003-07-25 00:00:00+00:00,26.89,26.95,26.07,26.28,54173000,16.6362523897,16.6733730719,16.1289364002,16.2588587877,54173000,0.0,1.0
2003-07-28 00:00:00+00:00,26.61,27.0,26.49,26.94,52658300,16.4630225396,16.7043069737,16.3887811753,16.6671862915,52658300,0.0,1.0
2003-07-29 00:00:00+00:00,26.47,26.9,26.24,26.88,62391100,16.3764076146,16.6424391701,16.2341116663,16.6300656094,62391100,0.0,1.0
2003-07-30 00:00:00+00:00,26.23,26.57,26.17,26.46,41240300,16.2279248859,16.4382754182,16.1908042038,16.3702208342,41240300,0.0,1.0
2003-07-31 00:00:00+00:00,26.41,26.99,26.31,26.6,64504800,16.3392869324,16.6981201933,16.2774191288,16.4568357593,64504800,0.0,1.0
2003-08-01 00:00:00+00:00,26.17,26.51,26.12,26.33,42649700,16.1908042038,16.401154736,16.159870302,16.2897926895,42649700,0.0,1.0
2003-08-04 00:00:00+00:00,26.18,26.41,25.75,26.15,51825600,16.1969909841,16.3392869324,15.9309594286,16.178430643,51825600,0.0,1.0
2003-08-05 00:00:00+00:00,25.66,26.54,25.6,26.31,58825800,15.8752784054,16.4197150771,15.8381577232,16.2774191288,58825800,0.0,1.0
2003-08-06 00:00:00+00:00,25.65,26.19,25.43,25.54,56294900,15.869091625,16.2031777645,15.7329824571,15.801037041,56294900,0.0,1.0
2003-08-07 00:00:00+00:00,25.71,25.81,25.45,25.72,44258500,15.9062123072,15.9680801108,15.7453560178,15.9123990875,44258500,0.0,1.0
2003-08-08 00:00:00+00:00,25.58,25.98,25.5,25.88,33241400,15.8257841625,16.0732553769,15.7762899196,16.0113875733,33241400,0.0,1.0
2003-08-11 00:00:00+00:00,25.61,25.99,25.54,25.61,36433900,15.8443445036,16.0794421573,15.801037041,15.8443445036,36433900,0.0,1.0
2003-08-12 00:00:00+00:00,25.73,25.77,25.45,25.71,38208400,15.9185858679,15.9433329893,15.7453560178,15.9062123072,38208400,0.0,1.0
2003-08-13 00:00:00+00:00,25.6,25.89,25.5,25.79,39636900,15.8381577232,16.0175743537,15.7762899196,15.9557065501,39636900,0.0,1.0
2003-08-14 00:00:00+00:00,25.63,25.71,25.52,25.66,37338300,15.8567180643,15.9062123072,15.7886634803,15.8752784054,37338300,0.0,1.0
2003-08-15 00:00:00+00:00,25.54,25.66,25.43,25.61,27607900,15.801037041,15.8752784054,15.7329824571,15.8443445036,27607900,0.0,1.0
2003-08-18 00:00:00+00:00,25.7,25.83,25.46,25.56,45817400,15.9000255268,15.9804536715,15.7515427982,15.8134106018,45817400,0.0,1.0
2003-08-19 00:00:00+00:00,26.62,26.65,25.77,25.85,72952900,16.46920932,16.4877696611,15.9433329893,15.9928272322,72952900,0.0,1.0
2003-08-20 00:00:00+00:00,26.45,26.53,26.0,26.3,56739300,16.3640340539,16.4135282967,16.0856289376,16.2712323484,56739300,0.0,1.0
2003-08-21 00:00:00+00:00,26.24,26.73,26.13,26.65,63802700,16.2341116663,16.537263904,16.1660570823,16.4877696611,63802700,0.0,1.0
2003-08-22 00:00:00+00:00,26.22,26.95,26.21,26.78,65846300,16.2217381056,16.6733730719,16.2155513252,16.5681978058,65846300,0.0,1.0
2003-08-25 00:00:00+00:00,26.5,26.54,26.23,26.31,36132900,16.3949679557,16.4197150771,16.2279248859,16.2774191288,36132900,0.0,1.0
2003-08-26 00:00:00+00:00,26.57,26.67,25.96,26.31,47546000,16.4382754182,16.5001432218,16.0608818162,16.2774191288,47546000,0.0,1.0
2003-08-27 00:00:00+00:00,26.42,26.58,26.3,26.51,30633900,16.3454737128,16.4444621985,16.2712323484,16.401154736,30633900,0.0,1.0
2003-08-28 00:00:00+00:00,26.51,26.58,26.24,26.5,46211200,16.401154736,16.4444621985,16.2341116663,16.3949679557,46211200,0.0,1.0
2003-08-29 00:00:00+00:00,26.52,26.55,26.35,26.46,34503000,16.4073415164,16.4259018575,16.3021662503,16.3702208342,34503000,0.0,1.0
2003-09-02 00:00:00+00:00,27.26,27.3,26.47,26.7,74168900,16.8651632631,16.8899103845,16.3764076146,16.5187035629,74168900,0.0,1.0
2003-09-03 00:00:00+00:00,28.3,28.4,27.38,27.42,109437800,17.5085884206,17.5704562242,16.9394046274,16.9641517488,109437800,0.0,1.0
2003-09-04 00:00:00+00:00,28.43,28.47,27.99,28.1,59840800,17.5890165653,17.6137636867,17.3167982294,17.3848528134,59840800,0.0,1.0
2003-09-05 00:00:00+00:00,28.38,28.75,28.17,28.23,64024500,17.5580826635,17.7869935368,17.4281602759,17.465280958,64024500,0.0,1.0
2003-09-08 00:00:00+00:00,28.84,28.92,28.34,28.39,46105300,17.84267456,17.8921688029,17.533335542,17.5642694438,46105300,0.0,1.0
2003-09-09 00:00:00+00:00,28.37,28.71,28.31,28.65,44315200,17.5518958831,17.7622464154,17.5147752009,17.7251257332,44315200,0.0,1.0
2003-09-10 00:00:00+00:00,27.55,28.18,27.48,28.03,54763500,17.0445798935,17.4343470562,17.001272431,17.3415453508,54763500,0.0,1.0
2003-09-11 00:00:00+00:00,27.84,28.11,27.59,27.66,37813300,17.223996524,17.3910395937,17.069327015,17.1126344775,37813300,0.0,1.0
2003-09-12 00:00:00+00:00,28.34,28.4,27.45,27.48,55777200,17.533335542,17.5704562242,16.9827120899,17.001272431,55777200,0.0,1.0
2003-09-15 00:00:00+00:00,28.36,28.61,28.33,28.37,41432300,17.5457091027,17.7003786118,17.5271487617,17.5518958831,41432300,0.0,1.0
2003-09-16 00:00:00+00:00,28.9,28.95,28.32,28.41,52060600,17.8797952422,17.910729144,17.5209619813,17.5766430045,52060600,0.0,1.0
2003-09-17 00:00:00+00:00,28.5,28.95,28.47,28.76,47221600,17.6323240278,17.910729144,17.6137636867,17.7931803172,47221600,0.0,1.0
2003-09-18 00:00:00+00:00,29.5,29.51,28.42,28.49,67268100,18.2510020638,18.2571888442,17.5828297849,17.6261372474,67268100,0.0,1.0
2003-09-19 00:00:00+00:00,29.96,29.97,29.52,29.76,92433800,18.5355939604,18.5417807408,18.2633756246,18.4118583532,92433800,0.0,1.0
2003-09-22 00:00:00+00:00,29.07,30.0,28.81,29.39,65678700,17.9849705083,18.5603410819,17.824114219,18.1829474799,65678700,0.0,1.0
2003-09-23 00:00:00+00:00,29.6,29.71,28.88,29.12,57827800,18.3128698675,18.3809244514,17.8674216815,18.0159044101,57827800,0.0,1.0
2003-09-24 00:00:00+00:00,28.46,29.7,28.42,29.61,66336500,17.6075769063,18.3747376711,17.5828297849,18.3190566478,66336500,0.0,1.0
2003-09-25 00:00:00+00:00,28.24,28.96,28.22,28.47,56224500,17.4714677384,17.9169159244,17.4590941777,17.6137636867,56224500,0.0,1.0
2003-09-26 00:00:00+00:00,28.19,28.78,28.14,28.27,49864700,17.4405338366,17.8055538779,17.4095999348,17.4900280795,49864700,0.0,1.0
2003-09-29 00:00:00+00:00,28.83,28.91,28.1,28.41,47380300,17.8364877797,17.8859820226,17.3848528134,17.5766430045,47380300,0.0,1.0
2003-09-30 00:00:00+00:00,27.8,28.61,27.75,28.59,63333700,17.1992494025,17.7003786118,17.1683155007,17.688005051,63333700,0.0,1.0
2003-10-01 00:00:00+00:00,28.52,28.63,27.81,28.03,58375900,17.6446975885,17.7127521725,17.2054361829,17.3415453508,58375900,0.0,1.0
2003-10-02 00:00:00+00:00,28.5,28.75,28.19,28.45,38143600,17.6323240278,17.7869935368,17.4405338366,17.601390126,38143600,0.0,1.0
2003-10-03 00:00:00+00:00,29.08,29.46,28.93,29.16,57303000,17.9911572887,18.2262549424,17.8983555833,18.0406515316,57303000,0.0,1.0
2003-10-06 00:00:00+00:00,29.19,29.3,28.91,29.15,34047600,18.0592118727,18.1272664566,17.8859820226,18.0344647512,34047600,0.0,1.0
2003-10-07 00:00:00+00:00,29.14,29.37,28.92,29.01,52356800,18.0282779709,18.1705739192,17.8921688029,17.9478498262,52356800,0.0,1.0
2003-10-08 00:00:00+00:00,28.82,29.36,28.68,29.36,46989100,17.8303009993,18.1643871388,17.7436860743,18.1643871388,46989100,0.0,1.0
2003-10-09 00:00:00+00:00,28.94,29.35,28.8,29.22,62653300,17.9045423637,18.1582003584,17.8179274386,18.0777722138,62653300,0.0,1.0
2003-10-10 00:00:00+00:00,28.91,29.2,28.67,28.91,37604700,17.8859820226,18.065398653,17.7374992939,17.8859820226,37604700,0.0,1.0
2003-10-13 00:00:00+00:00,28.78,29.1,28.5,28.98,39320300,17.8055538779,18.0035308494,17.6323240278,17.9292894851,39320300,0.0,1.0
2003-10-14 00:00:00+00:00,28.68,28.77,28.48,28.66,34851300,17.7436860743,17.7993670975,17.6199504671,17.7313125136,34851300,0.0,1.0
2003-10-15 00:00:00+00:00,29.07,29.26,28.7,29.2,57242100,18.0839589941,18.2021548045,17.8537882054,18.1648298118,57242100,0.16,1.0
2003-10-16 00:00:00+00:00,29.23,29.31,28.8,28.91,42232500,18.1834923081,18.2332589652,17.9159965267,17.9844256801,42232500,0.0,1.0
2003-10-17 00:00:00+00:00,28.93,29.29,28.8,29.28,49960000,17.9968673443,18.2208173009,17.9159965267,18.2145964688,49960000,0.0,1.0
2003-10-20 00:00:00+00:00,29.35,29.37,28.8,28.95,38794500,18.2581422937,18.2705839579,17.9159965267,18.0093090086,38794500,0.0,1.0
2003-10-21 00:00:00+00:00,29.35,29.43,29.17,29.35,44166800,18.2581422937,18.3079089507,18.1461673154,18.2581422937,44166800,0.0,1.0
2003-10-22 00:00:00+00:00,28.89,29.21,28.8,29.03,48798500,17.9719840158,18.1710506439,17.9159965267,18.0590756656,48798500,0.0,1.0
2003-10-23 00:00:00+00:00,28.91,29.08,28.1,28.72,67357900,17.9844256801,18.0901798262,17.4805382778,17.8662298697,67357900,0.0,1.0
2003-10-24 00:00:00+00:00,26.61,27.4,26.42,27.27,210558300,16.5536342908,17.0450800288,16.4354384804,16.9642092112,210558300,0.0,1.0
2003-10-27 00:00:00+00:00,26.91,27.1,26.82,26.91,65619100,16.7402592546,16.858455065,16.6842717655,16.7402592546,65619100,0.0,1.0
2003-10-28 00:00:00+00:00,27.2,27.22,26.88,27.09,71752600,16.9206633863,16.9331050506,16.7215967582,16.8522342329,71752600,0.0,1.0
2003-10-29 00:00:00+00:00,26.74,27.25,26.66,27.16,73551500,16.6345051084,16.9517675469,16.5847384514,16.8957800578,73551500,0.0,1.0
2003-10-30 00:00:00+00:00,26.12,27.04,25.91,27.01,98729400,16.2488135166,16.8211300723,16.1181760419,16.8024675759,98729400,0.0,1.0
2003-10-31 00:00:00+00:00,26.14,26.44,26.11,26.37,69623700,16.2612551808,16.4478801446,16.2425926844,16.4043343197,69623700,0.0,1.0
2003-11-03 00:00:00+00:00,26.68,26.75,26.29,26.35,57772300,16.5971801157,16.6407259406,16.3545676627,16.3918926555,57772300,0.0,1.0
2003-11-04 00:00:00+00:00,26.07,26.62,26.01,26.59,84026100,16.2177093559,16.5598551229,16.1803843632,16.5411926265,84026100,0.0,1.0
2003-11-05 00:00:00+00:00,26.1,26.32,26.0,26.15,61514400,16.2363718523,16.3732301591,16.174163531,16.2674760129,61514400,0.0,1.0
2003-11-06 00:00:00+00:00,26.23,26.3,26.0,26.26,68189800,16.31724267,16.3607884948,16.174163531,16.3359051663,68189800,0.0,1.0
2003-11-07 00:00:00+00:00,26.1,26.49,26.03,26.38,57822100,16.2363718523,16.4789843053,16.1928260274,16.4105551519,57822100,0.0,1.0
2003-11-10 00:00:00+00:00,26.0,26.23,26.0,26.12,54579100,16.174163531,16.31724267,16.174163531,16.2488135166,54579100,0.0,1.0
2003-11-11 00:00:00+00:00,25.8,26.08,25.67,26.01,64990700,16.0497468885,16.223930188,15.9688760708,16.1803843632,64990700,0.0,1.0
2003-11-12 00:00:00+00:00,25.98,26.14,25.6,25.85,75877300,16.1617218668,16.2612551808,15.9253302459,16.0808510491,75877300,0.0,1.0
2003-11-13 00:00:00+00:00,25.69,25.93,25.45,25.86,78949500,15.9813177351,16.1306177061,15.832017764,16.0870718812,78949500,0.0,1.0
2003-11-14 00:00:00+00:00,25.5,26.02,25.44,25.7,83146400,15.8631219247,16.1866051953,15.8257969319,15.9875385672,83146400,0.0,1.0
2003-11-17 00:00:00+00:00,25.15,25.44,24.84,25.39,103900200,15.6453928002,15.8257969319,15.4525470043,15.7946927713,103900200,0.0,1.0
2003-11-18 00:00:00+00:00,25.15,25.84,25.12,25.33,106868300,15.6453928002,16.074630217,15.6267303038,15.7573677785,106868300,0.0,1.0
2003-11-19 00:00:00+00:00,25.35,25.54,25.17,25.29,78853300,15.7698094427,15.8880052532,15.6578344645,15.73248445,78853300,0.0,1.0
2003-11-20 00:00:00+00:00,25.1,25.63,25.08,25.17,106845700,15.6142886396,15.9439927423,15.6018469753,15.6578344645,106845700,0.0,1.0
2003-11-21 00:00:00+00:00,25.11,25.38,25.08,25.33,70712900,15.6205094717,15.7884719391,15.6018469753,15.7573677785,70712900,0.0,1.0
2003-11-24 00:00:00+00:00,25.73,25.81,25.28,25.33,99463800,16.0062010636,16.0559677206,15.7262636179,15.7573677785,99463800,0.0,1.0
2003-11-25 00:00:00+00:00,25.4,25.95,25.38,25.87,85663800,15.8009136034,16.1430593704,15.7884719391,16.0932927134,85663800,0.0,1.0
2003-11-26 00:00:00+00:00,25.45,25.63,25.32,25.61,69758400,15.832017764,15.9439927423,15.7511469464,15.9315510781,69758400,0.0,1.0
2003-11-28 00:00:00+00:00,25.71,25.75,25.4,25.5,33402600,15.9937593993,16.0186427278,15.8009136034,15.8631219247,33402600,0.0,1.0
2003-12-01 00:00:00+00:00,25.84,26.21,25.5,25.9,101914600,16.074630217,16.3048010057,15.8631219247,16.1119552098,101914600,0.0,1.0
2003-12-02 00:00:00+00:00,25.66,26.09,25.61,25.95,85121700,15.9626552387,16.2301510202,15.9315510781,16.1430593704,85121700,0.0,1.0
2003-12-03 00:00:00+00:00,25.67,26.07,25.62,25.82,93121600,15.9688760708,16.2177093559,15.9377719102,16.0621885527,93121600,0.0,1.0
2003-12-04 00:00:00+00:00,26.2,26.23,25.66,25.72,87202400,16.2985801736,16.31724267,15.9626552387,15.9999802315,87202400,0.0,1.0
2003-12-05 00:00:00+00:00,25.98,26.48,25.92,25.96,96610900,16.1617218668,16.4727634731,16.124396874,16.1492802025,96610900,0.0,1.0
2003-12-08 00:00:00+00:00,26.24,26.34,25.81,26.12,90504000,16.3234635021,16.3856718234,16.0559677206,16.2488135166,90504000,0.0,1.0
2003-12-09 00:00:00+00:00,26.38,26.61,26.25,26.44,103547100,16.4105551519,16.5536342908,16.3296843342,16.4478801446,103547100,0.0,1.0
2003-12-10 00:00:00+00:00,26.59,26.63,26.38,26.45,82853700,16.5411926265,16.566075955,16.4105551519,16.4541009768,82853700,0.0,1.0
2003-12-11 00:00:00+00:00,26.61,26.77,26.28,26.59,79309000,16.5536342908,16.6531676048,16.3483468306,16.5411926265,79309000,0.0,1.0
2003-12-12 00:00:00+00:00,26.65,26.81,26.5,26.69,69154100,16.5785176193,16.6780509333,16.4852051374,16.6034009478,69154100,0.0,1.0
2003-12-15 00:00:00+00:00,26.74,27.1,26.68,27.05,88860600,16.6345051084,16.858455065,16.5971801157,16.8273509044,88860600,0.0,1.0
2003-12-16 00:00:00+00:00,27.06,27.16,26.77,26.83,73978000,16.8335717365,16.8957800578,16.6531676048,16.6904925976,73978000,0.0,1.0
2003-12-17 00:00:00+00:00,27.04,27.08,26.85,27.04,53712300,16.8211300723,16.8460134008,16.7029342618,16.8211300723,53712300,0.0,1.0
2003-12-18 00:00:00+00:00,27.4,27.45,27.05,27.1,61177800,17.0450800288,17.0761841895,16.8273509044,16.858455065,61177800,0.0,1.0
2003-12-19 00:00:00+00:00,27.36,27.55,27.19,27.49,76856400,17.0201967003,17.1383925108,16.9144425542,17.101067518,76856400,0.0,1.0
2003-12-22 00:00:00+00:00,27.18,27.43,26.97,27.16,43894800,16.908221722,17.0637425252,16.7775842474,16.8957800578,43894800,0.0,1.0
2003-12-23 00:00:00+00:00,27.15,27.34,27.01,27.17,39609000,16.8895592257,17.0077550361,16.8024675759,16.9020008899,39609000,0.0,1.0
2003-12-24 00:00:00+00:00,27.04,27.16,27.0,27.14,19924200,16.8211300723,16.8957800578,16.7962467438,16.8833383935,19924200,0.0,1.0
2003-12-26 00:00:00+00:00,27.21,27.25,27.0,27.05,12076900,16.9268842184,16.9517675469,16.7962467438,16.8273509044,12076900,0.0,1.0
2003-12-29 00:00:00+00:00,27.46,27.53,27.16,27.21,40426700,17.0824050216,17.1259508465,16.8957800578,16.9268842184,40426700,0.0,1.0
2003-12-30 00:00:00+00:00,27.52,27.55,27.4,27.41,34406600,17.1197300144,17.1383925108,17.0450800288,17.051300861,34406600,0.0,1.0
2003-12-31 00:00:00+00:00,27.37,27.55,27.23,27.42,42198900,17.0264175325,17.1383925108,16.9393258827,17.0575216931,42198900,0.0,1.0
2004-01-02 00:00:00+00:00,27.45,27.77,27.33,27.58,44487700,17.0761841895,17.2752508176,17.001534204,17.1570550071,44487700,0.0,1.0
2004-01-05 00:00:00+00:00,28.14,28.18,27.72,27.73,67333700,17.5054216063,17.5303049348,17.2441466569,17.2503674891,67333700,0.0,1.0
2004-01-06 00:00:00+00:00,28.24,28.28,28.07,28.19,46950800,17.5676299275,17.5925132561,17.4618757814,17.5365257669,46950800,0.0,1.0
2004-01-07 00:00:00+00:00,28.21,28.31,28.01,28.17,54298200,17.5489674312,17.6111757524,17.4245507886,17.5240841027,54298200,0.0,1.0
2004-01-08 00:00:00+00:00,28.16,28.48,28.0,28.39,58810800,17.5178632705,17.7169298986,17.4183299565,17.6609424095,58810800,0.0,1.0
2004-01-09 00:00:00+00:00,27.66,28.061,27.59,28.03,67079900,17.2068216642,17.4562770325,17.1632758393,17.4369924529,67079900,0.0,1.0
2004-01-12 00:00:00+00:00,27.57,27.73,27.35,27.67,55845200,17.150834175,17.2503674891,17.0139758682,17.2130424963,55845200,0.0,1.0
2004-01-13 00:00:00+00:00,27.43,27.64,27.26,27.54,51555900,17.0637425252,17.1943799999,16.9579883791,17.1321716786,51555900,0.0,1.0
2004-01-14 00:00:00+00:00,27.7,27.73,27.47,27.51,43907000,17.2317049927,17.2503674891,17.0886258537,17.1135091822,43907000,0.0,1.0
2004-01-15 00:00:00+00:00,27.54,27.72,27.42,27.55,58504100,17.1321716786,17.2441466569,17.0575216931,17.1383925108,58504100,0.0,1.0
2004-01-16 00:00:00+00:00,27.81,27.88,27.53,27.74,63983400,17.3001341461,17.343679971,17.1259508465,17.2565883212,63983400,0.0,1.0
2004-01-20 00:00:00+00:00,28.1,28.2,27.93,27.99,63068500,17.4805382778,17.542746599,17.3747841316,17.4121091244,63068500,0.0,1.0
2004-01-21 00:00:00+00:00,28.3,28.3,27.85,28.13,53570600,17.6049549203,17.6049549203,17.3250174746,17.4992007741,53570600,0.0,1.0
2004-01-22 00:00:00+00:00,28.01,28.44,27.94,28.37,78425200,17.4245507886,17.6920465701,17.3810049637,17.6485007452,78425200,0.0,1.0
2004-01-23 00:00:00+00:00,28.48,28.76,28.22,28.27,127259100,17.7169298986,17.8911131982,17.5551882633,17.5862924239,127259100,0.0,1.0
2004-01-26 00:00:00+00:00,28.8,28.83,28.32,28.49,58299600,17.9159965267,17.9346590231,17.6173965846,17.7231507307,58299600,0.0,1.0
2004-01-27 00:00:00+00:00,28.25,28.72,28.22,28.6,63196200,17.5738507597,17.8662298697,17.5551882633,17.7915798841,63196200,0.0,1.0
2004-01-28 00:00:00+00:00,27.71,28.44,27.47,28.28,71336000,17.2379258248,17.6920465701,17.0886258537,17.5925132561,71336000,0.0,1.0
2004-01-29 00:00:00+00:00,27.91,27.95,27.57,27.78,63748400,17.3623424673,17.3872257959,17.150834175,17.2814716497,63748400,0.0,1.0
2004-01-30 00:00:00+00:00,27.65,27.9,27.55,27.85,40528700,17.200600832,17.3561216352,17.1383925108,17.3250174746,40528700,0.0,1.0
2004-02-02 00:00:00+00:00,27.4,27.8,27.24,27.63,62891800,17.0450800288,17.2939133139,16.9455467148,17.1881591678,62891800,0.0,1.0
2004-02-03 00:00:00+00:00,27.29,27.55,27.18,27.42,47993800,16.9766508754,17.1383925108,16.908221722,17.0575216931,47993800,0.0,1.0
2004-02-04 00:00:00+00:00,27.01,27.43,27.01,27.15,60648000,16.8024675759,17.0637425252,16.8024675759,16.8895592257,60648000,0.0,1.0
2004-02-05 00:00:00+00:00,26.96,27.17,26.83,27.06,55527500,16.7713634152,16.9020008899,16.6904925976,16.8335717365,55527500,0.0,1.0
2004-02-06 00:00:00+00:00,27.08,27.19,26.93,27.0,47209600,16.8460134008,16.9144425542,16.7527009189,16.7962467438,47209600,0.0,1.0
2004-02-09 00:00:00+00:00,26.9,27.229,26.85,27.18,48108500,16.7340384225,16.9387037995,16.7029342618,16.908221722,48108500,0.0,1.0
2004-02-10 00:00:00+00:00,27.02,27.15,26.82,26.86,37790600,16.808688408,16.8895592257,16.6842717655,16.709155094,37790600,0.0,1.0
2004-02-11 00:00:00+00:00,27.15,27.23,26.85,26.95,51515300,16.8895592257,16.9393258827,16.7029342618,16.7651425831,51515300,0.0,1.0
2004-02-12 00:00:00+00:00,26.95,27.15,26.93,27.09,44537000,16.7651425831,16.8895592257,16.7527009189,16.8522342329,44537000,0.0,1.0
2004-02-13 00:00:00+00:00,26.59,27.06,26.5,26.98,67541100,16.5411926265,16.8335717365,16.4852051374,16.7838050795,67541100,0.0,1.0
2004-02-17 00:00:00+00:00,26.99,27.1,26.59,26.7,43477000,16.7900259116,16.858455065,16.5411926265,16.6096217799,43477000,0.0,1.0
2004-02-18 00:00:00+00:00,26.77,27.11,26.74,26.92,50334700,16.6531676048,16.8646758972,16.6345051084,16.7464800867,50334700,0.0,1.0
2004-02-19 00:00:00+00:00,26.46,26.98,26.43,26.9,61840600,16.4603218089,16.7838050795,16.4416593125,16.7340384225,61840600,0.0,1.0
2004-02-20 00:00:00+00:00,26.57,26.795,26.5,26.65,57821900,16.5287509623,16.6687196851,16.4852051374,16.5785176193,57821900,0.0,1.0
2004-02-23 00:00:00+00:00,26.61,26.76,26.4799,26.75,50256800,16.5536342908,16.6469467727,16.4727012648,16.6407259406,50256800,0.0,1.0
2004-02-24 00:00:00+00:00,26.88,26.95,26.55,26.6,55426500,16.7215967582,16.7651425831,16.516309298,16.5474134587,55426500,0.0,1.0
2004-02-25 00:00:00+00:00,26.7,26.99,26.61,26.89,64275700,16.6096217799,16.7900259116,16.5536342908,16.7278175904,64275700,0.0,1.0
2004-02-26 00:00:00+00:00,26.5,26.65,26.41,26.63,66602700,16.4852051374,16.5785176193,16.4292176482,16.566075955,66602700,0.0,1.0
2004-02-27 00:00:00+00:00,26.53,26.62,26.35,26.48,58266500,16.5038676338,16.5598551229,16.3918926555,16.4727634731,58266500,0.0,1.0
2004-03-01 00:00:00+00:00,26.7,26.72,26.5,26.65,51912300,16.6096217799,16.6220634442,16.4852051374,16.5785176193,51912300,0.0,1.0
2004-03-02 00:00:00+00:00,26.39,26.69,26.35,26.63,66331000,16.416775984,16.6034009478,16.3918926555,16.566075955,66331000,0.0,1.0
2004-03-03 00:00:00+00:00,26.37,26.55,26.22,26.35,54998700,16.4043343197,16.516309298,16.3110218378,16.3918926555,54998700,0.0,1.0
2004-03-04 00:00:00+00:00,26.37,26.42,26.21,26.37,44023200,16.4043343197,16.4354384804,16.3048010057,16.4043343197,44023200,0.0,1.0
2004-03-05 00:00:00+00:00,26.35,26.6,26.2,26.23,59849800,16.3918926555,16.5474134587,16.2985801736,16.31724267,59849800,0.0,1.0
2004-03-08 00:00:00+00:00,25.83,26.35,25.81,26.31,69367800,16.0684093849,16.3918926555,16.0559677206,16.367009327,69367800,0.0,1.0
2004-03-09 00:00:00+00:00,25.72,25.97,25.54,25.77,81111700,15.9999802315,16.1555010346,15.8880052532,16.0310843921,81111700,0.0,1.0
2004-03-10 00:00:00+00:00,25.37,25.8,25.35,25.66,75155800,15.782251107,16.0497468885,15.7698094427,15.9626552387,75155800,0.0,1.0
2004-03-11 00:00:00+00:00,25.09,25.78,25.07,25.2,90536300,15.6080678074,16.0373052242,15.5956261432,15.6764969608,90536300,0.0,1.0
2004-03-12 00:00:00+00:00,25.38,25.51,25.23,25.38,64137100,15.7884719391,15.8693427568,15.6951594572,15.7884719391,64137100,0.0,1.0
2004-03-15 00:00:00+00:00,25.16,25.43,25.06,25.33,68835300,15.6516136323,15.8195760998,15.5894053111,15.7573677785,68835300,0.0,1.0
2004-03-16 00:00:00+00:00,25.18,25.37,25.0999,25.27,65453800,15.6640552966,15.782251107,15.6142264312,15.7200427857,65453800,0.0,1.0
2004-03-17 00:00:00+00:00,25.13,25.46,25.11,25.25,56241400,15.6329511359,15.8382385961,15.6205094717,15.7076011215,56241400,0.0,1.0
2004-03-18 00:00:00+00:00,24.89,25.03,24.58,24.96,123231000,15.4836511649,15.5707428147,15.2908053689,15.5271969898,123231000,0.0,1.0
2004-03-19 00:00:00+00:00,24.63,24.94,24.56,24.84,86281600,15.3219095296,15.5147553255,15.2783637047,15.4525470043,86281600,0.0,1.0
2004-03-22 00:00:00+00:00,24.5,24.84,24.01,24.53,127605200,15.2410387119,15.4525470043,14.9362179377,15.2597012083,127605200,0.0,1.0
2004-03-23 00:00:00+00:00,24.15,24.66,24.11,24.63,91696300,15.0233095875,15.340572026,14.998426259,15.3219095296,91696300,0.0,1.0
2004-03-24 00:00:00+00:00,24.41,24.58,24.18,24.36,97584700,15.1850512228,15.2908053689,15.0419720839,15.1539470621,97584700,0.0,1.0
2004-03-25 00:00:00+00:00,25.19,25.24,24.58,24.6,85677900,15.6702761287,15.7013802893,15.2908053689,15.3032470332,85677900,0.0,1.0
2004-03-26 00:00:00+00:00,25.03,25.51,25.0,25.11,61584900,15.5707428147,15.8693427568,15.5520803183,15.6205094717,61584900,0.0,1.0
2004-03-29 00:00:00+00:00,25.31,25.4,25.0,25.24,51881600,15.7449261142,15.8009136034,15.5520803183,15.7013802893,51881600,0.0,1.0
2004-03-30 00:00:00+00:00,25.2,25.33,25.03,25.19,59010400,15.6764969608,15.7573677785,15.5707428147,15.6702761287,59010400,0.0,1.0
2004-03-31 00:00:00+00:00,24.93,25.2,24.8699,25.19,70533200,15.5085344934,15.6764969608,15.4711472923,15.6702761287,70533200,0.0,1.0
2004-04-01 00:00:00+00:00,25.08,25.11,24.85,24.95,69051900,15.6018469753,15.6205094717,15.4587678364,15.5209761577,69051900,0.0,1.0
2004-04-02 00:00:00+00:00,25.85,25.9,25.44,25.47,98043800,16.0808510491,16.1119552098,15.8257969319,15.8444594283,98043800,0.0,1.0
2004-04-05 00:00:00+00:00,25.951,25.98,25.73,25.8,53800300,16.1436814536,16.1617218668,16.0062010636,16.0497468885,53800300,0.0,1.0
2004-04-06 00:00:00+00:00,25.8,25.9,25.66,25.76,48992000,16.0497468885,16.1119552098,15.9626552387,16.02486356,48992000,0.0,1.0
2004-04-07 00:00:00+00:00,25.59,25.78,25.35,25.73,63268900,15.9191094138,16.0373052242,15.7698094427,16.0062010636,63268900,0.0,1.0
2004-04-08 00:00:00+00:00,25.48,25.85,25.36,25.8,45294600,15.8506802604,16.0808510491,15.7760302749,16.0497468885,45294600,0.0,1.0
2004-04-12 00:00:00+00:00,25.61,25.74,25.43,25.48,38786800,15.9315510781,16.0124218957,15.8195760998,15.8506802604,38786800,0.0,1.0
2004-04-13 00:00:00+00:00,25.45,25.77,25.41,25.679,56971500,15.832017764,16.0310843921,15.8071344355,15.9744748197,56971500,0.0,1.0
2004-04-14 00:00:00+00:00,25.51,25.68,25.38,25.4,61079600,15.8693427568,15.975096903,15.7884719391,15.8009136034,61079600,0.0,1.0
2004-04-15 00:00:00+00:00,25.215,25.73,25.1,25.58,73756900,15.685828209,16.0062010636,15.6142886396,15.9128885817,73756900,0.0,1.0
2004-04-16 00:00:00+00:00,25.16,25.4,25.11,25.32,51768600,15.6516136323,15.8009136034,15.6205094717,15.7511469464,51768600,0.0,1.0
2004-04-19 00:00:00+00:00,25.53,25.6,25.06,25.08,44592100,15.881784421,15.9253302459,15.5894053111,15.6018469753,44592100,0.0,1.0
2004-04-20 00:00:00+00:00,25.33,25.88,25.28,25.65,59902600,15.7573677785,16.0995135455,15.7262636179,15.9564344066,59902600,0.0,1.0
2004-04-21 00:00:00+00:00,25.45,25.49,25.2,25.37,49252000,15.832017764,15.8569010925,15.6764969608,15.782251107,49252000,0.0,1.0
2004-04-22 00:00:00+00:00,25.95,25.99,25.47,25.509,99207700,16.1430593704,16.1679426989,15.8444594283,15.8687206736,99207700,0.0,1.0
2004-04-23 00:00:00+00:00,27.54,27.72,27.34,27.4,258269000,17.1321716786,17.2441466569,17.0077550361,17.0450800288,258269000,0.0,1.0
2004-04-26 00:00:00+00:00,27.24,27.55,27.1,27.46,89391000,16.9455467148,17.1383925108,16.858455065,17.0824050216,89391000,0.0,1.0
2004-04-27 00:00:00+00:00,27.22,27.37,27.13,27.15,80716800,16.9331050506,17.0264175325,16.8771175614,16.8895592257,80716800,0.0,1.0
2004-04-28 00:00:00+00:00,26.56,27.05,26.47,27.05,72842200,16.5225301302,16.8273509044,16.466542641,16.8273509044,72842200,0.0,1.0
2004-04-29 00:00:00+00:00,26.48,26.94,26.31,26.51,77787300,16.4727634731,16.758921751,16.367009327,16.4914259695,77787300,0.0,1.0
2004-04-30 00:00:00+00:00,26.13,26.75,25.96,26.59,66172200,16.2550343487,16.6407259406,16.1492802025,16.5411926265,66172200,0.0,1.0
2004-05-03 00:00:00+00:00,26.35,26.52,26.19,26.21,65916200,16.3918926555,16.4976468016,16.2923593414,16.3048010057,65916200,0.0,1.0
2004-05-04 00:00:00+00:00,26.33,26.54,26.02,26.355,55496400,16.3794509912,16.5100884659,16.1866051953,16.3950030715,55496400,0.0,1.0
2004-05-05 00:00:00+00:00,26.3,26.6,26.25,26.32,51841700,16.3607884948,16.5474134587,16.3296843342,16.3732301591,51841700,0.0,1.0
2004-05-06 00:00:00+00:00,26.12,26.34,26.029,26.16,62693900,16.2488135166,16.3856718234,16.1922039442,16.2736968451,62693900,0.0,1.0
2004-05-07 00:00:00+00:00,25.78,26.38,25.75,26.031,68290200,16.0373052242,16.4105551519,16.0186427278,16.1934481106,68290200,0.0,1.0
2004-05-10 00:00:00+00:00,25.93,26.05,25.62,25.64,64621400,16.1306177061,16.2052676917,15.9377719102,15.9502135744,64621400,0.0,1.0
2004-05-11 00:00:00+00:00,25.94,26.11,25.79,26.1,57917200,16.1368385383,16.2425926844,16.0435260564,16.2363718523,57917200,0.0,1.0
2004-05-12 00:00:00+00:00,25.94,26.0,25.43,25.87,64145600,16.1368385383,16.174163531,15.8195760998,16.0932927134,64145600,0.0,1.0
2004-05-13 00:00:00+00:00,26.1,26.19,25.79,25.82,63861500,16.2363718523,16.2923593414,16.0435260564,16.0621885527,63861500,0.0,1.0
2004-05-14 00:00:00+00:00,25.86,26.17,25.64,25.98,43775300,16.0870718812,16.2799176772,15.9502135744,16.1617218668,43775300,0.0,1.0
2004-05-17 00:00:00+00:00,25.54,25.79,25.42,25.48,55149600,15.8880052532,16.0435260564,15.8133552676,15.8506802604,55149600,0.0,1.0
2004-05-18 00:00:00+00:00,25.83,25.97,25.64,25.7,58158600,16.0684093849,16.1555010346,15.9502135744,15.9875385672,58158600,0.0,1.0
2004-05-19 00:00:00+00:00,25.62,26.27,25.62,26.04,60052800,15.9377719102,16.3421259985,15.9377719102,16.1990468595,60052800,0.0,1.0
2004-05-20 00:00:00+00:00,25.73,25.87,25.59,25.749,52089900,16.0062010636,16.0932927134,15.9191094138,16.0180206446,52089900,0.0,1.0
2004-05-21 00:00:00+00:00,25.89,26.2,25.78,25.94,57809300,16.1057343776,16.2985801736,16.0373052242,16.1368385383,57809300,0.0,1.0
2004-05-24 00:00:00+00:00,25.76,26.17,25.74,26.04,56250500,16.02486356,16.2799176772,16.0124218957,16.1990468595,56250500,0.0,1.0
2004-05-25 00:00:00+00:00,26.1,26.19,25.6,25.7,66615000,16.2363718523,16.2923593414,15.9253302459,15.9875385672,66615000,0.0,1.0
2004-05-26 00:00:00+00:00,26.14,26.15,25.85,25.989,50306900,16.2612551808,16.2674760129,16.0808510491,16.1673206157,50306900,0.0,1.0
2004-05-27 00:00:00+00:00,26.19,26.19,25.92,26.15,49071900,16.2923593414,16.2923593414,16.124396874,16.2674760129,49071900,0.0,1.0
2004-05-28 00:00:00+00:00,26.23,26.35,26.02,26.16,37393000,16.31724267,16.3918926555,16.1866051953,16.2736968451,37393000,0.0,1.0
2004-06-01 00:00:00+00:00,26.11,26.27,25.87,26.12,48369500,16.2425926844,16.3421259985,16.0932927134,16.2488135166,48369500,0.0,1.0
2004-06-02 00:00:00+00:00,26.13,26.28,26.01,26.13,54020000,16.2550343487,16.3483468306,16.1803843632,16.2550343487,54020000,0.0,1.0
2004-06-03 00:00:00+00:00,25.89,26.13,25.86,26.05,45933100,16.1057343776,16.2550343487,16.0870718812,16.2052676917,45933100,0.0,1.0
2004-06-04 00:00:00+00:00,25.95,26.24,25.94,26.04,48815300,16.1430593704,16.3234635021,16.1368385383,16.1990468595,48815300,0.0,1.0
2004-06-07 00:00:00+00:00,26.43,26.43,25.97,26.02,65218600,16.4416593125,16.4416593125,16.1555010346,16.1866051953,65218600,0.0,1.0
2004-06-08 00:00:00+00:00,26.6,26.65,26.24,26.29,58447700,16.5474134587,16.5785176193,16.3234635021,16.3545676627,58447700,0.0,1.0
2004-06-09 00:00:00+00:00,26.47,26.65,26.4,26.41,50385500,16.466542641,16.5785176193,16.4229968161,16.4292176482,50385500,0.0,1.0
2004-06-10 00:00:00+00:00,26.77,26.79,26.38,26.38,48109200,16.6531676048,16.6656092691,16.4105551519,16.4105551519,48109200,0.0,1.0
2004-06-14 00:00:00+00:00,26.9,26.9,26.53,26.56,67377500,16.7340384225,16.7340384225,16.5038676338,16.5225301302,67377500,0.0,1.0
2004-06-15 00:00:00+00:00,27.405,27.6,26.97,26.98,114183400,17.0481904449,17.1694966714,16.7775842474,16.7838050795,114183400,0.0,1.0
2004-06-16 00:00:00+00:00,27.32,27.5,27.15,27.34,67431100,16.9953133718,17.1072883501,16.8895592257,17.0077550361,67431100,0.0,1.0
2004-06-17 00:00:00+00:00,27.769,27.92,27.29,27.31,105427500,17.2746287343,17.3685632995,16.9766508754,16.9890925397,105427500,0.0,1.0
2004-06-18 00:00:00+00:00,28.35,28.5,27.7,27.74,134218700,17.6360590809,17.7293715629,17.2317049927,17.2565883212,134218700,0.0,1.0
2004-06-21 00:00:00+00:00,28.35,28.66,28.12,28.23,116881700,17.6360590809,17.8289048769,17.492979942,17.5614090954,116881700,0.0,1.0
2004-06-22 00:00:00+00:00,28.29,28.35,27.81,28.15,98932000,17.5987340882,17.6360590809,17.3001341461,17.5116424384,98932000,0.0,1.0
2004-06-23 00:00:00+00:00,28.3,28.38,28.0,28.0,58558400,17.6049549203,17.6547215773,17.4183299565,17.4183299565,58558400,0.0,1.0
2004-06-24 00:00:00+00:00,28.39,28.65,28.36,28.49,65503800,17.6609424095,17.8226840448,17.6422799131,17.7231507307,65503800,0.0,1.0
2004-06-25 00:00:00+00:00,28.57,28.63,28.245,28.47,71136500,17.7729173877,17.8102423805,17.5707403436,17.7107090665,71136500,0.0,1.0
2004-06-28 00:00:00+00:00,28.28,28.75,28.17,28.63,77024100,17.5925132561,17.884892366,17.5240841027,17.8102423805,77024100,0.0,1.0
2004-06-29 00:00:00+00:00,28.5,28.58,28.18,28.19,55371700,17.7293715629,17.7791382199,17.5303049348,17.5365257669,55371700,0.0,1.0
2004-06-30 00:00:00+00:00,28.56,28.8,28.39,28.56,83544400,17.7666965556,17.9159965267,17.6609424095,17.7666965556,83544400,0.0,1.0
2004-07-01 00:00:00+00:00,28.63,28.84,28.26,28.69,78441400,17.8102423805,17.9408798552,17.5800715918,17.8475673733,78441400,0.0,1.0
2004-07-02 00:00:00+00:00,28.57,28.68,28.4,28.609,36690100,17.7729173877,17.8413465411,17.6671632416,17.797178633,36690100,0.0,1.0
2004-07-06 00:00:00+00:00,28.02,28.33,27.94,28.32,69158900,17.4307716207,17.6236174167,17.3810049637,17.6173965846,69158900,0.0,1.0
2004-07-07 00:00:00+00:00,28.1,28.32,27.55,27.701,66255700,17.4805382778,17.6173965846,17.1383925108,17.2323270759,66255700,0.0,1.0
2004-07-08 00:00:00+00:00,27.64,28.15,27.55,27.88,59125100,17.1943799999,17.5116424384,17.1383925108,17.343679971,59125100,0.0,1.0
2004-07-09 00:00:00+00:00,27.86,28.001,27.64,27.78,50249300,17.3312383067,17.4189520397,17.1943799999,17.2814716497,50249300,0.0,1.0
2004-07-12 00:00:00+00:00,27.89,28.001,27.59,27.69,45757300,17.3499008031,17.4189520397,17.1632758393,17.2254841605,45757300,0.0,1.0
2004-07-13 00:00:00+00:00,27.6,27.95,27.6,27.91,43274100,17.1694966714,17.3872257959,17.1694966714,17.3623424673,43274100,0.0,1.0
2004-07-14 00:00:00+00:00,28.13,28.36,27.34,27.4,87656300,17.4992007741,17.6422799131,17.0077550361,17.0450800288,87656300,0.0,1.0
2004-07-15 00:00:00+00:00,27.87,28.2037,27.8,28.049,46759700,17.3374591388,17.5450483069,17.2939133139,17.4488120339,46759700,0.0,1.0
2004-07-16 00:00:00+00:00,27.48,28.2,27.25,28.159,66406300,17.0948466859,17.542746599,16.9517675469,17.5172411873,66406300,0.0,1.0
2004-07-19 00:00:00+00:00,27.95,28.26,27.6,27.62,60354500,17.3872257959,17.5800715918,17.1694966714,17.1819383356,60354500,0.0,1.0
2004-07-20 00:00:00+00:00,28.32,28.48,27.85,28.01,89010700,17.6173965846,17.7169298986,17.3250174746,17.4245507886,89010700,0.0,1.0
2004-07-21 00:00:00+00:00,28.86,29.89,28.81,29.53,201518000,17.9533215194,18.5940672286,17.9222173588,18.370117272,201518000,0.0,1.0
2004-07-22 00:00:00+00:00,29.0,29.3,28.83,29.059,124640700,18.0404131692,18.227038133,17.9346590231,18.0771160788,124640700,0.0,1.0
2004-07-23 00:00:00+00:00,28.03,28.4,28.02,28.39,97372700,17.4369924529,17.6671632416,17.4307716207,17.6609424095,97372700,0.0,1.0
2004-07-26 00:00:00+00:00,28.66,28.71,28.199,28.37,72387600,17.8289048769,17.8600090375,17.5421245158,17.6485007452,72387600,0.0,1.0
2004-07-27 00:00:00+00:00,28.44,28.76,28.13,28.71,72968400,17.6920465701,17.8911131982,17.4992007741,17.8600090375,72968400,0.0,1.0
2004-07-28 00:00:00+00:00,28.58,28.79,28.28,28.35,62718800,17.7791382199,17.9097756945,17.5925132561,17.6360590809,62718800,0.0,1.0
2004-07-29 00:00:00+00:00,28.48,28.8,28.25,28.78,60148400,17.7169298986,17.9159965267,17.5738507597,17.9035548624,60148400,0.0,1.0
2004-07-30 00:00:00+00:00,28.49,28.81,28.33,28.44,59552900,17.7231507307,17.9222173588,17.6236174167,17.6920465701,59552900,0.0,1.0
2004-08-02 00:00:00+00:00,28.52,28.55,28.16,28.27,52267000,17.7418132271,17.7604757235,17.5178632705,17.5862924239,52267000,0.0,1.0
2004-08-03 00:00:00+00:00,28.07,28.42,28.0,28.37,53990900,17.4618757814,17.6796049058,17.4183299565,17.6485007452,53990900,0.0,1.0
2004-08-04 00:00:00+00:00,28.06,28.2,27.989,28.001,46217900,17.4556549493,17.542746599,17.4114870411,17.4189520397,46217900,0.0,1.0
2004-08-05 00:00:00+00:00,27.53,28.21,27.52,28.14,55591700,17.1259508465,17.5489674312,17.1197300144,17.5054216063,55591700,0.0,1.0
2004-08-06 00:00:00+00:00,27.14,27.86,27.06,27.4,75628000,16.8833383935,17.3312383067,16.8335717365,17.0450800288,75628000,0.0,1.0
2004-08-09 00:00:00+00:00,27.18,27.28,27.1,27.25,51877500,16.908221722,16.9704300433,16.858455065,16.9517675469,51877500,0.0,1.0
2004-08-10 00:00:00+00:00,27.72,27.75,27.25,27.3,57632700,17.2441466569,17.2628091533,16.9517675469,16.9828717076,57632700,0.0,1.0
2004-08-11 00:00:00+00:00,27.41,27.51,27.2,27.38,53097300,17.051300861,17.1135091822,16.9206633863,17.0326383646,53097300,0.0,1.0
2004-08-12 00:00:00+00:00,26.88,27.31,26.86,27.24,50279700,16.7215967582,16.9890925397,16.709155094,16.9455467148,50279700,0.0,1.0
2004-08-13 00:00:00+00:00,27.02,27.251,25.95,27.02,43333200,16.808688408,16.9523896302,16.1430593704,16.808688408,43333200,0.0,1.0
2004-08-16 00:00:00+00:00,27.09,27.2,26.96,27.08,54347200,16.8522342329,16.9206633863,16.7713634152,16.8460134008,54347200,0.0,1.0
2004-08-17 00:00:00+00:00,27.05,27.38,26.98,27.22,56879700,16.8273509044,17.0326383646,16.7838050795,16.9331050506,56879700,0.0,1.0
2004-08-18 00:00:00+00:00,27.46,27.5,26.89,26.9,58844000,17.0824050216,17.1072883501,16.7278175904,16.7340384225,58844000,0.0,1.0
2004-08-19 00:00:00+00:00,27.12,27.45,27.01,27.34,46293000,16.8708967293,17.0761841895,16.8024675759,17.0077550361,46293000,0.0,1.0
2004-08-20 00:00:00+00:00,27.2,27.37,27.04,27.12,46494800,16.9206633863,17.0264175325,16.8211300723,16.8708967293,46494800,0.0,1.0
2004-08-23 00:00:00+00:00,27.24,27.33,27.12,27.27,39572200,16.9953133718,17.0514652883,16.9204441499,17.0140306773,39572200,0.08,1.0
2004-08-24 00:00:00+00:00,27.24,27.46,27.09,27.39,40835300,16.9953133718,17.132573612,16.9017268445,17.0888998992,40835300,0.0,1.0
2004-08-25 00:00:00+00:00,27.55,27.67,27.18,27.21,53512700,17.1887255284,17.2635947503,16.9578787609,16.9765960664,53512700,0.0,1.0
2004-08-26 00:00:00+00:00,27.44,27.6,27.39,27.46,35465500,17.1200954083,17.2199210375,17.0888998992,17.132573612,35465500,0.0,1.0
2004-08-27 00:00:00+00:00,27.46,27.65,27.45,27.49,33248700,17.132573612,17.2511165467,17.1263345102,17.1512909175,33248700,0.0,1.0
2004-08-30 00:00:00+00:00,27.3,27.39,26.85,27.3,36679600,17.0327479828,17.0888998992,16.7519884006,17.0327479828,36679600,0.0,1.0
2004-08-31 00:00:00+00:00,27.3,27.32,27.05,27.29,52106700,17.0327479828,17.0452261864,16.8767704372,17.026508881,52106700,0.0,1.0
2004-09-01 00:00:00+00:00,27.39,27.52,27.14,27.24,48507500,17.0888998992,17.1700082229,16.9329223536,16.9953133718,48507500,0.0,1.0
2004-09-02 00:00:00+00:00,27.62,27.68,27.35,27.38,42161700,17.2323992412,17.2698338521,17.0639434919,17.0826607974,42161700,0.0,1.0
2004-09-03 00:00:00+00:00,27.11,27.62,27.1,27.45,46174400,16.9142050481,17.2323992412,16.9079659463,17.1263345102,46174400,0.0,1.0
2004-09-07 00:00:00+00:00,27.36,27.38,27.16,27.29,44893400,17.0701825937,17.0826607974,16.9454005572,17.026508881,44893400,0.0,1.0
2004-09-08 00:00:00+00:00,27.26,27.4692,27.14,27.31,53278100,17.0077915755,17.1383135857,16.9329223536,17.0389870846,53278100,0.0,1.0
2004-09-09 00:00:00+00:00,27.28,27.47,27.18,27.3,56904700,17.0202697791,17.1388127138,16.9578787609,17.0327479828,56904700,0.0,1.0
2004-09-10 00:00:00+00:00,27.49,27.51,27.18,27.33,52664500,17.1512909175,17.1637691211,16.9578787609,17.0514652883,52664500,0.0,1.0
2004-09-13 00:00:00+00:00,27.25,27.57,26.74,27.54,48239200,17.0015524737,17.2012037321,16.6833582806,17.1824864266,48239200,0.0,1.0
2004-09-14 00:00:00+00:00,27.44,27.51,27.27,27.36,55920000,17.1200954083,17.1637691211,17.0140306773,17.0701825937,55920000,0.0,1.0
2004-09-15 00:00:00+00:00,27.19,27.401,27.14,27.37,52605700,16.9641178627,17.0957629112,16.9329223536,17.0764216956,52605700,0.0,1.0
2004-09-16 00:00:00+00:00,27.26,27.35,27.17,27.22,35951500,17.0077915755,17.0639434919,16.9516396591,16.9828351682,35951500,0.0,1.0
2004-09-17 00:00:00+00:00,27.51,27.53,27.26,27.39,65283000,17.1637691211,17.1762473248,17.0077915755,17.0888998992,65283000,0.0,1.0
2004-09-20 00:00:00+00:00,27.51,27.65,27.33,27.43,51513600,17.1637691211,17.2511165467,17.0514652883,17.1138563065,51513600,0.0,1.0
2004-09-21 00:00:00+00:00,27.26,27.53,27.25,27.46,73874400,17.0077915755,17.1762473248,17.0015524737,17.132573612,73874400,0.0,1.0
2004-09-22 00:00:00+00:00,27.12,27.74,27.07,27.23,68409000,16.9204441499,17.3072684631,16.8892486408,16.98907427,68409000,0.0,1.0
2004-09-23 00:00:00+00:00,27.35,27.39,27.17,27.19,52155800,17.0639434919,17.0888998992,16.9516396591,16.9641178627,52155800,0.0,1.0
2004-09-24 00:00:00+00:00,27.29,27.46,27.19,27.39,49859800,17.026508881,17.132573612,16.9641178627,17.0888998992,49859800,0.0,1.0
2004-09-27 00:00:00+00:00,27.19,27.32,27.13,27.18,47813600,16.9641178627,17.0452261864,16.9266832518,16.9578787609,47813600,0.0,1.0
2004-09-28 00:00:00+00:00,27.27,27.36,27.04,27.21,62055100,17.0140306773,17.0701825937,16.8705313353,16.9765960664,62055100,0.0,1.0
2004-09-29 00:00:00+00:00,27.58,27.69,27.2333,27.27,61529300,17.2074428339,17.276072954,16.9911331736,17.0140306773,61529300,0.0,1.0
2004-09-30 00:00:00+00:00,27.65,27.79,27.52,27.589,71218000,17.2511165467,17.3384639722,17.1700082229,17.2130580255,71218000,0.0,1.0
2004-10-01 00:00:00+00:00,28.25,28.32,27.78,27.81,66302800,17.6254626562,17.669136369,17.3322248704,17.3509421759,66302800,0.0,1.0
2004-10-04 00:00:00+00:00,28.12,28.46,28.07,28.42,62016200,17.5443543324,17.7564837945,17.5131588233,17.7315273872,62016200,0.0,1.0
2004-10-05 00:00:00+00:00,28.38,28.45,28.1,28.15,58017700,17.7065709799,17.7502446927,17.5318761288,17.5630716379,58017700,0.0,1.0
2004-10-06 00:00:00+00:00,28.53,28.551,28.23,28.39,56999600,17.8001575073,17.8132596211,17.6129844525,17.7128100817,56999600,0.0,1.0
2004-10-07 00:00:00+00:00,28.17,28.59,28.16,28.51,38401500,17.5755498416,17.8375921182,17.5693107397,17.7876793036,38401500,0.0,1.0
2004-10-08 00:00:00+00:00,27.99,28.33,27.97,28.11,49556600,17.4632460087,17.6753754708,17.4507678051,17.5381152306,49556600,0.0,1.0
2004-10-11 00:00:00+00:00,28.06,28.22,27.93,28.2,44691000,17.5069197215,17.6067453507,17.4258113978,17.594267147,44691000,0.0,1.0
2004-10-12 00:00:00+00:00,28.03,28.16,27.81,27.83,56412900,17.488202416,17.5693107397,17.3509421759,17.3634203795,56412900,0.0,1.0
2004-10-13 00:00:00+00:00,28.03,28.27,27.94,28.19,49500700,17.488202416,17.6379408598,17.4320504996,17.5880280452,49500700,0.0,1.0
2004-10-14 00:00:00+00:00,27.8,28.16,27.799,28.059,41548700,17.344703074,17.5693107397,17.3440791639,17.5062958113,41548700,0.0,1.0
2004-10-15 00:00:00+00:00,27.99,28.24,27.82,27.97,49828500,17.4632460087,17.6192235543,17.3571812777,17.4507678051,49828500,0.0,1.0
2004-10-18 00:00:00+00:00,28.41,28.45,27.98,28.06,50350700,17.7252882854,17.7502446927,17.4570069069,17.5069197215,50350700,0.0,1.0
2004-10-19 00:00:00+00:00,28.18,28.59,28.17,28.54,57026500,17.5817889434,17.8375921182,17.5755498416,17.8063966091,57026500,0.0,1.0
2004-10-20 00:00:00+00:00,28.699,28.75,28.12,28.22,69078100,17.9055983281,17.9374177474,17.5443543324,17.6067453507,69078100,0.0,1.0
2004-10-21 00:00:00+00:00,28.56,28.89,28.47,28.82,94988500,17.8188748128,18.024765173,17.7627228963,17.9810914602,94988500,0.0,1.0
2004-10-22 00:00:00+00:00,27.74,28.34,27.58,28.3,101912800,17.3072684631,17.6816145726,17.2074428339,17.6566581653,101912800,0.0,1.0
2004-10-25 00:00:00+00:00,27.63,27.77,27.55,27.68,61529500,17.238638343,17.3259857686,17.1887255284,17.2698338521,61529500,0.0,1.0
2004-10-26 00:00:00+00:00,27.9,27.9,27.629,27.7,76966600,17.4070940923,17.4070940923,17.2380144328,17.2823120558,76966600,0.0,1.0
2004-10-27 00:00:00+00:00,28.15,28.351,27.58,27.87,72392600,17.5630716379,17.6884775846,17.2074428339,17.3883767868,72392600,0.0,1.0
2004-10-28 00:00:00+00:00,28.01,28.54,27.9,28.12,63059600,17.4757242124,17.8063966091,17.4070940923,17.5443543324,63059600,0.0,1.0
2004-10-29 00:00:00+00:00,27.97,28.15,27.42,28.11,80010100,17.4507678051,17.5630716379,17.1076172047,17.5381152306,80010100,0.0,1.0
2004-11-01 00:00:00+00:00,28.08,28.28,27.96,28.15,72930900,17.5193979251,17.6441799617,17.4445287032,17.5630716379,72930900,0.0,1.0
2004-11-02 00:00:00+00:00,28.24,28.47,28.029,28.24,89417100,17.6192235543,17.7627228963,17.4875785058,17.6192235543,89417100,0.0,1.0
2004-11-03 00:00:00+00:00,28.47,28.65,28.31,28.65,79666700,17.7627228963,17.8750267292,17.6628972671,17.8750267292,79666700,0.0,1.0
2004-11-04 00:00:00+00:00,29.0,29.0,28.38,28.39,87867700,18.0933952931,18.0933952931,17.7065709799,17.7128100817,87867700,0.0,1.0
2004-11-05 00:00:00+00:00,29.31,29.36,29.03,29.16,95337700,18.2868074496,18.3180029588,18.1121125985,18.1932209223,95337700,0.0,1.0
2004-11-08 00:00:00+00:00,29.28,29.48,29.13,29.19,112802100,18.2680901442,18.3928721807,18.1745036168,18.2119382277,112802100,0.0,1.0
2004-11-09 00:00:00+00:00,29.77,29.89,29.35,29.43,100401000,18.5738061336,18.6486753555,18.3117638569,18.3616766715,100401000,0.0,1.0
2004-11-10 00:00:00+00:00,29.73,30.0,29.69,29.91,84097700,18.5488497263,18.7173054756,18.523893319,18.6611535592,84097700,0.0,1.0
2004-11-11 00:00:00+00:00,29.98,30.08,29.82,29.885,87358900,18.7048272719,18.7672182902,18.6050016427,18.6455558046,87358900,0.0,1.0
2004-11-12 00:00:00+00:00,29.97,30.2,29.8,30.16,162269000,18.6985881701,18.8420875121,18.5925234391,18.8171311048,162269000,0.0,1.0
2004-11-15 00:00:00+00:00,27.39,27.5,27.2,27.35,104468000,19.0105432614,19.0868908247,18.8786701975,18.9827805111,104468000,3.08,1.0
2004-11-16 00:00:00+00:00,27.12,27.34,27.05,27.32,64522600,18.8231446969,18.9758398235,18.7745598839,18.9619584484,64522600,0.0,1.0
2004-11-17 00:00:00+00:00,27.17,27.36,27.06,27.25,58830700,18.8578481348,18.9897211987,18.7815005715,18.9133736354,58830700,0.0,1.0
2004-11-18 00:00:00+00:00,27.07,27.17,27.0,27.13,63249900,18.788441259,18.8578481348,18.739856446,18.8300853845,63249900,0.0,1.0
2004-11-19 00:00:00+00:00,26.86,27.07,26.84,27.04,85808600,18.64268682,18.788441259,18.6288054449,18.7676191963,85808600,0.0,1.0
2004-11-22 00:00:00+00:00,26.65,26.82,24.86,26.76,92410800,18.496932381,18.6149240697,17.2545493055,18.5732799443,92410800,0.0,1.0
2004-11-23 00:00:00+00:00,26.53,26.7,26.4,26.52,70459700,18.4136441301,18.5316358189,18.3234151917,18.4067034426,70459700,0.0,1.0
2004-11-24 00:00:00+00:00,26.64,26.73,26.4,26.62,60069200,18.4899916934,18.5524578816,18.3234151917,18.4761103183,60069200,0.0,1.0
2004-11-26 00:00:00+00:00,26.6,26.82,26.55,26.57,24398700,18.4622289431,18.6149240697,18.4275255053,18.4414068804,24398700,0.0,1.0
2004-11-29 00:00:00+00:00,26.77,26.95,26.61,26.635,67079900,18.5802206319,18.7051530082,18.4691696307,18.4865213496,67079900,0.0,1.0
2004-11-30 00:00:00+00:00,26.81,27.01,26.7,26.76,75960400,18.6079833822,18.7467971336,18.5316358189,18.5732799443,75960400,0.0,1.0
2004-12-01 00:00:00+00:00,27.25,27.28,26.81,26.95,99889000,18.9133736354,18.9341956981,18.6079833822,18.7051530082,99889000,0.0,1.0
2004-12-02 00:00:00+00:00,27.09,27.4,26.92,27.27,96088300,18.8023226342,19.0174839489,18.6843309455,18.9272550105,96088300,0.0,1.0
2004-12-03 00:00:00+00:00,27.23,27.44,27.14,27.16,76498400,18.8994922602,19.0452466992,18.8370260721,18.8509074472,76498400,0.0,1.0
2004-12-06 00:00:00+00:00,27.33,27.44,27.07,27.1,55297400,18.9688991359,19.0452466992,18.788441259,18.8092633218,55297400,0.0,1.0
2004-12-07 00:00:00+00:00,27.07,27.38,27.0,27.26,111656000,18.788441259,19.0036025738,18.739856446,18.9203143229,111656000,0.0,1.0
2004-12-08 00:00:00+00:00,27.36,27.36,26.91,27.01,95655000,18.9897211987,18.9897211987,18.6773902579,18.7467971336,95655000,0.0,1.0
2004-12-09 00:00:00+00:00,27.23,27.36,26.94,27.12,83006000,18.8994922602,18.9897211987,18.6982123206,18.8231446969,83006000,0.0,1.0
2004-12-10 00:00:00+00:00,27.08,27.18,27.04,27.08,70949200,18.7953819466,18.8647888223,18.7676191963,18.7953819466,70949200,0.0,1.0
2004-12-13 00:00:00+00:00,27.25,27.28,26.91,27.1,93812500,18.9133736354,18.9341956981,18.6773902579,18.8092633218,93812500,0.0,1.0
2004-12-14 00:00:00+00:00,27.23,27.33,27.04,27.05,127843200,18.8994922602,18.9688991359,18.7676191963,18.7745598839,127843200,0.0,1.0
2004-12-15 00:00:00+00:00,27.11,27.4,27.07,27.22,106303900,18.8162040093,19.0174839489,18.788441259,18.8925515726,106303900,0.0,1.0
2004-12-16 00:00:00+00:00,27.16,27.28,27.01,27.145,88997500,18.8509074472,18.9341956981,18.7467971336,18.8404964158,88997500,0.0,1.0
2004-12-17 00:00:00+00:00,26.96,27.32,26.7951,27.0,126184400,18.7120936957,18.9619584484,18.5976417577,18.739856446,126184400,0.0,1.0
2004-12-20 00:00:00+00:00,26.95,27.15,26.89,27.02,85552800,18.7051530082,18.8439667596,18.6635088827,18.7537378212,85552800,0.0,1.0
2004-12-21 00:00:00+00:00,27.07,27.17,26.94,27.0,94646100,18.788441259,18.8578481348,18.6982123206,18.739856446,94646100,0.0,1.0
2004-12-22 00:00:00+00:00,26.97,27.15,26.78,26.83,63651900,18.7190343833,18.8439667596,18.5871613194,18.6218647573,63651900,0.0,1.0
2004-12-23 00:00:00+00:00,27.01,27.15,26.83,26.86,65801900,18.7467971336,18.8439667596,18.6218647573,18.64268682,65801900,0.0,1.0
2004-12-27 00:00:00+00:00,26.85,27.1,26.82,27.02,55958500,18.6357461324,18.8092633218,18.6149240697,18.7537378212,55958500,0.0,1.0
2004-12-28 00:00:00+00:00,26.95,27.03,26.8,26.84,55075900,18.7051530082,18.7606785088,18.6010426946,18.6288054449,55075900,0.0,1.0
2004-12-29 00:00:00+00:00,26.9,27.0,26.82,26.85,47594900,18.6704495703,18.739856446,18.6149240697,18.6357461324,47594900,0.0,1.0
2004-12-30 00:00:00+00:00,26.76,26.94,26.749,26.89,48355400,18.5732799443,18.6982123206,18.565645188,18.6635088827,48355400,0.0,1.0
2004-12-31 00:00:00+00:00,26.72,26.9,26.679,26.75,54959500,18.545517194,18.6704495703,18.517060375,18.5663392567,54959500,0.0,1.0
2005-01-03 00:00:00+00:00,26.74,26.95,26.649,26.8,65002900,18.5593985691,18.7051530082,18.4962383122,18.6010426946,65002900,0.0,1.0
2005-01-04 00:00:00+00:00,26.84,27.1,26.66,26.86,109442100,18.6288054449,18.8092633218,18.5038730686,18.64268682,109442100,0.0,1.0
2005-01-05 00:00:00+00:00,26.78,27.1,26.76,26.84,72463500,18.5871613194,18.8092633218,18.5732799443,18.6288054449,72463500,0.0,1.0
2005-01-06 00:00:00+00:00,26.75,27.06,26.6399,26.86,76890500,18.5663392567,18.7815005715,18.4899222865,18.64268682,76890500,0.0,1.0
2005-01-07 00:00:00+00:00,26.67,26.89,26.62,26.83,68723300,18.5108137561,18.6635088827,18.4761103183,18.6218647573,68723300,0.0,1.0
2005-01-10 00:00:00+00:00,26.8,26.86,26.54,26.6,70376600,18.6010426946,18.64268682,18.4205848177,18.4622289431,70376600,0.0,1.0
2005-01-11 00:00:00+00:00,26.73,26.82,26.61,26.69,64712000,18.5524578816,18.6149240697,18.4691696307,18.5246951313,64712000,0.0,1.0
2005-01-12 00:00:00+00:00,26.78,26.85,26.62,26.77,72940600,18.5871613194,18.6357461324,18.4761103183,18.5802206319,72940600,0.0,1.0
2005-01-13 00:00:00+00:00,26.27,26.8,26.16,26.69,89861600,18.2331862532,18.6010426946,18.1568386899,18.5246951313,89861600,0.0,1.0
2005-01-14 00:00:00+00:00,26.12,26.45,26.04,26.4,92180800,18.1290759396,18.3581186295,18.0735504391,18.3234151917,92180800,0.0,1.0
2005-01-18 00:00:00+00:00,26.32,26.35,25.84,26.03,69146400,18.2678896911,18.2887117538,17.9347366876,18.0666097515,69146400,0.0,1.0
2005-01-19 00:00:00+00:00,25.98,26.26,25.9199,26.2,58114100,18.0319063136,18.2262455657,17.9901927813,18.1846014402,58114100,0.0,1.0
2005-01-20 00:00:00+00:00,25.86,26.1,25.74,25.835,58380100,17.9486180628,18.1151945645,17.8653298119,17.9312663438,58380100,0.0,1.0
2005-01-21 00:00:00+00:00,25.65,26.13,25.64,25.94,76501000,17.8028636237,18.1360166272,17.7959229362,18.0041435633,76501000,0.0,1.0
2005-01-24 00:00:00+00:00,25.67,26.0,25.64,25.77,69010900,17.8167449989,18.0457876888,17.7959229362,17.8861518746,69010900,0.0,1.0
2005-01-25 00:00:00+00:00,26.02,26.19,25.75,25.76,67580700,18.0596690639,18.1776607527,17.8722704995,17.879211187,67580700,0.0,1.0
2005-01-26 00:00:00+00:00,26.01,26.17,25.9,26.08,64974500,18.0527283763,18.1637793775,17.976380813,18.1013131894,64974500,0.0,1.0
2005-01-27 00:00:00+00:00,26.11,26.16,25.85,25.95,93204100,18.1221352521,18.1568386899,17.9416773752,18.0110842509,93204100,0.0,1.0
2005-01-28 00:00:00+00:00,26.18,26.65,25.9599,26.54,110466500,18.1707200651,18.496932381,18.0179555316,18.4205848177,110466500,0.0,1.0
2005-01-31 00:00:00+00:00,26.28,26.52,26.16,26.35,71442100,18.2401269408,18.4067034426,18.1568386899,18.2887117538,71442100,0.0,1.0
2005-02-01 00:00:00+00:00,26.39,26.43,26.22,26.25,57981700,18.3164745041,18.3442372544,18.1984828154,18.2193048781,57981700,0.0,1.0
2005-02-02 00:00:00+00:00,26.46,26.5,26.2799,26.42,79329500,18.3650593171,18.3928220674,18.2400575339,18.3372965668,79329500,0.0,1.0
2005-02-03 00:00:00+00:00,26.18,26.4,26.1,26.37,62545400,18.1707200651,18.3234151917,18.1151945645,18.302593129,62545400,0.0,1.0
2005-02-04 00:00:00+00:00,26.32,26.37,26.1399,26.18,61246500,18.2678896911,18.302593129,18.1428879079,18.1707200651,61246500,0.0,1.0
2005-02-07 00:00:00+00:00,26.16,26.3,26.06,26.27,57763400,18.1568386899,18.254008316,18.0874318142,18.2331862532,57763400,0.0,1.0
2005-02-08 00:00:00+00:00,26.24,26.34,26.16,26.19,61343700,18.2123641905,18.2817710662,18.1568386899,18.1776607527,61343700,0.0,1.0
2005-02-09 00:00:00+00:00,26.07,26.31,26.04,26.25,77874800,18.0943725018,18.2609490035,18.0735504391,18.2193048781,77874800,0.0,1.0
2005-02-10 00:00:00+00:00,26.06,26.13,26.0,26.1,71796400,18.0874318142,18.1360166272,18.0457876888,18.1151945645,71796400,0.0,1.0
2005-02-11 00:00:00+00:00,25.97,26.12,25.81,26.03,83835900,18.0249656261,18.1290759396,17.9139146249,18.0666097515,83835900,0.0,1.0
2005-02-14 00:00:00+00:00,26.01,26.12,25.91,26.0118,58694000,18.0527283763,18.1290759396,17.9833215006,18.0539777001,58694000,0.0,1.0
2005-02-15 00:00:00+00:00,25.93,26.08,25.86,26.0,76551600,18.0527283763,18.1571598941,18.003993668,18.1014630847,76551600,0.08,1.0
2005-02-16 00:00:00+00:00,25.79,25.93,25.67,25.87,57506600,17.9552589597,18.0527283763,17.8717137455,18.0109557692,57506600,0.0,1.0
2005-02-17 00:00:00+00:00,25.65,25.86,25.6,25.71,67024800,17.8577895431,18.003993668,17.8229790372,17.8995621502,67024800,0.0,1.0
2005-02-18 00:00:00+00:00,25.48,25.65,25.4,25.64,77091100,17.739433823,17.8577895431,17.6837370135,17.8508274419,77091100,0.0,1.0
2005-02-22 00:00:00+00:00,25.23,25.49,25.2,25.24,96419200,17.5653812933,17.7463959241,17.5444949897,17.5723433945,96419200,0.0,1.0
2005-02-23 00:00:00+00:00,25.2,25.35,25.17,25.24,83689400,17.5444949897,17.6489265075,17.5236086862,17.5723433945,83689400,0.0,1.0
2005-02-24 00:00:00+00:00,25.37,25.4401,25.15,25.18,85236300,17.6628507099,17.7116550392,17.5096844838,17.5305707874,85236300,0.0,1.0
2005-02-25 00:00:00+00:00,25.25,25.38,25.15,25.35,62467700,17.5793054957,17.6698128111,17.5096844838,17.6489265075,62467700,0.0,1.0
2005-02-28 00:00:00+00:00,25.16,25.37,25.1296,25.22,82728000,17.516646585,17.6628507099,17.4954817974,17.5584191921,82728000,0.0,1.0
2005-03-01 00:00:00+00:00,25.28,25.41,25.13,25.2,56394800,17.6001917992,17.6906991147,17.4957602814,17.5444949897,56394800,0.0,1.0
2005-03-02 00:00:00+00:00,25.26,25.48,25.16,25.19,67739000,17.5862675969,17.739433823,17.516646585,17.5375328886,67739000,0.0,1.0
2005-03-03 00:00:00+00:00,25.17,25.31,25.14,25.3,52183600,17.5236086862,17.6210781028,17.5027223826,17.6141160016,52183600,0.0,1.0
2005-03-04 00:00:00+00:00,25.17,25.3,25.13,25.21,63058200,17.5236086862,17.6141160016,17.4957602814,17.5514570909,63058200,0.0,1.0
2005-03-07 00:00:00+00:00,25.47,25.79,25.16,25.17,80407400,17.7324717218,17.9552589597,17.516646585,17.5236086862,80407400,0.0,1.0
2005-03-08 00:00:00+00:00,25.4,25.6202,25.34,25.4,52871800,17.6837370135,17.8370424816,17.6419644064,17.6837370135,52871800,0.0,1.0
2005-03-09 00:00:00+00:00,25.31,25.57,25.28,25.39,62991800,17.6210781028,17.8020927336,17.6001917992,17.6767749123,62991800,0.0,1.0
2005-03-10 00:00:00+00:00,25.43,25.48,25.25,25.43,59132900,17.704623317,17.739433823,17.5793054957,17.704623317,59132900,0.0,1.0
2005-03-11 00:00:00+00:00,25.09,25.4802,25.06,25.45,60617900,17.4679118767,17.739573065,17.4470255731,17.7185475194,60617900,0.0,1.0
2005-03-14 00:00:00+00:00,25.11,25.15,24.96,25.08,65550500,17.4818360791,17.5096844838,17.3774045613,17.4609497755,65550500,0.0,1.0
2005-03-15 00:00:00+00:00,24.91,25.24,24.8899,25.1,71469400,17.3425940553,17.5723433945,17.328600232,17.4748739779,71469400,0.0,1.0
2005-03-16 00:00:00+00:00,24.63,24.97,24.56,24.82,74841400,17.1476552221,17.3843666625,17.0989205138,17.2799351447,74841400,0.0,1.0
2005-03-17 00:00:00+00:00,24.54,24.68,24.53,24.64,60573200,17.0849963114,17.182465728,17.0780342103,17.1546173233,60573200,0.0,1.0
2005-03-18 00:00:00+00:00,24.31,24.91,24.28,24.53,135904000,16.9248679842,17.3425940553,16.9039816806,17.0780342103,135904000,0.0,1.0
2005-03-21 00:00:00+00:00,24.2,24.36,24.15,24.35,71446200,16.8482848711,16.9596784901,16.8134743652,16.9527163889,71446200,0.0,1.0
2005-03-22 00:00:00+00:00,23.99,24.27,23.9599,24.19,102113300,16.7020807462,16.8970195794,16.6811248216,16.8413227699,102113300,0.0,1.0
2005-03-23 00:00:00+00:00,24.18,24.39,23.96,23.99,79293300,16.8343606687,16.9805647936,16.6811944426,16.7020807462,79293300,0.0,1.0
2005-03-24 00:00:00+00:00,24.28,24.47,24.1998,24.26,78820900,16.9039816806,17.0362616031,16.8481456291,16.8900574782,78820900,0.0,1.0
2005-03-28 00:00:00+00:00,24.2,24.47,24.18,24.4,49802000,16.8482848711,17.0362616031,16.8343606687,16.9875268948,49802000,0.0,1.0
2005-03-29 00:00:00+00:00,23.92,24.24,23.82,24.14,74231700,16.6533460379,16.8761332758,16.583725026,16.806512264,74231700,0.0,1.0
2005-03-30 00:00:00+00:00,24.16,24.19,24.0,24.03,59585700,16.8204364664,16.8413227699,16.7090428474,16.7299291509,59585700,0.0,1.0
2005-03-31 00:00:00+00:00,24.17,24.3103,24.1199,24.25,62382300,16.8273985675,16.9250768472,16.7925184406,16.883095377,62382300,0.0,1.0
2005-04-01 00:00:00+00:00,24.12,24.35,24.1,24.24,64619600,16.7925880616,16.9527163889,16.7786638592,16.8761332758,64619600,0.0,1.0
2005-04-04 00:00:00+00:00,24.23,24.26,23.94,24.11,62196400,16.8691711747,16.8900574782,16.6672702403,16.7856259604,62196400,0.0,1.0
2005-04-05 00:00:00+00:00,24.47,24.5,24.1199,24.22,73549600,17.0362616031,17.0571479067,16.7925184406,16.8622090735,73549600,0.0,1.0
2005-04-06 00:00:00+00:00,24.67,24.94,24.4491,24.47,78020200,17.1755036269,17.3634803589,17.0217108117,17.0362616031,78020200,0.0,1.0
2005-04-07 00:00:00+00:00,25.1,25.13,24.63,24.66,77451500,17.4748739779,17.4957602814,17.1476552221,17.1685415257,77451500,0.0,1.0
2005-04-08 00:00:00+00:00,24.94,25.25,24.91,25.07,47956300,17.3634803589,17.5793054957,17.3425940553,17.4539876743,47956300,0.0,1.0
2005-04-11 00:00:00+00:00,24.97,25.11,24.86,25.03,47791800,17.3843666625,17.4818360791,17.3077835494,17.4261392696,47791800,0.0,1.0
2005-04-12 00:00:00+00:00,25.32,25.35,24.8,24.92,67517800,17.628040204,17.6489265075,17.2660109423,17.3495561565,67517800,0.0,1.0
2005-04-13 00:00:00+00:00,25.04,25.45,24.99,25.23,60929300,17.4331013708,17.7185475194,17.3982908648,17.5653812933,60929300,0.0,1.0
2005-04-14 00:00:00+00:00,24.84,25.14,24.83,25.01,66754400,17.293859347,17.5027223826,17.2868972458,17.4122150672,66754400,0.0,1.0
2005-04-15 00:00:00+00:00,24.46,24.9,24.41,24.58,100251600,17.0292995019,17.3356319541,16.994488996,17.1128447162,100251600,0.0,1.0
2005-04-18 00:00:00+00:00,24.65,24.84,24.4,24.45,75766400,17.1615794245,17.293859347,16.9875268948,17.0223374008,75766400,0.0,1.0
2005-04-19 00:00:00+00:00,24.63,24.8,24.45,24.71,65956200,17.1476552221,17.2660109423,17.0223374008,17.2033520316,65956200,0.0,1.0
2005-04-20 00:00:00+00:00,24.32,24.7,24.3,24.66,91923500,16.9318300853,17.1963899304,16.917905883,17.1685415257,91923500,0.0,1.0
2005-04-21 00:00:00+00:00,25.24,25.39,24.47,24.48,93562300,17.5723433945,17.6767749123,17.0362616031,17.0432237043,93562300,0.0,1.0
2005-04-22 00:00:00+00:00,24.98,25.25,24.78,25.05,80087500,17.3913287636,17.5793054957,17.2520867399,17.4400634719,80087500,0.0,1.0
2005-04-25 00:00:00+00:00,24.99,25.28,24.86,25.07,75457900,17.3982908648,17.6001917992,17.3077835494,17.4539876743,75457900,0.0,1.0
2005-04-26 00:00:00+00:00,24.76,25.25,24.74,24.95,60464300,17.2381625375,17.5793054957,17.2242383352,17.3704424601,60464300,0.0,1.0
2005-04-27 00:00:00+00:00,24.99,25.15,24.63,24.64,47732800,17.3982908648,17.5096844838,17.1476552221,17.1546173233,47732800,0.0,1.0
2005-04-28 00:00:00+00:00,24.45,24.92,24.44,24.82,83623100,17.0223374008,17.3495561565,17.0153752996,17.2799351447,83623100,0.0,1.0
2005-04-29 00:00:00+00:00,25.3,25.3,24.79,24.88,98641200,17.6141160016,17.6141160016,17.2590488411,17.3217077518,98641200,0.0,1.0
2005-05-02 00:00:00+00:00,25.23,25.36,24.95,25.23,54376700,17.5653812933,17.6558886087,17.3704424601,17.5653812933,54376700,0.0,1.0
2005-05-03 00:00:00+00:00,25.36,25.4,25.09,25.13,67867800,17.6558886087,17.6837370135,17.4679118767,17.4957602814,67867800,0.0,1.0
2005-05-04 00:00:00+00:00,25.21,25.4,25.11,25.32,86864200,17.5514570909,17.6837370135,17.4818360791,17.628040204,86864200,0.0,1.0
2005-05-05 00:00:00+00:00,25.23,25.33,25.08,25.2,59362300,17.5653812933,17.6350023052,17.4609497755,17.5444949897,59362300,0.0,1.0
2005-05-06 00:00:00+00:00,25.22,25.48,25.19,25.33,64322600,17.5584191921,17.739433823,17.5375328886,17.6350023052,64322600,0.0,1.0
2005-05-09 00:00:00+00:00,25.11,25.33,25.05,25.23,61872400,17.4818360791,17.6350023052,17.4400634719,17.5653812933,61872400,0.0,1.0
2005-05-10 00:00:00+00:00,24.9,25.08,24.82,25.04,62235100,17.3356319541,17.4609497755,17.2799351447,17.4331013708,62235100,0.0,1.0
2005-05-11 00:00:00+00:00,24.91,24.97,24.64,24.89,59463300,17.3425940553,17.3843666625,17.1546173233,17.328669853,59463300,0.0,1.0
2005-05-12 00:00:00+00:00,25.0,25.11,24.83,24.84,74540700,17.405252966,17.4818360791,17.2868972458,17.293859347,74540700,0.0,1.0
2005-05-13 00:00:00+00:00,25.3,25.38,24.99,25.03,77204300,17.6141160016,17.6698128111,17.3982908648,17.4261392696,77204300,0.0,1.0
2005-05-16 00:00:00+00:00,25.49,25.5,24.31,25.23,50577300,17.8020927336,17.8090766853,16.97798644,17.620509991,50577300,0.08,1.0
2005-05-17 00:00:00+00:00,25.46,25.5,25.25,25.31,39983200,17.7811408787,17.8090766853,17.6344778942,17.6763816041,39983200,0.0,1.0
2005-05-18 00:00:00+00:00,25.7,25.84,25.42,25.5,71182400,17.9487557181,18.0465310411,17.7532050721,17.8090766853,71182400,0.0,1.0
2005-05-19 00:00:00+00:00,25.92,26.05,25.7,25.75,52120800,18.1024026542,18.1931940255,17.9487557181,17.9836754763,52120800,0.0,1.0
2005-05-20 00:00:00+00:00,25.74,25.92,25.73,25.88,64444500,17.9766915247,18.1024026542,17.969707573,18.0744668476,64444500,0.0,1.0
2005-05-23 00:00:00+00:00,25.85,26.07,25.74,25.75,75421100,18.0535149927,18.2071619288,17.9766915247,17.9836754763,75421100,0.0,1.0
2005-05-24 00:00:00+00:00,25.75,25.88,25.72,25.8,61287700,17.9836754763,18.0744668476,17.9627236214,18.0185952345,61287700,0.0,1.0
2005-05-25 00:00:00+00:00,25.71,25.77,25.5,25.68,35749000,17.9557396697,17.9976433796,17.8090766853,17.9347878148,35749000,0.0,1.0
2005-05-26 00:00:00+00:00,25.9,26.0,25.73,25.75,50579200,18.0884347509,18.1582742673,17.969707573,17.9836754763,50579200,0.0,1.0
2005-05-27 00:00:00+00:00,26.07,26.09,25.81,25.83,54978000,18.2071619288,18.2211298321,18.0255791862,18.0395470894,54978000,0.0,1.0
2005-05-31 00:00:00+00:00,25.8,26.03,25.75,25.97,46131100,18.0185952345,18.1792261223,17.9836754763,18.1373224124,46131100,0.0,1.0
2005-06-01 00:00:00+00:00,25.81,26.0,25.61,25.73,54621000,18.0255791862,18.1582742673,17.8859001533,17.969707573,54621000,0.0,1.0
2005-06-02 00:00:00+00:00,25.79,25.86,25.64,25.72,27212500,18.0116112829,18.0604989444,17.9068520083,17.9627236214,27212500,0.0,1.0
2005-06-03 00:00:00+00:00,25.43,25.8102,25.34,25.7,79659500,17.7601890238,18.0257188652,17.697333459,17.9487557181,79659500,0.0,1.0
2005-06-06 00:00:00+00:00,25.37,25.5,25.31,25.38,40756900,17.7182853139,17.8090766853,17.6763816041,17.7252692656,40756900,0.0,1.0
2005-06-07 00:00:00+00:00,25.51,25.83,25.31,25.33,54511400,17.8160606369,18.0395470894,17.6763816041,17.6903495074,54511400,0.0,1.0
2005-06-08 00:00:00+00:00,25.4,25.62,25.34,25.55,45369700,17.7392371689,17.892884105,17.697333459,17.8439964435,45369700,0.0,1.0
2005-06-09 00:00:00+00:00,25.51,25.611,25.3499,25.4,52767900,17.8160606369,17.8865985485,17.7042475711,17.7392371689,52767900,0.0,1.0
2005-06-10 00:00:00+00:00,25.43,25.52,25.34,25.49,39459800,17.7601890238,17.8230445886,17.697333459,17.8020927336,39459800,0.0,1.0
2005-06-13 00:00:00+00:00,25.31,25.49,25.26,25.36,49104100,17.6763816041,17.8020927336,17.6414618459,17.7113013623,49104100,0.0,1.0
2005-06-14 00:00:00+00:00,25.36,25.44,25.24,25.31,44243300,17.7113013623,17.7671729754,17.6274939426,17.6763816041,44243300,0.0,1.0
2005-06-15 00:00:00+00:00,25.26,25.41,25.11,25.4,50764800,17.6414618459,17.7462211205,17.5367025713,17.7392371689,50764800,0.0,1.0
2005-06-16 00:00:00+00:00,25.04,25.23,24.95,25.22,65918800,17.4878149098,17.620509991,17.424959345,17.6135260393,65918800,0.0,1.0
2005-06-17 00:00:00+00:00,25.04,25.29,24.92,25.27,90821300,17.4878149098,17.6624137008,17.4040074901,17.6484457975,90821300,0.0,1.0
2005-06-20 00:00:00+00:00,25.11,25.28,24.93,24.98,50538900,17.5367025713,17.6554297492,17.4109914417,17.4459111999,50538900,0.0,1.0
2005-06-21 00:00:00+00:00,25.15,25.19,25.04,25.08,81084000,17.5646383778,17.5925741844,17.4878149098,17.5157507163,81084000,0.0,1.0
2005-06-22 00:00:00+00:00,25.07,25.26,25.03,25.11,60492700,17.5087667647,17.6414618459,17.4808309581,17.5367025713,60492700,0.0,1.0
2005-06-23 00:00:00+00:00,25.31,25.62,25.15,25.17,105159800,17.6763816041,17.892884105,17.5646383778,17.5786062811,105159800,0.0,1.0
2005-06-24 00:00:00+00:00,25.04,25.4,25.03,25.22,57970700,17.4878149098,17.7392371689,17.4808309581,17.6135260393,57970700,0.0,1.0
2005-06-27 00:00:00+00:00,25.05,25.25,25.03,25.07,61636200,17.4947988614,17.6344778942,17.4808309581,17.5087667647,61636200,0.0,1.0
2005-06-28 00:00:00+00:00,25.07,25.2,25.029,25.09,53058100,17.5087667647,17.599558136,17.480132563,17.522734668,53058100,0.0,1.0
2005-06-29 00:00:00+00:00,25.09,25.32,25.0,25.22,55859900,17.522734668,17.6833655557,17.4598791032,17.6135260393,55859900,0.0,1.0
2005-06-30 00:00:00+00:00,24.84,25.14,24.82,25.06,82018200,17.348135877,17.5576544262,17.3341679737,17.5017828131,82018200,0.0,1.0
2005-07-01 00:00:00+00:00,24.71,24.9904,24.67,24.85,69718400,17.2573445056,17.4531745096,17.2294086991,17.3551198286,69718400,0.0,1.0
2005-07-05 00:00:00+00:00,24.98,25.19,24.62,24.66,61883500,17.4459111999,17.5925741844,17.1944889408,17.2224247474,61883500,0.0,1.0
2005-07-06 00:00:00+00:00,24.7,25.08,24.6899,24.97,64214600,17.250360554,17.5157507163,17.2433067628,17.4389272483,64214600,0.0,1.0
2005-07-07 00:00:00+00:00,24.65,24.71,24.5,24.58,80082900,17.2154407958,17.2573445056,17.1106815212,17.1665531343,80082900,0.0,1.0
2005-07-08 00:00:00+00:00,25.09,25.1207,24.63,24.64,56104000,17.522734668,17.5441753995,17.2014728925,17.2084568441,56104000,0.0,1.0
2005-07-11 00:00:00+00:00,25.29,25.38,25.11,25.15,61525400,17.6624137008,17.7252692656,17.5367025713,17.5646383778,61525400,0.0,1.0
2005-07-12 00:00:00+00:00,25.61,25.62,25.2,25.24,63384800,17.8859001533,17.892884105,17.599558136,17.6274939426,63384800,0.0,1.0
2005-07-13 00:00:00+00:00,25.66,25.75,25.4799,25.53,44749200,17.9208199115,17.9836754763,17.7950389425,17.8300285402,44749200,0.0,1.0
2005-07-14 00:00:00+00:00,25.97,26.1,25.79,25.79,69506800,18.1373224124,18.2281137838,18.0116112829,18.0116112829,69506800,0.0,1.0
2005-07-15 00:00:00+00:00,25.79,26.1,25.75,26.04,56472800,18.0116112829,18.2281137838,17.9836754763,18.1862100739,56472800,0.0,1.0
2005-07-18 00:00:00+00:00,25.55,25.79,25.55,25.71,39668000,17.8439964435,18.0116112829,17.8439964435,17.9557396697,39668000,0.0,1.0
2005-07-19 00:00:00+00:00,26.16,26.25,25.75,25.79,113290100,18.2700174936,18.3328730584,17.9836754763,18.0116112829,113290100,0.0,1.0
2005-07-20 00:00:00+00:00,26.19,26.23,25.88,26.0,71424800,18.2909693485,18.3189051551,18.0744668476,18.1582742673,71424800,0.0,1.0
2005-07-21 00:00:00+00:00,26.44,26.48,26.19,26.3,112932100,18.4655681396,18.4935039461,18.2909693485,18.3677928166,112932100,0.0,1.0
2005-07-22 00:00:00+00:00,25.68,26.34,25.63,25.99,97558900,17.9347878148,18.3957286231,17.8998680566,18.1512903157,97558900,0.0,1.0
2005-07-25 00:00:00+00:00,25.69,25.9,25.65,25.69,45174600,17.9417717665,18.0884347509,17.9138359599,17.9417717665,45174600,0.0,1.0
2005-07-26 00:00:00+00:00,25.54,25.74,25.53,25.72,51476400,17.8370124918,17.9766915247,17.8300285402,17.9627236214,51476400,0.0,1.0
2005-07-27 00:00:00+00:00,25.72,25.8,25.53,25.61,57977300,17.9627236214,18.0185952345,17.8300285402,17.8859001533,57977300,0.0,1.0
2005-07-28 00:00:00+00:00,25.75,25.85,25.66,25.75,44738700,17.9836754763,18.0535149927,17.9208199115,17.9836754763,44738700,0.0,1.0
2005-07-29 00:00:00+00:00,25.61,26.0,25.59,25.78,59524400,17.8859001533,18.1582742673,17.8719322501,18.0046273312,59524400,0.0,1.0
2005-08-01 00:00:00+00:00,25.92,26.05,25.76,25.82,61346800,18.1024026542,18.1931940255,17.990659428,18.0325631378,61346800,0.0,1.0
2005-08-02 00:00:00+00:00,26.81,26.901,25.87,25.9,137510100,18.7239743503,18.7875283102,18.067482896,18.0884347509,137510100,0.0,1.0
2005-08-03 00:00:00+00:00,27.25,27.43,26.734,26.76,139422400,19.0312682225,19.156979352,18.6708963178,18.6890545921,139422400,0.0,1.0
2005-08-04 00:00:00+00:00,27.32,27.5,27.05,27.15,91461400,19.080155884,19.2058670135,18.8915891897,18.9614287061,91461400,0.0,1.0
2005-08-05 00:00:00+00:00,27.76,27.94,27.25,27.29,82212400,19.3874497562,19.5131608858,19.0312682225,19.0592040291,82212400,0.0,1.0
2005-08-08 00:00:00+00:00,27.13,27.84,27.08,27.8,77207200,18.9474608028,19.4433213693,18.9125410446,19.4153855628,77207200,0.0,1.0
2005-08-09 00:00:00+00:00,27.35,27.51,27.01,27.23,64761800,19.1011077389,19.2128509652,18.8636533831,19.0173003192,64761800,0.0,1.0
2005-08-10 00:00:00+00:00,26.95,27.5,26.85,27.41,62818800,18.8217496733,19.2058670135,18.7519101569,19.1430114488,62818800,0.0,1.0
2005-08-11 00:00:00+00:00,27.27,27.3,26.8899,26.98,48646800,19.0452361258,19.0661879807,18.7797761239,18.8427015282,48646800,0.0,1.0
2005-08-12 00:00:00+00:00,27.05,27.14,26.9,27.08,52006500,18.8915891897,18.9544447545,18.7868299151,18.9125410446,52006500,0.0,1.0
2005-08-15 00:00:00+00:00,27.13,27.3008,26.69,26.98,45976600,19.0033324159,19.1229700561,18.6951324062,18.8982642308,45976600,0.08,1.0
2005-08-16 00:00:00+00:00,26.74,27.14,26.6998,27.03,46894600,18.7301551346,19.0103369616,18.701996861,18.9332869592,46894600,0.0,1.0
2005-08-17 00:00:00+00:00,26.95,27.15,26.66,26.82,52413100,18.8772505938,19.0173415073,18.6741187692,18.7861915,52413100,0.0,1.0
2005-08-18 00:00:00+00:00,26.82,27.08,26.8,26.89,40861900,18.7861915,18.9683096876,18.7721824087,18.8352233197,40861900,0.0,1.0
2005-08-19 00:00:00+00:00,26.72,26.91,26.7,26.85,36043500,18.7161460433,18.8492324111,18.7021369519,18.807205137,36043500,0.0,1.0
2005-08-22 00:00:00+00:00,26.91,27.17,26.77,26.79,41691700,18.8492324111,19.0313505986,18.7511687716,18.765177863,41691700,0.0,1.0
2005-08-23 00:00:00+00:00,26.87,27.07,26.74,26.84,48296700,18.8212142284,18.9613051419,18.7301551346,18.8002005914,48296700,0.0,1.0
2005-08-24 00:00:00+00:00,26.81,27.16,26.78,26.84,63645000,18.7791869543,19.024346053,18.7581733173,18.8002005914,63645000,0.0,1.0
2005-08-25 00:00:00+00:00,27.03,27.09,26.85,26.9,39306300,18.9332869592,18.9753142332,18.807205137,18.8422278654,39306300,0.0,1.0
2005-08-26 00:00:00+00:00,26.97,27.08,26.87,27.04,36774600,18.8912596851,18.9683096876,18.8212142284,18.9402915049,36774600,0.0,1.0
2005-08-29 00:00:00+00:00,27.15,27.23,26.81,26.82,52307700,19.0173415073,19.0733778727,18.7791869543,18.7861915,52307700,0.0,1.0
2005-08-30 00:00:00+00:00,27.18,27.23,26.96,27.06,55163200,19.0383551443,19.0733778727,18.8842551395,18.9543005962,55163200,0.0,1.0
2005-08-31 00:00:00+00:00,27.38,27.44,27.04,27.18,65210200,19.1784460578,19.2204733319,18.9402915049,19.0383551443,65210200,0.0,1.0
2005-09-01 00:00:00+00:00,27.2,27.39,27.15,27.38,75974500,19.0523642357,19.1854506035,19.0173415073,19.1784460578,75974500,0.0,1.0
2005-09-02 00:00:00+00:00,27.02,27.27,26.97,27.21,52047500,18.9262824135,19.1013960554,18.8912596851,19.0593687813,52047500,0.0,1.0
2005-09-06 00:00:00+00:00,27.0,27.29,26.98,27.06,46089000,18.9122733222,19.1154051467,18.8982642308,18.9543005962,46089000,0.0,1.0
2005-09-07 00:00:00+00:00,26.85,27.11,26.8199,26.94,44656100,18.807205137,18.9893233246,18.7861214546,18.8702460481,44656100,0.0,1.0
2005-09-08 00:00:00+00:00,26.61,26.88,26.52,26.8,52552300,18.6390960408,18.8282187741,18.5760551298,18.7721824087,52552300,0.0,1.0
2005-09-09 00:00:00+00:00,26.58,26.82,26.53,26.62,41515800,18.6180824038,18.7861915,18.5830596754,18.6461005865,41515800,0.0,1.0
2005-09-12 00:00:00+00:00,26.61,26.75,26.5192,26.58,40550500,18.6390960408,18.7371596803,18.5754947661,18.6180824038,40550500,0.0,1.0
2005-09-13 00:00:00+00:00,26.48,26.76,26.37,26.54,63422900,18.5480369471,18.744164226,18.4709869446,18.5900642211,63422900,0.0,1.0
2005-09-14 00:00:00+00:00,26.31,26.64,26.3,26.52,54969600,18.4289596706,18.6601096779,18.4219551249,18.5760551298,54969600,0.0,1.0
2005-09-15 00:00:00+00:00,26.27,26.43,26.22,26.37,60357200,18.4009414879,18.5130142187,18.3659187595,18.4709869446,60357200,0.0,1.0
2005-09-16 00:00:00+00:00,26.07,26.4,25.97,26.34,187384300,18.2608505744,18.4920005817,18.1908051177,18.4499733076,187384300,0.0,1.0
2005-09-19 00:00:00+00:00,26.0,26.27,25.86,26.09,61832300,18.2118187547,18.4009414879,18.1137551152,18.2748596658,61832300,0.0,1.0
2005-09-20 00:00:00+00:00,25.84,26.22,25.69,26.07,61043400,18.0997460239,18.3659187595,17.9946778388,18.2608505744,61043400,0.0,1.0
2005-09-21 00:00:00+00:00,25.49,25.9,25.43,25.8,68281800,17.8545869253,18.1417732979,17.8125596512,18.0717278412,68281800,0.0,1.0
2005-09-22 00:00:00+00:00,25.34,25.6,25.15,25.49,71314900,17.7495187401,17.9316369277,17.6164323723,17.8545869253,71314900,0.0,1.0
2005-09-23 00:00:00+00:00,25.27,25.54,25.12,25.31,66396800,17.7004869204,17.8896096536,17.5954187353,17.7285051031,66396800,0.0,1.0
2005-09-26 00:00:00+00:00,25.27,25.49,25.21,25.4,56203700,17.7004869204,17.8545869253,17.6584596464,17.7915460142,56203700,0.0,1.0
2005-09-27 00:00:00+00:00,25.34,25.45,25.2999,25.37,48797900,17.7495187401,17.8265687426,17.721430512,17.7705323772,48797900,0.0,1.0
2005-09-28 00:00:00+00:00,25.67,25.87,25.38,25.39,71019400,17.9806687474,18.1207596609,17.7775369228,17.7845414685,71019400,0.0,1.0
2005-09-29 00:00:00+00:00,25.94,26.0,25.5,25.61,66807100,18.1697914806,18.2118187547,17.8615914709,17.9386414734,66807100,0.0,1.0
2005-09-30 00:00:00+00:00,25.73,25.95,25.61,25.91,57644500,18.0226960215,18.1767960263,17.9386414734,18.1487778436,57644500,0.0,1.0
2005-10-03 00:00:00+00:00,25.5,25.7326,25.44,25.71,55341300,17.8615914709,18.0245172033,17.8195641969,18.0086869301,55341300,0.0,1.0
2005-10-04 00:00:00+00:00,24.98,25.39,24.75,25.36,151666300,17.4973550958,17.7845414685,17.3362505453,17.7635278315,151666300,0.0,1.0
2005-10-05 00:00:00+00:00,24.67,25.05,24.67,25.04,73684700,17.2802141799,17.5463869156,17.2802141799,17.5393823699,73684700,0.0,1.0
2005-10-06 00:00:00+00:00,24.73,24.95,24.53,24.66,81724600,17.322241454,17.4763414588,17.1821505405,17.2732096342,81724600,0.0,1.0
2005-10-07 00:00:00+00:00,24.59,24.8401,24.52,24.77,50768700,17.2241778145,17.3993615018,17.1751459948,17.3502596367,50768700,0.0,1.0
2005-10-10 00:00:00+00:00,24.46,24.68,24.35,24.67,48880900,17.1331187207,17.2872187256,17.0560687183,17.2802141799,48880900,0.0,1.0
2005-10-11 00:00:00+00:00,24.41,24.5501,24.25,24.51,76567300,17.0980959924,17.1962296773,16.9860232616,17.1681414491,76567300,0.0,1.0
2005-10-12 00:00:00+00:00,24.3,24.7,24.27,24.49,71294400,17.0210459899,17.3012278169,17.0000323529,17.1541323578,71294400,0.0,1.0
2005-10-13 00:00:00+00:00,24.59,25.59,24.268,24.31,70192000,17.2241778145,17.924632382,16.9986314438,17.0280505356,70192000,0.0,1.0
2005-10-14 00:00:00+00:00,24.67,24.73,24.4992,24.71,53846700,17.2802141799,17.322241454,17.1605765398,17.3082323626,53846700,0.0,1.0
2005-10-17 00:00:00+00:00,24.53,24.69,24.4399,24.68,46924400,17.1821505405,17.2942232713,17.1190395839,17.2872187256,46924400,0.0,1.0
2005-10-18 00:00:00+00:00,24.57,24.83,24.45,24.47,69328200,17.2101687232,17.3922869107,17.1261141751,17.1401232664,69328200,0.0,1.0
2005-10-19 00:00:00+00:00,25.09,25.09,24.5,24.56,66574500,17.5744050983,17.5744050983,17.1611369034,17.2031641775,66574500,0.0,1.0
2005-10-20 00:00:00+00:00,24.79,25.13,24.74,25.05,58830600,17.364268728,17.602423281,17.3292459996,17.5463869156,58830600,0.0,1.0
2005-10-21 00:00:00+00:00,24.78,25.0,24.57,24.93,69431200,17.3572641823,17.5113641872,17.2101687232,17.4623323675,69431200,0.0,1.0
2005-10-24 00:00:00+00:00,25.1,25.1,24.68,24.89,51868000,17.5814096439,17.5814096439,17.2872187256,17.4343141848,51868000,0.0,1.0
2005-10-25 00:00:00+00:00,25.03,25.13,24.8299,24.95,41310500,17.5323778242,17.602423281,17.3922168653,17.4763414588,41310500,0.0,1.0
2005-10-26 00:00:00+00:00,25.1101,25.33,24.93,24.97,58178100,17.5884842351,17.7425141945,17.4623323675,17.4903505502,58178100,0.0,1.0
2005-10-27 00:00:00+00:00,24.85,25.27,24.85,25.22,61566100,17.4062960021,17.7004869204,17.4062960021,17.665464192,61566100,0.0,1.0
2005-10-28 00:00:00+00:00,25.53,25.6001,25.1,25.1,106559300,17.882605108,17.9317069731,17.5814096439,17.5814096439,106559300,0.0,1.0
2005-10-31 00:00:00+00:00,25.7,25.8,25.5,25.61,75122100,18.0016823844,18.0717278412,17.8615914709,17.9386414734,75122100,0.0,1.0
2005-11-01 00:00:00+00:00,25.96,26.1,25.61,25.61,71370400,18.183800572,18.2818642114,17.9386414734,17.9386414734,71370400,0.0,1.0
2005-11-02 00:00:00+00:00,26.46,26.5,25.93,25.93,75067100,18.5340278557,18.5620460384,18.162786935,18.162786935,75067100,0.0,1.0
2005-11-03 00:00:00+00:00,26.44,26.64,26.25,26.6,73421600,18.5200187644,18.6601096779,18.3869323966,18.6320914952,73421600,0.0,1.0
2005-11-04 00:00:00+00:00,26.66,26.71,26.45,26.53,57464000,18.6741187692,18.7091414976,18.52702331,18.5830596754,57464000,0.0,1.0
2005-11-07 00:00:00+00:00,27.01,27.081,26.7,26.72,77104800,18.9192778678,18.9690101421,18.7021369519,18.7161460433,77104800,0.0,1.0
2005-11-08 00:00:00+00:00,27.0495,27.18,26.77,26.935,60091700,18.9469458233,19.0383551443,18.7511687716,18.8667437753,60091700,0.0,1.0
2005-11-09 00:00:00+00:00,26.96,27.1501,26.94,26.98,59562100,18.8842551395,19.0174115527,18.8702460481,18.8982642308,59562100,0.0,1.0
2005-11-10 00:00:00+00:00,27.09,27.15,26.6399,26.94,73314800,18.9753142332,19.0173415073,18.6600396324,18.8702460481,73314800,0.0,1.0
2005-11-11 00:00:00+00:00,27.28,27.3901,27.1265,27.15,51945600,19.1084006011,19.1855206489,19.000880825,19.0173415073,51945600,0.0,1.0
2005-11-14 00:00:00+00:00,27.35,27.44,27.2,27.36,67152200,19.1574324208,19.2204733319,19.0523642357,19.1644369665,67152200,0.0,1.0
2005-11-15 00:00:00+00:00,27.5,27.54,27.25,27.33,65081000,19.3185369713,19.3466366614,19.1429139079,19.1991132882,65081000,0.08,1.0
2005-11-16 00:00:00+00:00,27.74,27.88,27.44,27.48,86277000,19.4871351121,19.5854840276,19.2763874361,19.3044871262,86277000,0.0,1.0
2005-11-17 00:00:00+00:00,27.97,28.0003,27.76,27.85,91351000,19.6487083305,19.6699938457,19.5011849572,19.56440926,91351000,0.0,1.0
2005-11-18 00:00:00+00:00,28.07,28.25,27.9,28.2,75431200,19.7189575558,19.8454061614,19.5995338727,19.8102815488,75431200,0.0,1.0
2005-11-21 00:00:00+00:00,28.16,28.2402,27.5,28.07,65794400,19.7821818586,19.8385217374,19.3185369713,19.7189575558,65794400,0.0,1.0
2005-11-22 00:00:00+00:00,27.91,28.08,27.86,28.06,104253300,19.6065587952,19.7259824783,19.5714341826,19.7119326333,104253300,0.0,1.0
2005-11-23 00:00:00+00:00,27.92,28.09,27.74,27.91,70541300,19.6135837178,19.7330074009,19.4871351121,19.6065587952,70541300,0.0,1.0
2005-11-25 00:00:00+00:00,27.76,27.94,27.465,27.8,44082500,19.5011849572,19.6276335628,19.2939497424,19.5292846474,44082500,0.0,1.0
2005-11-28 00:00:00+00:00,27.75,27.851,27.53,27.79,57517200,19.4941600347,19.5651117523,19.3396117389,19.5222597248,57517200,0.0,1.0
2005-11-29 00:00:00+00:00,27.68,27.79,27.6,27.77,62220400,19.4449855769,19.5222597248,19.3887861967,19.5082098798,62220400,0.0,1.0
2005-11-30 00:00:00+00:00,27.68,27.7702,27.63,27.68,55904700,19.4449855769,19.5083503782,19.4098609643,19.4449855769,55904700,0.0,1.0
2005-12-01 00:00:00+00:00,27.89,28.101,27.729,27.73,61006100,19.5925089502,19.7407348157,19.4794076974,19.4801101896,61006100,0.0,1.0
2005-12-02 00:00:00+00:00,28.01,28.1,27.79,27.82,42319600,19.6768080206,19.7400323234,19.5222597248,19.5433344924,42319600,0.0,1.0
2005-12-05 00:00:00+00:00,27.85,28.02,27.71,27.93,47517300,19.56440926,19.6838329431,19.4660603445,19.6206086403,47517300,0.0,1.0
2005-12-06 00:00:00+00:00,27.69,27.921,27.68,27.9,65980000,19.4520104995,19.61428621,19.4449855769,19.5995338727,65980000,0.0,1.0
2005-12-07 00:00:00+00:00,27.75,27.75,27.55,27.67,55583200,19.4941600347,19.4941600347,19.353661584,19.4379606544,55583200,0.0,1.0
2005-12-08 00:00:00+00:00,27.69,27.81,27.6,27.71,63931600,19.4520104995,19.5363095699,19.3887861967,19.4660603445,63931600,0.0,1.0
2005-12-09 00:00:00+00:00,27.71,27.83,27.64,27.71,48467000,19.4660603445,19.550359415,19.4168858868,19.4660603445,48467000,0.0,1.0
2005-12-12 00:00:00+00:00,27.45,27.75,27.33,27.7,63757200,19.2834123586,19.4941600347,19.1991132882,19.459035422,63757200,0.0,1.0
2005-12-13 00:00:00+00:00,27.1301,27.43,27.0,27.29,104285500,19.0586850867,19.2693625136,18.9672908446,19.1710135981,104285500,0.0,1.0
2005-12-14 00:00:00+00:00,27.09,27.24,26.85,27.0,65076200,19.0305151474,19.1358889854,18.8619170065,18.9672908446,65076200,0.0,1.0
2005-12-15 00:00:00+00:00,26.92,27.11,26.81,27.08,79018100,18.9110914643,19.0445649924,18.8338173164,19.0234902248,79018100,0.0,1.0
2005-12-16 00:00:00+00:00,26.9,27.08,26.81,26.88,88542500,18.8970416192,19.0234902248,18.8338173164,18.8829917741,88542500,0.0,1.0
2005-12-19 00:00:00+00:00,26.83,26.87,26.65,26.82,68680100,18.8478671615,18.8759668516,18.7214185558,18.8408422389,68680100,0.0,1.0
2005-12-20 00:00:00+00:00,26.86,26.88,26.67,26.76,62960600,18.8689419291,18.8829917741,18.7354684009,18.7986927037,62960600,0.0,1.0
2005-12-21 00:00:00+00:00,26.73,26.91,26.7098,26.87,75800900,18.7776179361,18.9040665417,18.7634275926,18.8759668516,75800900,0.0,1.0
2005-12-22 00:00:00+00:00,26.59,26.78,26.419,26.71,91276900,18.6792690206,18.8127425488,18.5591428453,18.763568091,91276900,0.0,1.0
2005-12-23 00:00:00+00:00,26.64,26.6703,26.44,26.52,30689200,18.7143936333,18.7356791486,18.5738951826,18.6300945629,30689200,0.0,1.0
2005-12-27 00:00:00+00:00,26.46,26.85,26.45,26.68,37819000,18.5879450277,18.8619170065,18.5809201051,18.7424933234,37819000,0.0,1.0
2005-12-28 00:00:00+00:00,26.39,26.662,26.35,26.51,35444400,18.5387705699,18.7298484629,18.5106708798,18.6230696403,35444400,0.0,1.0
2005-12-29 00:00:00+00:00,26.27,26.5001,26.26,26.41,34495500,18.4544714995,18.616114967,18.447446577,18.552820415,34495500,0.0,1.0
2005-12-30 00:00:00+00:00,26.15,26.31,26.1,26.15,49044600,18.3701724291,18.4825711896,18.3350478164,18.3701724291,49044600,0.0,1.0
2006-01-03 00:00:00+00:00,26.84,27.001,26.1,26.25,79973000,18.854892084,18.9679933368,18.3350478164,18.4404216544,79973000,0.0,1.0
2006-01-04 00:00:00+00:00,26.97,27.0801,26.77,26.77,57975600,18.946216077,19.0235604741,18.8057176263,18.8057176263,57975600,0.0,1.0
2006-01-05 00:00:00+00:00,26.99,27.13,26.91,26.93,48245500,18.960265922,19.0586148375,18.9040665417,18.9181163868,48245500,0.0,1.0
2006-01-06 00:00:00+00:00,26.91,27.0,26.49,26.88,100963000,18.9040665417,18.9672908446,18.6090197953,18.8829917741,100963000,0.0,1.0
2006-01-09 00:00:00+00:00,26.86,27.07,26.76,26.93,55625000,18.8689419291,19.0164653023,18.7986927037,18.9181163868,55625000,0.0,1.0
2006-01-10 00:00:00+00:00,27.0,27.02,26.59,26.65,64921900,18.9672908446,18.9813406896,18.6792690206,18.7214185558,64921900,0.0,1.0
2006-01-11 00:00:00+00:00,27.29,27.39,26.9,27.01,70120700,19.1710135981,19.2412628234,18.8970416192,18.9743157671,70120700,0.0,1.0
2006-01-12 00:00:00+00:00,27.14,27.26,26.97,27.25,45994800,19.06563976,19.1499388305,18.946216077,19.1429139079,45994800,0.0,1.0
2006-01-13 00:00:00+00:00,27.19,27.2501,27.01,27.03,41418000,19.1007643727,19.1429841572,18.9743157671,18.9883656122,41418000,0.0,1.0
2006-01-17 00:00:00+00:00,26.99,27.19,26.9,26.9,58566600,18.960265922,19.1007643727,18.8970416192,18.8970416192,58566600,0.0,1.0
2006-01-18 00:00:00+00:00,26.83,26.98,26.7,26.74,52376200,18.8478671615,18.9532409995,18.7565431685,18.7846428586,52376200,0.0,1.0
2006-01-19 00:00:00+00:00,27.02,27.24,26.85,26.87,60367600,18.9813406896,19.1358889854,18.8619170065,18.8759668516,60367600,0.0,1.0
2006-01-20 00:00:00+00:00,26.41,27.01,26.26,27.01,79165900,18.552820415,18.9743157671,18.447446577,18.9743157671,79165900,0.0,1.0
2006-01-23 00:00:00+00:00,26.35,26.53,26.3,26.41,47925600,18.5106708798,18.6371194854,18.4755462671,18.552820415,47925600,0.0,1.0
2006-01-24 00:00:00+00:00,26.28,26.4501,26.22,26.34,63040700,18.461496422,18.5809903544,18.4193468868,18.5036459572,63040700,0.0,1.0
2006-01-25 00:00:00+00:00,26.4,26.57,26.23,26.41,59072100,18.5457954925,18.6652191756,18.4263718094,18.552820415,59072100,0.0,1.0
2006-01-26 00:00:00+00:00,26.5,26.72,26.31,26.56,69509300,18.6160447178,18.7705930136,18.4825711896,18.658194253,69509300,0.0,1.0
2006-01-27 00:00:00+00:00,27.79,27.9501,27.19,27.23,134520700,19.5222597248,19.6347287346,19.1007643727,19.1288640629,134520700,0.0,1.0
2006-01-30 00:00:00+00:00,28.0,28.18,27.78,27.79,103999200,19.6697830981,19.7962317037,19.5152348023,19.5222597248,103999200,0.0,1.0
2006-01-31 00:00:00+00:00,28.15,28.38,27.87,27.9,94841300,19.7751569361,19.9367301544,19.5784591051,19.5995338727,94841300,0.0,1.0
2006-02-01 00:00:00+00:00,28.04,28.07,27.76,27.95,68448800,19.6978827882,19.7189575558,19.5011849572,19.6346584854,68448800,0.0,1.0
2006-02-02 00:00:00+00:00,27.68,27.99,27.55,27.91,55073400,19.4449855769,19.6627581755,19.353661584,19.6065587952,55073400,0.0,1.0
2006-02-03 00:00:00+00:00,27.54,27.7,27.34,27.47,75022700,19.3466366614,19.459035422,19.2061382107,19.2974622037,75022700,0.0,1.0
2006-02-06 00:00:00+00:00,27.17,27.54,27.09,27.5,60170500,19.0867145277,19.3466366614,19.0305151474,19.3185369713,60170500,0.0,1.0
2006-02-07 00:00:00+00:00,26.94,27.1501,26.81,26.95,72159500,18.9251413093,19.0727349318,18.8338173164,18.9321662319,72159500,0.0,1.0
2006-02-08 00:00:00+00:00,26.91,27.08,26.71,27.08,51795200,18.9040665417,19.0234902248,18.763568091,19.0234902248,51795200,0.0,1.0
2006-02-09 00:00:00+00:00,26.66,27.03,26.65,26.95,52861700,18.7284434784,18.9883656122,18.7214185558,18.9321662319,52861700,0.0,1.0
2006-02-10 00:00:00+00:00,26.69,26.89,26.51,26.63,52127000,18.749518246,18.8900166967,18.6230696403,18.7073687108,52127000,0.0,1.0
2006-02-13 00:00:00+00:00,26.39,26.7,26.34,26.61,46707000,18.5387705699,18.7565431685,18.5036459572,18.6933188657,46707000,0.0,1.0
2006-02-14 00:00:00+00:00,26.65,26.68,26.35,26.44,58432900,18.7214185558,18.7424933234,18.5106708798,18.5738951826,58432900,0.0,1.0
2006-02-15 00:00:00+00:00,26.88,26.93,26.5,26.63,62808900,18.946216077,18.9814582944,18.6783752247,18.7700049899,62808900,0.09,1.0
2006-02-16 00:00:00+00:00,26.81,26.9001,26.57,26.84,48868500,18.8968769726,18.9603834483,18.727714329,18.918022303,48868500,0.0,1.0
2006-02-17 00:00:00+00:00,26.7,26.81,26.56,26.73,41513200,18.8193440943,18.8968769726,18.7206658856,18.8404894247,41513200,0.0,1.0
2006-02-21 00:00:00+00:00,26.54,26.72,26.34,26.66,50216100,18.7065689986,18.8334409813,18.565600129,18.7911503204,50216100,0.0,1.0
2006-02-22 00:00:00+00:00,26.72,26.86,26.47,26.53,43043100,18.8334409813,18.93211919,18.6572298942,18.6995205551,43043100,0.0,1.0
2006-02-23 00:00:00+00:00,26.66,26.8901,26.54,26.7,47359100,18.7911503204,18.9533350049,18.7065689986,18.8193440943,47359100,0.0,1.0
2006-02-24 00:00:00+00:00,26.63,26.74,26.52,26.59,44753800,18.7700049899,18.8475378682,18.6924721116,18.741811216,44753800,0.0,1.0
2006-02-27 00:00:00+00:00,27.05,27.26,26.67,26.75,51301500,19.0660396161,19.2140569292,18.7981987639,18.8545863117,51301500,0.0,1.0
2006-02-28 00:00:00+00:00,26.87,27.3,26.87,26.94,65036100,18.9391676335,19.2422507032,18.9391676335,18.9885067378,65036100,0.0,1.0
2006-03-01 00:00:00+00:00,27.14,27.2,26.95,26.99,53061200,19.1294756075,19.1717662683,18.9955551813,19.0237489552,53061200,0.0,1.0
2006-03-02 00:00:00+00:00,26.97,27.1001,26.9,26.99,41850300,19.0096520683,19.101352318,18.9603129639,19.0237489552,41850300,0.0,1.0
2006-03-03 00:00:00+00:00,26.93,27.16,26.74,26.8,45218800,18.9814582944,19.1435724944,18.8475378682,18.8898285291,45218800,0.0,1.0
2006-03-06 00:00:00+00:00,26.91,27.15,26.83,26.92,53054100,18.9673614074,19.1365240509,18.9109738595,18.9744098509,53054100,0.0,1.0
2006-03-07 00:00:00+00:00,27.06,27.1,26.81,26.87,51613900,19.0730880596,19.1012818335,18.8968769726,18.9391676335,51613900,0.0,1.0
2006-03-08 00:00:00+00:00,27.25,27.5,26.97,26.97,57547400,19.2070084857,19.3832195728,19.0096520683,19.0096520683,57547400,0.0,1.0
2006-03-09 00:00:00+00:00,27.0,27.42,27.0,27.21,45360700,19.0307973987,19.3268320249,19.0307973987,19.1788147118,45360700,0.0,1.0
2006-03-10 00:00:00+00:00,27.17,27.22,26.88,27.06,41297200,19.1506209379,19.1858631553,18.946216077,19.0730880596,41297200,0.0,1.0
2006-03-13 00:00:00+00:00,27.11,27.29,26.94,26.979,40342600,19.108330277,19.2352022597,18.9885067378,19.0159956674,40342600,0.0,1.0
2006-03-14 00:00:00+00:00,27.23,27.38,26.99,27.0,39821800,19.1929115988,19.298638251,19.0237489552,19.0307973987,39821800,0.0,1.0
2006-03-15 00:00:00+00:00,27.36,27.4501,27.01,27.18,57152000,19.284541364,19.3480478398,19.0378458422,19.1576693814,57152000,0.0,1.0
2006-03-16 00:00:00+00:00,27.27,27.48,27.22,27.28,73793700,19.2211053727,19.3691226858,19.1858631553,19.2281538162,73793700,0.0,1.0
2006-03-17 00:00:00+00:00,27.5,27.66,27.27,27.38,120615000,19.3832195728,19.4959946685,19.2211053727,19.298638251,120615000,0.0,1.0
2006-03-20 00:00:00+00:00,27.89,27.99,27.67,27.69,67094100,19.6581088685,19.7285933033,19.503043112,19.5171399989,67094100,0.0,1.0
2006-03-21 00:00:00+00:00,27.74,28.22,27.68,27.95,73199600,19.5523822163,19.8907075034,19.5100915554,19.7003995294,73199600,0.0,1.0
2006-03-22 00:00:00+00:00,27.15,27.5,26.7961,27.08,145696100,19.1365240509,19.3832195728,18.8870796361,19.0871849466,145696100,0.0,1.0
2006-03-23 00:00:00+00:00,26.85,27.1,26.66,27.08,73682900,18.9250707465,19.1012818335,18.7911503204,19.0871849466,73682900,0.0,1.0
2006-03-24 00:00:00+00:00,27.01,27.21,26.62,26.72,69157600,19.0378458422,19.1788147118,18.7629565464,18.8334409813,69157600,0.0,1.0
2006-03-27 00:00:00+00:00,27.01,27.3,27.0,27.02,59908600,19.0378458422,19.2422507032,19.0307973987,19.0448942857,59908600,0.0,1.0
2006-03-28 00:00:00+00:00,26.9,27.21,26.81,27.0,58520500,18.9603129639,19.1788147118,18.8968769726,19.0307973987,58520500,0.0,1.0
2006-03-29 00:00:00+00:00,27.02,27.2,26.92,26.95,53150300,19.0448942857,19.1717662683,18.9744098509,18.9955551813,53150300,0.0,1.0
2006-03-30 00:00:00+00:00,27.23,27.39,27.0,27.01,54612000,19.1929115988,19.3056866945,19.0307973987,19.0378458422,54612000,0.0,1.0
2006-03-31 00:00:00+00:00,27.21,27.541,27.21,27.34,62190500,19.1788147118,19.412118191,19.1788147118,19.2704444771,62190500,0.0,1.0
2006-04-03 00:00:00+00:00,27.56,27.73,27.44,27.67,57605300,19.4255102337,19.5453337728,19.3409289119,19.503043112,57605300,0.0,1.0
2006-04-04 00:00:00+00:00,27.64,27.8,27.47,27.6,45470000,19.4818977815,19.5946728772,19.3620742423,19.4537040076,45470000,0.0,1.0
2006-04-05 00:00:00+00:00,27.74,27.941,27.64,27.85,41539300,19.5523822163,19.6940559303,19.4818977815,19.6299150946,41539300,0.0,1.0
2006-04-06 00:00:00+00:00,27.56,27.72,27.37,27.66,51885500,19.4255102337,19.5382853294,19.2915898075,19.4959946685,51885500,0.0,1.0
2006-04-07 00:00:00+00:00,27.25,27.72,27.23,27.58,47249400,19.2070084857,19.5382853294,19.1929115988,19.4396071206,47249400,0.0,1.0
2006-04-10 00:00:00+00:00,27.29,27.44,27.2,27.2,39432000,19.2352022597,19.3409289119,19.1717662683,19.1717662683,39432000,0.0,1.0
2006-04-11 00:00:00+00:00,27.13,27.32,27.0,27.23,42953400,19.122427164,19.2563475901,19.0307973987,19.1929115988,42953400,0.0,1.0
2006-04-12 00:00:00+00:00,27.2,27.2,26.97,27.08,32183000,19.1717662683,19.1717662683,19.0096520683,19.0871849466,32183000,0.0,1.0
2006-04-13 00:00:00+00:00,27.07,27.2,27.0,27.07,28160000,19.0801365031,19.1717662683,19.0307973987,19.0801365031,28160000,0.0,1.0
2006-04-17 00:00:00+00:00,26.84,27.05,26.73,27.01,35796200,18.918022303,19.0660396161,18.8404894247,19.0378458422,35796200,0.0,1.0
2006-04-18 00:00:00+00:00,27.22,27.5,26.82,26.9,56272700,19.1858631553,19.3832195728,18.9039254161,18.9603129639,56272700,0.0,1.0
2006-04-19 00:00:00+00:00,27.03,27.19,26.96,27.08,45111100,19.0519427292,19.1647178249,19.0026036248,19.0871849466,45111100,0.0,1.0
2006-04-20 00:00:00+00:00,27.03,27.19,26.7,27.04,45648300,19.0519427292,19.1647178249,18.8193440943,19.0589911726,45648300,0.0,1.0
2006-04-21 00:00:00+00:00,27.15,27.3901,27.0,27.17,58528000,19.1365240509,19.3057571789,19.0307973987,19.1506209379,58528000,0.0,1.0
2006-04-24 00:00:00+00:00,27.11,27.2501,26.98,27.06,42318400,19.108330277,19.2070789702,19.0167005118,19.0730880596,42318400,0.0,1.0
2006-04-25 00:00:00+00:00,27.11,27.21,27.02,27.09,49222500,19.108330277,19.1788147118,19.0448942857,19.0942333901,49222500,0.0,1.0
2006-04-26 00:00:00+00:00,27.1,27.23,27.0,27.07,39190000,19.1012818335,19.1929115988,19.0307973987,19.0801365031,39190000,0.0,1.0
2006-04-27 00:00:00+00:00,27.25,27.63,26.94,26.98,96509600,19.2070084857,19.474849338,18.9885067378,19.0167005118,96509600,0.0,1.0
2006-04-28 00:00:00+00:00,24.15,24.5,24.0,24.26,591052200,17.0219910066,17.2686865285,16.9162643544,17.0995238849,591052200,0.0,1.0
2006-05-01 00:00:00+00:00,24.29,25.0,24.09,24.33,174800900,17.1206692154,17.6211087025,16.9797003458,17.1488629893,174800900,0.0,1.0
2006-05-02 00:00:00+00:00,24.01,25.0,23.9,24.5,190533500,16.9233127979,17.6211087025,16.8457799196,17.2686865285,190533500,0.0,1.0
2006-05-03 00:00:00+00:00,23.17,24.02,23.15,24.0,211527100,16.3312435455,16.9303612414,16.3171466585,16.9162643544,211527100,0.0,1.0
2006-05-04 00:00:00+00:00,23.44,23.67,23.14,23.35,171257400,16.5215515195,16.6836657195,16.3100982151,16.4581155282,171257400,0.0,1.0
2006-05-05 00:00:00+00:00,23.8,23.95,23.52,23.66,131604300,16.7752954848,16.881022137,16.5779390673,16.6766172761,131604300,0.0,1.0
2006-05-08 00:00:00+00:00,23.73,25.0,23.51,23.85,80693500,16.7259563804,17.6211087025,16.5708906239,16.8105377022,80693500,0.0,1.0
2006-05-09 00:00:00+00:00,23.62,24.0,23.49,23.75,75345900,16.6484235021,16.9162643544,16.5567937369,16.7400532674,75345900,0.0,1.0
2006-05-10 00:00:00+00:00,23.77,23.79,23.59,23.67,76563300,16.7541501544,16.7682470413,16.6272781717,16.6836657195,76563300,0.0,1.0
2006-05-11 00:00:00+00:00,23.22,23.79,23.15,23.71,92916700,16.3664857629,16.7682470413,16.3171466585,16.7118594935,92916700,0.0,1.0
2006-05-12 00:00:00+00:00,23.17,23.37,23.05,23.15,83115900,16.3312435455,16.4722124151,16.2466622237,16.3171466585,83115900,0.0,1.0
2006-05-15 00:00:00+00:00,23.15,23.23,23.03,23.1,67314800,16.3805826499,16.437189415,16.2956725022,16.3452034217,67314800,0.09,1.0
2006-05-16 00:00:00+00:00,23.01,24.0,22.91,23.16,82095100,16.2815208109,16.982029529,16.2107623546,16.3876584955,82095100,0.0,1.0
2006-05-17 00:00:00+00:00,22.73,23.0801,22.73,22.89,98598300,16.0833971331,16.3311224889,16.0833971331,16.1966106633,98598300,0.0,1.0
2006-05-18 00:00:00+00:00,22.83,23.14,22.76,22.84,95476400,16.1541555895,16.3735068042,16.10462467,16.1612314351,95476400,0.0,1.0
2006-05-19 00:00:00+00:00,22.56,22.9,22.52,22.79,100071200,15.9631077573,16.2036865089,15.9348043747,16.1258522069,100071200,0.0,1.0
2006-05-22 00:00:00+00:00,22.88,23.02,22.45,22.48,87322300,16.1895348177,16.2885966566,15.8852734553,15.9065009922,87322300,0.0,1.0
2006-05-23 00:00:00+00:00,22.79,23.3801,22.77,23.105,79986300,16.1258522069,16.543397858,16.1117005157,16.3487413445,79986300,0.0,1.0
2006-05-24 00:00:00+00:00,23.5,23.54,22.98,22.99,107356700,16.6282372472,16.6565406297,16.260293274,16.2673691197,107356700,0.0,1.0
2006-05-25 00:00:00+00:00,23.74,23.9201,23.54,23.57,83052700,16.7980575425,16.9254935224,16.6565406297,16.6777681666,83052700,0.0,1.0
2006-05-26 00:00:00+00:00,23.72,23.88,23.56,23.77,46861600,16.7839058512,16.8971193814,16.670692321,16.8192850794,46861600,0.0,1.0
2006-05-30 00:00:00+00:00,23.15,23.76,23.14,23.55,52497500,16.3805826499,16.8122092337,16.3735068042,16.6636164753,52497500,0.0,1.0
2006-05-31 00:00:00+00:00,22.65,23.35,22.65,23.26,120202000,16.026790368,16.5220995626,16.026790368,16.4584169519,120202000,0.0,1.0
2006-06-01 00:00:00+00:00,22.82,22.84,22.62,22.74,80230800,16.1470797438,16.1612314351,16.0055628311,16.0904729787,80230800,0.0,1.0
2006-06-02 00:00:00+00:00,22.76,22.99,22.67,22.87,73935600,16.10462467,16.2673691197,16.0409420593,16.182458972,73935600,0.0,1.0
2006-06-05 00:00:00+00:00,22.5,22.73,22.49,22.72,63914100,15.9206526835,16.0833971331,15.9135768378,16.0763212875,63914100,0.0,1.0
2006-06-06 00:00:00+00:00,22.13,22.56,21.98,22.55,126601300,15.6588463949,15.9631077573,15.5527087103,15.9560319116,126601300,0.0,1.0
2006-06-07 00:00:00+00:00,22.04,22.39,22.01,22.15,73827500,15.5951637841,15.8428183814,15.5739362472,15.6729980862,73827500,0.0,1.0
2006-06-08 00:00:00+00:00,22.11,22.21,21.97,22.03,104126900,15.6446947036,15.71545316,15.5456328647,15.5880879385,104126900,0.0,1.0
2006-06-09 00:00:00+00:00,22.03,22.19,21.97,22.15,52573800,15.5880879385,15.7013014687,15.5456328647,15.6729980862,52573800,0.0,1.0
2006-06-12 00:00:00+00:00,21.71,22.1,21.7,21.95,74309700,15.3616608781,15.637618858,15.3545850325,15.5314811734,74309700,0.0,1.0
2006-06-13 00:00:00+00:00,21.51,22.03,21.4599,21.73,113175300,15.2201439654,15.5880879385,15.1846939787,15.3758125694,113175300,0.0,1.0
2006-06-14 00:00:00+00:00,21.88,21.94,21.55,21.59,86081500,15.481950254,15.5244053278,15.2484473479,15.2767507305,86081500,0.0,1.0
2006-06-15 00:00:00+00:00,22.07,22.1301,21.8,22.01,121577300,15.6163913211,15.6589171533,15.4253434889,15.5739362472,121577300,0.0,1.0
2006-06-16 00:00:00+00:00,22.1,22.28,21.79,21.97,147506500,15.637618858,15.7649840794,15.4182676432,15.5456328647,147506500,0.0,1.0
2006-06-19 00:00:00+00:00,22.55,22.6,22.12,22.14,129640900,15.9560319116,15.9914111398,15.6517705492,15.6659222405,129640900,0.0,1.0
2006-06-20 00:00:00+00:00,22.56,22.7601,22.5,22.54,90598500,15.9631077573,16.1046954285,15.9206526835,15.948956066,90598500,0.0,1.0
2006-06-21 00:00:00+00:00,23.08,23.15,22.53,22.61,91660300,16.3310517304,16.3805826499,15.9418802204,15.9984869855,91660300,0.0,1.0
2006-06-22 00:00:00+00:00,22.88,23.17,22.78,23.06,76590600,16.1895348177,16.3947343411,16.1187763613,16.3169000391,76590600,0.0,1.0
2006-06-23 00:00:00+00:00,22.5,22.87,22.5,22.85,60532600,15.9206526835,16.182458972,15.9206526835,16.1683072808,60532600,0.0,1.0
2006-06-26 00:00:00+00:00,22.82,22.89,22.63,22.65,53644100,16.1470797438,16.1966106633,16.0126386767,16.026790368,53644100,0.0,1.0
2006-06-27 00:00:00+00:00,22.86,23.16,22.84,22.89,84759100,16.1753831264,16.3876584955,16.1612314351,16.1966106633,84759100,0.0,1.0
2006-06-28 00:00:00+00:00,23.16,23.25,22.91,22.96,71906500,16.3876584955,16.4513411062,16.2107623546,16.2461415828,71906500,0.0,1.0
2006-06-29 00:00:00+00:00,23.4702,23.63,23.22,23.32,121395500,16.6071512272,16.7202232404,16.4301135693,16.5008720257,121395500,0.0,1.0
2006-06-30 00:00:00+00:00,23.3,23.65,23.3,23.54,73048800,16.4867203344,16.7343749317,16.4867203344,16.6565406297,73048800,0.0,1.0
2006-07-03 00:00:00+00:00,23.7,23.72,23.45,23.53,25711400,16.7697541599,16.7839058512,16.592858019,16.6494647841,25711400,0.0,1.0
2006-07-05 00:00:00+00:00,23.35,23.52,23.3,23.48,53093500,16.5220995626,16.6423889384,16.4867203344,16.6140855559,53093500,0.0,1.0
2006-07-06 00:00:00+00:00,23.48,23.61,23.42,23.45,44775200,16.6140855559,16.7060715492,16.5716304821,16.592858019,44775200,0.0,1.0
2006-07-07 00:00:00+00:00,23.3,23.55,23.3,23.39,63168800,16.4867203344,16.6636164753,16.4867203344,16.5504029452,63168800,0.0,1.0
2006-07-10 00:00:00+00:00,23.5,23.66,23.38,23.43,50565100,16.6282372472,16.7414507774,16.5433270995,16.5787063277,50565100,0.0,1.0
2006-07-11 00:00:00+00:00,23.1,23.37,22.74,23.37,88676300,16.3452034217,16.5362512539,16.0904729787,16.5362512539,88676300,0.0,1.0
2006-07-12 00:00:00+00:00,22.64,22.88,22.62,22.79,77379300,16.0197145224,16.1895348177,16.0055628311,16.1258522069,77379300,0.0,1.0
2006-07-13 00:00:00+00:00,22.26,22.61,22.25,22.37,73099500,15.7508323882,15.9984869855,15.7437565425,15.8286666902,73099500,0.0,1.0
2006-07-14 00:00:00+00:00,22.29,22.55,22.23,22.28,67499400,15.7720599251,15.9560319116,15.7296048513,15.7649840794,67499400,0.0,1.0
2006-07-17 00:00:00+00:00,22.48,22.61,22.26,22.29,37053500,15.9065009922,15.9984869855,15.7508323882,15.7720599251,37053500,0.0,1.0
2006-07-18 00:00:00+00:00,22.74,22.76,22.48,22.59,65047300,16.0904729787,16.10462467,15.9065009922,15.9843352942,65047300,0.0,1.0
2006-07-19 00:00:00+00:00,23.4,23.46,22.72,22.82,82188200,16.5574787908,16.5999338646,16.0763212875,16.1470797438,82188200,0.0,1.0
2006-07-20 00:00:00+00:00,22.85,23.45,22.78,23.435,76605200,16.1683072808,16.592858019,16.1187763613,16.5822442505,76605200,0.0,1.0
2006-07-21 00:00:00+00:00,23.87,24.15,23.0,24.08,175483800,16.8900435357,17.0881672136,16.2744449653,17.0386362941,175483800,0.0,1.0
2006-07-24 00:00:00+00:00,24.0,24.1101,23.79,24.01,59586700,16.982029529,17.0599345895,16.8334367706,16.9891053747,59586700,0.0,1.0
2006-07-25 00:00:00+00:00,24.22,24.29,23.9,24.0,60075800,17.137698133,17.1872290525,16.9112710726,16.982029529,60075800,0.0,1.0
2006-07-26 00:00:00+00:00,24.37,24.53,24.1,24.12,54942100,17.2438358176,17.3570493478,17.0527879854,17.0669396767,54942100,0.0,1.0
2006-07-27 00:00:00+00:00,23.87,24.6,23.77,24.58,85386800,16.8900435357,17.4065802672,16.8192850794,17.392428576,85386800,0.0,1.0
2006-07-28 00:00:00+00:00,24.25,24.28,24.06,24.08,51705800,17.1589256699,17.1801532069,17.0244846028,17.0386362941,51705800,0.0,1.0
2006-07-31 00:00:00+00:00,24.06,24.42,24.01,24.07,40254400,17.0244846028,17.2792150458,16.9891053747,17.0315604485,40254400,0.0,1.0
2006-08-01 00:00:00+00:00,23.99,24.2001,23.85,24.02,49168700,16.9749536834,17.1236172002,16.8758918445,16.9961812203,49168700,0.0,1.0
2006-08-02 00:00:00+00:00,24.3,24.4001,24.03,24.12,46462000,17.1943048981,17.265134113,17.0032570659,17.0669396767,46462000,0.0,1.0
2006-08-03 00:00:00+00:00,24.21,24.48,24.15,24.185,43155300,17.1306222874,17.3216701196,17.0881672136,17.1129326733,43155300,0.0,1.0
2006-08-04 00:00:00+00:00,24.29,24.4901,24.15,24.4,45690400,17.1872290525,17.3288167237,17.0881672136,17.2650633545,45690400,0.0,1.0
2006-08-07 00:00:00+00:00,24.22,24.48,24.19,24.28,36862400,17.137698133,17.3216701196,17.1164705961,17.1801532069,36862400,0.0,1.0
2006-08-08 00:00:00+00:00,24.34,24.52,24.2,24.39,58171300,17.2226082807,17.3499735021,17.1235464418,17.2579875089,58171300,0.0,1.0
2006-08-09 00:00:00+00:00,24.44,24.64,24.34,24.49,44405700,17.293366737,17.4348836498,17.2226082807,17.3287459652,44405700,0.0,1.0
2006-08-10 00:00:00+00:00,24.46,24.6,24.34,24.37,31753400,17.3075184283,17.4065802672,17.2226082807,17.2438358176,31753400,0.0,1.0
2006-08-11 00:00:00+00:00,24.43,24.45,24.2,24.37,30255500,17.2862908914,17.3004425827,17.1235464418,17.2438358176,30255500,0.0,1.0
2006-08-14 00:00:00+00:00,24.53,24.6,24.35,24.52,47831900,17.3570493478,17.4065802672,17.2296841263,17.3499735021,47831900,0.0,1.0
2006-08-15 00:00:00+00:00,24.62,24.65,24.44,24.55,48994500,17.4844145693,17.5057197048,17.356583756,17.4347025863,48994500,0.09,1.0
2006-08-16 00:00:00+00:00,24.7,24.73,24.47,24.61,52373600,17.541228264,17.5625333996,17.3778888915,17.4773128574,52373600,0.0,1.0
2006-08-17 00:00:00+00:00,24.7,24.75,24.61,24.7,45674800,17.541228264,17.5767368233,17.4773128574,17.541228264,45674800,0.0,1.0
2006-08-18 00:00:00+00:00,25.79,25.8,24.98,25.05,128414800,18.3153148554,18.3224165673,17.7400761958,17.7897881787,128414800,0.0,1.0
2006-08-21 00:00:00+00:00,26.12,26.13,25.56,25.66,88398300,18.5496713464,18.5567730583,18.1519754829,18.2229926014,88398300,0.0,1.0
2006-08-22 00:00:00+00:00,25.62,26.2501,25.62,26.01,89312400,18.194585754,18.6420646176,18.194585754,18.4715525161,89312400,0.0,1.0
2006-08-23 00:00:00+00:00,25.67,25.95,25.52,25.645,44648500,18.2300943133,18.428942245,18.1235686356,18.2123400336,44648500,0.0,1.0
2006-08-24 00:00:00+00:00,25.74,25.86,25.5,25.82,35933300,18.2798062962,18.3650268384,18.1093652119,18.336619991,35933300,0.0,1.0
2006-08-25 00:00:00+00:00,25.85,26.0,25.69,25.71,33115900,18.3579251265,18.4644508042,18.244297737,18.2585011607,33115900,0.0,1.0
2006-08-28 00:00:00+00:00,25.95,26.0,25.69,25.84,34190900,18.428942245,18.4644508042,18.244297737,18.3508234147,34190900,0.0,1.0
2006-08-29 00:00:00+00:00,25.84,25.98,25.63,25.92,42711200,18.3508234147,18.4502473806,18.2016874659,18.4076371095,42711200,0.0,1.0
2006-08-30 00:00:00+00:00,25.8,25.89,25.64,25.85,30283100,18.3224165673,18.3863319739,18.2087891777,18.3579251265,30283100,0.0,1.0
2006-08-31 00:00:00+00:00,25.7,25.98,25.68,25.87,26380500,18.2513994488,18.4502473806,18.2371960251,18.3721285502,26380500,0.0,1.0
2006-09-01 00:00:00+00:00,25.84,25.97,25.64,25.89,31594600,18.3508234147,18.4431456687,18.2087891777,18.3863319739,31594600,0.0,1.0
2006-09-05 00:00:00+00:00,25.61,25.96,25.56,25.69,44222400,18.1874840422,18.4360439569,18.1519754829,18.244297737,44222400,0.0,1.0
2006-09-06 00:00:00+00:00,25.61,25.72,25.51,25.51,50160400,18.1874840422,18.2656028725,18.1164669237,18.1164669237,50160400,0.0,1.0
2006-09-07 00:00:00+00:00,25.43,25.7,25.39,25.48,51266900,18.0596532289,18.2513994488,18.0312463815,18.0951617882,51266900,0.0,1.0
2006-09-08 00:00:00+00:00,25.6,25.79,25.46,25.53,36866800,18.1803823303,18.3153148554,18.0809583645,18.1306703474,36866800,0.0,1.0
2006-09-11 00:00:00+00:00,25.91,25.95,25.42,25.43,55608200,18.4005353976,18.428942245,18.0525515171,18.0596532289,55608200,0.0,1.0
2006-09-12 00:00:00+00:00,25.93,25.9801,25.7199,25.9,52248800,18.4147388213,18.4503183977,18.2655318554,18.3934336858,52248800,0.0,1.0
2006-09-13 00:00:00+00:00,25.98,26.1,25.49,25.82,37706700,18.4502473806,18.5354679227,18.1022635,18.336619991,37706700,0.0,1.0
2006-09-14 00:00:00+00:00,26.33,26.5,25.98,25.99,74324500,18.6988072952,18.8195363966,18.4502473806,18.4573490924,74324500,0.0,1.0
2006-09-15 00:00:00+00:00,26.85,26.94,26.49,26.58,126057700,19.0680963113,19.1320117179,18.8124346848,18.8763500914,126057700,0.0,1.0
2006-09-18 00:00:00+00:00,26.79,27.04,26.67,26.74,49135000,19.0254860402,19.2030288364,18.940265498,18.989977481,49135000,0.0,1.0
2006-09-19 00:00:00+00:00,26.86,26.94,26.72,26.74,43039100,19.0751980232,19.1320117179,18.9757740573,18.989977481,43039100,0.0,1.0
2006-09-20 00:00:00+00:00,27.18,27.23,26.99,27.01,71676400,19.3024528023,19.3379613615,19.1675202772,19.1817237009,71676400,0.0,1.0
2006-09-21 00:00:00+00:00,26.9,27.25,26.85,27.24,58495100,19.1036048705,19.3521647852,19.0680963113,19.3450630734,58495100,0.0,1.0
2006-09-22 00:00:00+00:00,26.66,26.85,26.48,26.83,47712500,18.9331637862,19.0680963113,18.8053329729,19.0538928876,47712500,0.0,1.0
2006-09-25 00:00:00+00:00,26.95,27.19,26.79,26.81,67903900,19.1391134298,19.3095545141,19.0254860402,19.0396894639,67903900,0.0,1.0
2006-09-26 00:00:00+00:00,27.2,27.32,26.88,26.91,54766500,19.316656226,19.4018767682,19.0894014469,19.1107065824,54766500,0.0,1.0
2006-09-27 00:00:00+00:00,27.44,27.47,27.12,27.18,66233900,19.4870973103,19.5084024459,19.2598425312,19.3024528023,66233900,0.0,1.0
2006-09-28 00:00:00+00:00,27.4,27.52,27.26,27.47,44179700,19.4586904629,19.5439110051,19.3592664971,19.5084024459,44179700,0.0,1.0
2006-09-29 00:00:00+00:00,27.35,27.42,27.21,27.35,34283500,19.4231819037,19.4728938866,19.3237579378,19.4231819037,34283500,0.0,1.0
2006-10-02 00:00:00+00:00,27.36,27.49,27.15,27.32,52908100,19.4302836155,19.5226058696,19.2811476667,19.4018767682,52908100,0.0,1.0
2006-10-03 00:00:00+00:00,27.37,27.48,27.21,27.37,39386200,19.4373853274,19.5155041577,19.3237579378,19.4373853274,39386200,0.0,1.0
2006-10-04 00:00:00+00:00,27.94,27.96,27.37,27.39,82191200,19.8421829027,19.8563863264,19.4373853274,19.4515887511,82191200,0.0,1.0
2006-10-05 00:00:00+00:00,27.92,28.11,27.78,27.92,81967200,19.827979479,19.9629120041,19.7285555132,19.827979479,81967200,0.0,1.0
2006-10-06 00:00:00+00:00,27.87,28.0002,27.65,27.76,36452200,19.7924709198,19.884935208,19.6362332591,19.7143520895,36452200,0.0,1.0
2006-10-09 00:00:00+00:00,27.72,27.93,27.62,27.8,33366300,19.6859452421,19.8350811909,19.6149281236,19.7427589368,33366300,0.0,1.0
2006-10-10 00:00:00+00:00,27.69,27.75,27.44,27.69,34598500,19.6646401065,19.7072503776,19.4870973103,19.6646401065,34598500,0.0,1.0
2006-10-11 00:00:00+00:00,27.54,27.67,27.42,27.46,37219600,19.5581144288,19.6504366828,19.4728938866,19.501300734,37219600,0.0,1.0
2006-10-12 00:00:00+00:00,28.22,28.29,27.54,27.58,120174900,20.0410308345,20.0907428174,19.5581144288,19.5865212762,120174900,0.0,1.0
2006-10-13 00:00:00+00:00,28.37,28.69,28.31,28.34,129751900,20.1475565122,20.3748112913,20.1049462411,20.1262513766,129751900,0.0,1.0
2006-10-16 00:00:00+00:00,28.45,28.6,28.3299,28.48,49744800,20.204370207,20.3108958847,20.1190786477,20.2256753425,49744800,0.0,1.0
2006-10-17 00:00:00+00:00,28.44,28.51,28.17,28.24,40122600,20.1972684951,20.246980478,20.0055222752,20.0552342582,40122600,0.0,1.0
2006-10-18 00:00:00+00:00,28.52,28.7001,28.26,28.5,40630800,20.2540821899,20.3819840203,20.0694376818,20.2398787662,40630800,0.0,1.0
2006-10-19 00:00:00+00:00,28.29,28.451,28.12,28.35,44730800,20.0907428174,20.2050803781,19.970013716,20.1333530885,44730800,0.0,1.0
2006-10-20 00:00:00+00:00,28.43,28.49,28.17,28.48,48887800,20.1901667833,20.2327770543,20.0055222752,20.2256753425,48887800,0.0,1.0
2006-10-23 00:00:00+00:00,28.45,28.69,28.18,28.3,48525000,20.204370207,20.3748112913,20.0126239871,20.0978445292,48525000,0.0,1.0
2006-10-24 00:00:00+00:00,28.28,28.43,28.13,28.43,61409600,20.0836411055,20.1901667833,19.9771154278,20.1901667833,61409600,0.0,1.0
2006-10-25 00:00:00+00:00,28.31,28.46,28.14,28.28,40717100,20.1049462411,20.2114719188,19.9842171397,20.0836411055,40717100,0.0,1.0
2006-10-26 00:00:00+00:00,28.35,28.41,28.04,28.33,69964200,20.1333530885,20.1759633596,19.9132000212,20.1191496648,69964200,0.0,1.0
2006-10-27 00:00:00+00:00,28.34,28.79,28.25,28.49,89060100,20.1262513766,20.4458284098,20.06233597,20.2327770543,89060100,0.0,1.0
2006-10-30 00:00:00+00:00,28.53,28.84,28.32,28.35,47296800,20.2611839017,20.481336969,20.1120479529,20.1333530885,47296800,0.0,1.0
2006-10-31 00:00:00+00:00,28.71,28.8501,28.56,28.66,61861700,20.389014715,20.488509698,20.2824890373,20.3535061558,61861700,0.0,1.0
2006-11-01 00:00:00+00:00,28.81,28.99,28.7,28.78,75895900,20.4600318335,20.5878626467,20.3819130031,20.4387266979,75895900,0.0,1.0
2006-11-02 00:00:00+00:00,28.77,28.86,28.58,28.71,58674400,20.4316249861,20.4955403927,20.296692461,20.389014715,58674400,0.0,1.0
2006-11-03 00:00:00+00:00,28.73,28.93,28.61,28.85,41124500,20.4032181387,20.5452523756,20.3179975965,20.4884386809,41124500,0.0,1.0
2006-11-06 00:00:00+00:00,28.84,29.05,28.76,28.77,60446200,20.481336969,20.6304729178,20.4245232742,20.4316249861,60446200,0.0,1.0
2006-11-07 00:00:00+00:00,28.95,29.0701,28.7999,28.86,56511200,20.5594557993,20.6447473586,20.4528591045,20.4955403927,56511200,0.0,1.0
2006-11-08 00:00:00+00:00,28.98,29.23,28.66,28.78,77403300,20.5807609349,20.7583037311,20.3535061558,20.4387266979,77403300,0.0,1.0
2006-11-09 00:00:00+00:00,29.26,29.4,29.0,29.11,89407500,20.7796088666,20.8790328325,20.5949643586,20.6730831889,89407500,0.0,1.0
2006-11-10 00:00:00+00:00,29.24,29.29,29.15,29.17,37855100,20.7654054429,20.8009140022,20.7014900363,20.71569346,37855100,0.0,1.0
2006-11-13 00:00:00+00:00,29.35,29.46,29.16,29.19,47271800,20.8435242733,20.9216431036,20.7085917481,20.7298968837,47271800,0.0,1.0
2006-11-14 00:00:00+00:00,29.2285,29.42,29.07,29.28,63012500,20.8282555928,20.9647186664,20.7153083491,20.8649545395,63012500,0.1,1.0
2006-11-15 00:00:00+00:00,29.12,29.3601,29.11,29.125,63943200,20.7509383944,20.9220338721,20.7438123854,20.754501399,63943200,0.0,1.0
2006-11-16 00:00:00+00:00,29.47,29.64,29.13,29.135,64328500,21.0003487117,21.1214908658,20.7580644035,20.761627408,64328500,0.0,1.0
2006-11-17 00:00:00+00:00,29.4,29.54,29.28,29.31,49356700,20.9504666482,21.0502307751,20.8649545395,20.8863325667,49356700,0.0,1.0
2006-11-20 00:00:00+00:00,29.89,30.0,29.5,29.52,85703800,21.2996410924,21.3780271921,21.0217267389,21.035978757,85703800,0.0,1.0
2006-11-21 00:00:00+00:00,29.92,30.0001,29.79,29.91,66446600,21.3210191196,21.3780984522,21.2283810017,21.3138931105,66446600,0.0,1.0
2006-11-22 00:00:00+00:00,29.92,30.0,29.82,29.97,43907200,21.3210191196,21.3780271921,21.2497590289,21.3566491649,43907200,0.0,1.0
2006-11-24 00:00:00+00:00,29.76,29.84,29.64,29.66,20456700,21.2070029745,21.264011047,21.1214908658,21.1357428839,20456700,0.0,1.0
2006-11-27 00:00:00+00:00,29.48,29.74,29.33,29.69,72722100,21.0074747207,21.1927509564,20.9005845848,21.1571209111,72722100,0.0,1.0
2006-11-28 00:00:00+00:00,29.39,29.42,29.13,29.34,52602300,20.9433406392,20.9647186664,20.7580644035,20.9077105938,52602300,0.0,1.0
2006-11-29 00:00:00+00:00,29.57,29.78,29.43,29.44,58775100,21.0716088023,21.2212549927,20.9718446754,20.9789706845,58775100,0.0,1.0
2006-11-30 00:00:00+00:00,29.36,29.57,29.3259,29.42,53297400,20.921962612,21.0716088023,20.8976629211,20.9647186664,53297400,0.0,1.0
2006-12-01 00:00:00+00:00,29.12,29.3,28.8999,29.23,72257000,20.7509383944,20.8792065576,20.5940949349,20.8293244941,72257000,0.0,1.0
2006-12-04 00:00:00+00:00,29.33,29.52,29.17,29.23,55123400,20.9005845848,21.035978757,20.7865684398,20.8293244941,55123400,0.0,1.0
2006-12-05 00:00:00+00:00,29.13,29.4,29.03,29.36,45606000,20.7580644035,20.9504666482,20.6868043129,20.921962612,45606000,0.0,1.0
2006-12-06 00:00:00+00:00,28.99,29.13,28.87,29.095,48564100,20.6583002766,20.7580644035,20.5727881678,20.7331233718,48564100,0.0,1.0
2006-12-07 00:00:00+00:00,28.85,29.07,28.81,28.96,46831100,20.5585361497,20.7153083491,20.5300321135,20.6369222494,46831100,0.0,1.0
2006-12-08 00:00:00+00:00,29.4,29.4,28.8,28.82,108854900,20.9504666482,20.9504666482,20.5229061044,20.5371581225,108854900,0.0,1.0
2006-12-11 00:00:00+00:00,29.54,29.75,29.11,29.19,107712000,21.0502307751,21.1998769655,20.7438123854,20.8008204579,107712000,0.0,1.0
2006-12-12 00:00:00+00:00,29.43,29.63,29.22,29.56,68529400,20.9718446754,21.1143648567,20.8221984851,21.0644827933,68529400,0.0,1.0
2006-12-13 00:00:00+00:00,29.55,29.6,29.32,29.6,46002500,21.0573567842,21.0929868295,20.8934585757,21.0929868295,46002500,0.0,1.0
2006-12-14 00:00:00+00:00,30.07,30.0801,29.52,29.535,85866500,21.4279092555,21.4351065247,21.035978757,21.0466677706,85866500,0.0,1.0
2006-12-15 00:00:00+00:00,30.19,30.23,30.03,30.14,102783700,21.5134213643,21.5419254005,21.3994052193,21.477791319,102783700,0.0,1.0
2006-12-18 00:00:00+00:00,29.89,30.26,29.78,30.19,56986800,21.2996410924,21.5633034277,21.2212549927,21.5134213643,56986800,0.0,1.0
2006-12-19 00:00:00+00:00,29.99,30.17,29.53,29.71,53822100,21.370901183,21.4991693462,21.0431047661,21.1713729292,53822100,0.0,1.0
2006-12-20 00:00:00+00:00,30.09,30.24,29.97,29.99,31202100,21.4421612736,21.5490514096,21.3566491649,21.370901183,31202100,0.0,1.0
2006-12-21 00:00:00+00:00,29.98,30.14,29.89,30.13,32270500,21.3637751739,21.477791319,21.2996410924,21.4706653099,32270500,0.0,1.0
2006-12-22 00:00:00+00:00,29.64,29.86,29.62,29.825,37971700,21.1214908658,21.2782630652,21.1072388476,21.2533220335,37971700,0.0,1.0
2006-12-26 00:00:00+00:00,29.99,30.0,29.4,29.53,37098300,21.370901183,21.3780271921,20.9504666482,21.0431047661,37098300,0.0,1.0
2006-12-27 00:00:00+00:00,30.02,30.13,29.91,29.99,31248400,21.3922792102,21.4706653099,21.3138931105,21.370901183,31248400,0.0,1.0
2006-12-28 00:00:00+00:00,29.98,30.03,29.81,29.86,26690600,21.3637751739,21.3994052193,21.2426330199,21.2782630652,26690600,0.0,1.0
2006-12-29 00:00:00+00:00,29.86,30.15,29.83,29.86,41739800,21.2782630652,21.484917328,21.256885038,21.2782630652,41739800,0.0,1.0
2007-01-03 00:00:00+00:00,29.86,30.25,29.4,29.91,76935100,21.2782630652,21.5561774187,20.9504666482,21.3138931105,76935100,0.0,1.0
2007-01-04 00:00:00+00:00,29.81,29.97,29.44,29.7,45774500,21.2426330199,21.3566491649,20.9789706845,21.1642469202,45774500,0.0,1.0
2007-01-05 00:00:00+00:00,29.64,29.75,29.45,29.63,44607200,21.1214908658,21.1998769655,20.9860966935,21.1143648567,44607200,0.0,1.0
2007-01-08 00:00:00+00:00,29.93,30.1,29.53,29.65,50220200,21.3281451286,21.4492872827,21.0431047661,21.1286168748,50220200,0.0,1.0
2007-01-09 00:00:00+00:00,29.96,30.18,29.73,30.0,44636600,21.3495231558,21.5062953552,21.1856249473,21.3780271921,44636600,0.0,1.0
2007-01-10 00:00:00+00:00,29.66,29.89,29.43,29.8,55017400,21.1357428839,21.2996410924,20.9718446754,21.2355070108,55017400,0.0,1.0
2007-01-11 00:00:00+00:00,30.7,30.75,29.6499,29.76,99464300,21.8768478266,21.9124778719,21.1285456147,21.2070029745,99464300,0.0,1.0
2007-01-12 00:00:00+00:00,31.21,31.39,30.64,30.65,103972500,22.2402742888,22.368542452,21.8340917722,21.8412177812,103972500,0.0,1.0
2007-01-16 00:00:00+00:00,31.16,31.45,31.03,31.26,62379600,22.2046442435,22.4112985064,22.1120061257,22.2759043341,62379600,0.0,1.0
2007-01-17 00:00:00+00:00,31.1,31.44,31.01,31.26,58519600,22.1618881891,22.4041724973,22.0977541075,22.2759043341,58519600,0.0,1.0
2007-01-18 00:00:00+00:00,31.0,31.37,30.8,31.15,56364300,22.0906280985,22.3542904338,21.9481079172,22.1975182344,56364300,0.0,1.0
2007-01-19 00:00:00+00:00,31.11,31.11,30.69,30.73,75826900,22.1690141982,22.1690141982,21.8697218175,21.8982258537,75826900,0.0,1.0
2007-01-22 00:00:00+00:00,30.72,31.12,30.51,31.06,56143900,21.8910998447,22.1761402072,21.7414536543,22.1333841529,56143900,0.0,1.0
2007-01-23 00:00:00+00:00,30.74,30.96,30.52,30.63,49171200,21.9053518628,22.0621240622,21.7485796634,21.8269657631,49171200,0.0,1.0
2007-01-24 00:00:00+00:00,31.09,31.3,30.65,30.78,58527800,22.15476218,22.3044083704,21.8412177812,21.9338558991,58527800,0.0,1.0
2007-01-25 00:00:00+00:00,30.45,31.48,30.45,31.08,97378700,21.6986976,22.4326765335,21.6986976,22.147636171,97378700,0.0,1.0
2007-01-26 00:00:00+00:00,30.6,31.23,30.6,31.22,96103700,21.8055877359,22.2545263069,21.8055877359,22.2474002979,96103700,0.0,1.0
2007-01-29 00:00:00+00:00,30.53,30.78,30.34,30.65,57605900,21.7557056725,21.9338558991,21.6203115002,21.8412177812,57605900,0.0,1.0
2007-01-30 00:00:00+00:00,30.48,30.64,30.14,30.57,61900400,21.7200756271,21.8340917722,21.477791319,21.7842097087,61900400,0.0,1.0
2007-01-31 00:00:00+00:00,30.86,31.1,30.35,30.41,73968400,21.9908639716,22.1618881891,21.6274375093,21.6701935637,73968400,0.0,1.0
2007-02-01 00:00:00+00:00,30.56,30.94,30.37,30.84,55355800,21.7770836997,22.0478720441,21.6416895274,21.9766119534,55355800,0.0,1.0
2007-02-02 00:00:00+00:00,30.19,30.84,30.13,30.82,60401700,21.5134213643,21.9766119534,21.4706653099,21.9623599353,60401700,0.0,1.0
2007-02-05 00:00:00+00:00,29.61,30.02,29.41,29.97,99102100,21.1001128386,21.3922792102,20.9575926573,21.3566491649,99102100,0.0,1.0
2007-02-06 00:00:00+00:00,29.51,29.7501,29.22,29.59,79281100,21.0288527479,21.1999482256,20.8221984851,21.0858608204,79281100,0.0,1.0
2007-02-07 00:00:00+00:00,29.37,29.7,29.2499,29.64,65145500,20.929088621,21.1642469202,20.8435052522,21.1214908658,65145500,0.0,1.0
2007-02-08 00:00:00+00:00,29.26,29.8,29.2,29.24,48749000,20.8507025213,21.2355070108,20.8079464669,20.8364505032,48749000,0.0,1.0
2007-02-09 00:00:00+00:00,28.98,29.4,28.93,29.35,69823100,20.6511742675,20.9504666482,20.6155442222,20.9148366029,69823100,0.0,1.0
2007-02-12 00:00:00+00:00,28.94,29.09,28.83,28.89,52774400,20.6226702313,20.7295603672,20.5442841316,20.587040186,52774400,0.0,1.0
2007-02-13 00:00:00+00:00,29.01,29.2,28.96,29.04,50348100,20.7438123854,20.8796732731,20.7080595202,20.7652641045,50348100,0.1,1.0
2007-02-14 00:00:00+00:00,29.4,29.69,29.15,29.17,55588600,21.0226847339,21.230051352,20.8439204079,20.858221554,55588600,0.0,1.0
2007-02-15 00:00:00+00:00,29.46,29.65,29.22,29.58,63858100,21.0655881721,21.2014490599,20.8939744192,21.1513950486,63858100,0.0,1.0
2007-02-16 00:00:00+00:00,28.74,28.94,28.6499,28.905,109340300,20.5507469133,20.6937583741,20.4863202502,20.6687313685,109340300,0.0,1.0
2007-02-20 00:00:00+00:00,28.83,28.86,28.47,28.63,53978200,20.6151020707,20.6365537898,20.3576814413,20.4720906099,53978200,0.0,1.0
2007-02-21 00:00:00+00:00,29.35,29.39,28.74,28.75,68604900,20.9869318687,21.0155341608,20.5507469133,20.5578974864,68604900,0.0,1.0
2007-02-22 00:00:00+00:00,29.39,29.54,29.16,29.305,57754400,21.0155341608,21.1227927564,20.851070981,20.95475429,57754400,0.0,1.0
2007-02-23 00:00:00+00:00,28.9,29.28,28.89,29.22,63787100,20.6651560819,20.9368778574,20.6580055089,20.8939744192,63787100,0.0,1.0
2007-02-26 00:00:00+00:00,29.07,29.12,28.82,28.96,63481900,20.7867158236,20.8224686888,20.6079514976,20.7080595202,63481900,0.0,1.0
2007-02-27 00:00:00+00:00,27.87,28.97,27.79,28.71,87143300,19.928647059,20.7152100932,19.8714424746,20.5292951942,87143300,0.0,1.0
2007-02-28 00:00:00+00:00,28.17,28.25,27.92,27.95,86333300,20.1431642501,20.2003688344,19.9643999242,19.9858516433,86333300,0.0,1.0
2007-03-01 00:00:00+00:00,28.09,28.33,27.73,27.82,80175700,20.0859596658,20.2575734187,19.8285390364,19.8928941938,80175700,0.0,1.0
2007-03-02 00:00:00+00:00,27.76,28.16,27.76,28.02,63254700,19.8499907555,20.1360136771,19.8499907555,20.0359056545,63254700,0.0,1.0
2007-03-05 00:00:00+00:00,27.5499,27.91,27.41,27.49,56454300,19.699757216,19.9572493511,19.5997206992,19.6569252835,56454300,0.0,1.0
2007-03-06 00:00:00+00:00,27.83,27.94,27.65,27.8,49361800,19.9000447668,19.9787010702,19.7713344521,19.8785930477,49361800,0.0,1.0
2007-03-07 00:00:00+00:00,27.61,27.9,27.55,27.76,52044700,19.74273216,19.9500987781,19.6998287217,19.8499907555,52044700,0.0,1.0
2007-03-08 00:00:00+00:00,27.32,27.85,26.6,27.72,72175200,19.5353655418,19.9143459129,19.020524283,19.8213884634,72175200,0.0,1.0
2007-03-09 00:00:00+00:00,27.28,27.48,27.03,27.42,80125000,19.5067632497,19.6497747104,19.3279989237,19.6068712722,80125000,0.0,1.0
2007-03-12 00:00:00+00:00,27.44,27.48,27.13,27.18,36516400,19.6211724183,19.6497747104,19.3995046541,19.4352575193,36516400,0.0,1.0
2007-03-13 00:00:00+00:00,26.72,27.4,26.71,27.25,75169500,19.1063311595,19.5925701261,19.0991805865,19.4853115306,75169500,0.0,1.0
2007-03-14 00:00:00+00:00,27.4,27.4,26.73,26.82,75730300,19.5925701261,19.5925701261,19.1134817325,19.1778368899,75730300,0.0,1.0
2007-03-15 00:00:00+00:00,27.28,27.47,27.2,27.32,51757100,19.5067632497,19.6426241374,19.4495586654,19.5353655418,51757100,0.0,1.0
2007-03-16 00:00:00+00:00,27.33,27.48,27.2,27.35,65055300,19.5425161149,19.6497747104,19.4495586654,19.5568172609,65055300,0.0,1.0
2007-03-19 00:00:00+00:00,27.83,27.83,27.2,27.34,49412000,19.9000447668,19.9000447668,19.4495586654,19.5496666879,49412000,0.0,1.0
2007-03-20 00:00:00+00:00,27.84,28.16,27.76,27.93,47902400,19.9071953398,20.1360136771,19.8499907555,19.9715504972,47902400,0.0,1.0
2007-03-21 00:00:00+00:00,28.52,28.52,27.56,27.895,72808200,20.3934343065,20.3934343065,19.7069792948,19.9465234916,72808200,0.0,1.0
2007-03-22 00:00:00+00:00,28.27,28.55,28.01,28.52,47934900,20.2146699805,20.4148860256,20.0287550815,20.3934343065,47934900,0.0,1.0
2007-03-23 00:00:00+00:00,28.02,28.27,27.8,28.22,50519800,20.0359056545,20.2146699805,19.8785930477,20.1789171153,50519800,0.0,1.0
2007-03-26 00:00:00+00:00,28.22,28.22,27.7,27.94,47491500,20.1789171153,20.1789171153,19.8070873173,19.9787010702,47491500,0.0,1.0
2007-03-27 00:00:00+00:00,27.72,28.16,27.65,28.04,58979800,19.8213884634,20.1360136771,19.7713344521,20.0502068006,58979800,0.0,1.0
2007-03-28 00:00:00+00:00,27.64,28.0,27.4,27.58,46947000,19.7641838791,20.0216045085,19.5925701261,19.7212804408,46947000,0.0,1.0
2007-03-29 00:00:00+00:00,27.75,27.845,27.49,27.84,42629900,19.8428401825,19.9107706264,19.6569252835,19.9071953398,42629900,0.0,1.0
2007-03-30 00:00:00+00:00,27.87,27.95,27.5,27.75,47061000,19.928647059,19.9858516433,19.6640758565,19.8428401825,47061000,0.0,1.0
2007-04-02 00:00:00+00:00,27.74,27.93,27.56,27.89,41977600,19.8356896095,19.9715504972,19.7069792948,19.942948205,41977600,0.0,1.0
2007-04-03 00:00:00+00:00,27.87,28.06,27.75,27.86,39821300,19.928647059,20.0645079467,19.8428401825,19.9214964859,39821300,0.0,1.0
2007-04-04 00:00:00+00:00,28.5,28.78,27.9,28.01,63244200,20.3791331604,20.5793492055,19.9500987781,20.0287550815,63244200,0.0,1.0
2007-04-05 00:00:00+00:00,28.55,28.65,28.3,28.32,30131200,20.4148860256,20.486391756,20.2361216996,20.2504228457,30131200,0.0,1.0
2007-04-09 00:00:00+00:00,28.57,28.72,28.39,28.575,31384600,20.4291871717,20.5364457672,20.300476857,20.4327624582,31384600,0.0,1.0
2007-04-10 00:00:00+00:00,28.4,28.64,28.22,28.5,38643100,20.30762743,20.4792411829,20.1789171153,20.3791331604,38643100,0.0,1.0
2007-04-11 00:00:00+00:00,28.11,28.57,27.99,28.3,44050200,20.1002608119,20.4291871717,20.0144539354,20.2361216996,44050200,0.0,1.0
2007-04-12 00:00:00+00:00,28.54,28.62,28.04,28.06,43762100,20.4077354526,20.4649400369,20.0502068006,20.0645079467,43762100,0.0,1.0
2007-04-13 00:00:00+00:00,28.61,28.7,28.1,28.43,36002900,20.4577894638,20.5221446212,20.0931102388,20.3290791491,36002900,0.0,1.0
2007-04-16 00:00:00+00:00,28.73,28.75,28.21,28.6,30740100,20.5435963403,20.5578974864,20.1717665423,20.4506388908,30740100,0.0,1.0
2007-04-17 00:00:00+00:00,28.85,28.89,28.56,28.63,33170200,20.6294032168,20.6580055089,20.4220365986,20.4720906099,33170200,0.0,1.0
2007-04-18 00:00:00+00:00,28.6,28.67,28.36,28.61,41778400,20.4506388908,20.5006929021,20.2790251379,20.4577894638,41778400,0.0,1.0
2007-04-19 00:00:00+00:00,28.69,28.89,28.26,28.34,43648800,20.5149940481,20.6580055089,20.2075194075,20.2647239918,43648800,0.0,1.0
2007-04-20 00:00:00+00:00,29.02,29.1,28.7,28.98,60311500,20.7509629584,20.8081675427,20.5221446212,20.7223606663,60311500,0.0,1.0
2007-04-23 00:00:00+00:00,28.78,28.99,28.67,28.96,41739100,20.5793492055,20.7295112393,20.5006929021,20.7080595202,41739100,0.0,1.0
2007-04-24 00:00:00+00:00,28.79,28.96,28.59,28.79,34236700,20.5864997785,20.7080595202,20.4434883177,20.5864997785,34236700,0.0,1.0
2007-04-25 00:00:00+00:00,28.99,29.0001,28.69,28.86,39475000,20.7295112393,20.7367333181,20.5149940481,20.6365537898,39475000,0.0,1.0
2007-04-26 00:00:00+00:00,29.1,29.35,28.91,29.09,68760300,20.8081675427,20.9869318687,20.672306655,20.8010169697,68760300,0.0,1.0
2007-04-27 00:00:00+00:00,30.12,30.74,30.0,30.17,128298800,21.5375259927,21.9808615211,21.4517191162,21.5732788579,128298800,0.0,1.0
2007-04-30 00:00:00+00:00,29.94,30.37,29.94,30.13,67788800,21.408815678,21.7162903186,21.408815678,21.5446765657,67788800,0.0,1.0
2007-05-01 00:00:00+00:00,30.1925,30.42,29.9,29.94,73539300,21.5893676472,21.7520431838,21.3802133858,21.408815678,73539300,0.0,1.0
2007-05-02 00:00:00+00:00,30.61,30.69,30.3,30.39,80686700,21.8879040716,21.9451086559,21.6662363074,21.7305914647,80686700,0.0,1.0
2007-05-03 00:00:00+00:00,30.97,31.0,30.53,30.6,82036800,22.145324701,22.1667764201,21.8306994873,21.8807534985,82036800,0.0,1.0
2007-05-04 00:00:00+00:00,30.56,30.7,30.29,30.68,104385900,21.8521512064,21.9522592289,21.6590857343,21.9379580828,104385900,0.0,1.0
2007-05-07 00:00:00+00:00,30.71,30.7601,30.48,30.52,59889100,21.959409802,21.9952341729,21.7949466221,21.8235489142,59889100,0.0,1.0
2007-05-08 00:00:00+00:00,30.75,30.94,30.58,30.68,60551700,21.9880120941,22.1238729818,21.8664523525,21.9379580828,60551700,0.0,1.0
2007-05-09 00:00:00+00:00,30.7799,30.93,30.57,30.7,51735000,22.0093923075,22.1167224088,21.8593017794,21.9522592289,51735000,0.0,1.0
2007-05-10 00:00:00+00:00,30.58,30.93,30.53,30.68,55398600,21.8664523525,22.1167224088,21.8306994873,21.9379580828,55398600,0.0,1.0
2007-05-11 00:00:00+00:00,30.89,30.98,30.55,30.57,43425300,22.0881201167,22.152475274,21.8450006333,21.8593017794,43425300,0.0,1.0
2007-05-14 00:00:00+00:00,30.97,30.99,30.81,30.84,70188500,22.145324701,22.159625847,22.0309155323,22.0523672515,70188500,0.0,1.0
2007-05-15 00:00:00+00:00,30.9,31.09,30.84,30.9,75013900,22.1667764201,22.3030769871,22.1237341358,22.1667764201,75013900,0.1,1.0
2007-05-16 00:00:00+00:00,31.07,31.09,30.81,31.0,45833600,22.288729559,22.3030769871,22.1022129936,22.2385135606,45833600,0.0,1.0
2007-05-17 00:00:00+00:00,30.98,31.14,30.96,31.03,41045600,22.2241661325,22.3389455573,22.2098187044,22.2600347028,41045600,0.0,1.0
2007-05-18 00:00:00+00:00,30.83,30.99,30.58,30.97,58453000,22.1165604217,22.2313398465,21.9372175704,22.2169924184,58453000,0.0,1.0
2007-05-21 00:00:00+00:00,31.05,31.16,30.73,30.73,41836400,22.2743821309,22.3532929854,22.0448232812,22.0448232812,41836400,0.0,1.0
2007-05-22 00:00:00+00:00,30.69,30.93,30.66,30.9,39999500,22.016128425,22.1882975622,21.9946072828,22.1667764201,39999500,0.0,1.0
2007-05-23 00:00:00+00:00,30.58,30.84,30.57,30.84,46322500,21.9372175704,22.1237341358,21.9300438564,22.1237341358,46322500,0.0,1.0
2007-05-24 00:00:00+00:00,30.17,30.8,29.96,30.54,64046400,21.6430952943,22.0950392796,21.4924472992,21.9085227142,64046400,0.0,1.0
2007-05-25 00:00:00+00:00,30.48,30.66,30.18,30.28,47726500,21.8654804299,21.9946072828,21.6502690084,21.7220061489,47726500,0.0,1.0
2007-05-29 00:00:00+00:00,30.79,30.83,30.39,30.49,42373100,22.0878655655,22.1165604217,21.8009170034,21.872654144,42373100,0.0,1.0
2007-05-30 00:00:00+00:00,31.11,31.13,30.51,30.55,57376800,22.3174244152,22.3317718433,21.8870015721,21.9156964283,57376800,0.0,1.0
2007-05-31 00:00:00+00:00,30.6901,31.16,30.61,31.12,85290500,22.0162001621,22.3532929854,21.9587387126,22.3245981292,85290500,0.0,1.0
2007-06-01 00:00:00+00:00,30.59,30.9,30.55,30.79,39469400,21.9443912845,22.1667764201,21.9156964283,22.0878655655,39469400,0.0,1.0
2007-06-04 00:00:00+00:00,30.715,30.76,30.4,30.42,41434500,22.0340627101,22.0663444234,21.8080907175,21.8224381456,41434500,0.0,1.0
2007-06-05 00:00:00+00:00,30.58,30.63,30.33,30.62,44265000,21.9372175704,21.9730861407,21.7578747191,21.9659124266,44265000,0.0,1.0
2007-06-06 00:00:00+00:00,30.29,30.53,30.25,30.37,38217500,21.7291798629,21.9013490002,21.7004850067,21.7865695753,38217500,0.0,1.0
2007-06-07 00:00:00+00:00,29.62,30.29,29.59,30.02,71971400,21.2485410215,21.7291798629,21.2270198793,21.5354895835,71971400,0.0,1.0
2007-06-08 00:00:00+00:00,30.05,30.06,29.41,29.58,61346200,21.5570107257,21.5641844397,21.0978930264,21.2198461652,61346200,0.0,1.0
2007-06-11 00:00:00+00:00,30.02,30.25,29.93,29.94,48467400,21.5354895835,21.7004850067,21.4709261571,21.4780998711,48467400,0.0,1.0
2007-06-12 00:00:00+00:00,29.85,30.24,29.77,29.96,56981800,21.4135364446,21.6933112927,21.3561467322,21.4924472992,56981800,0.0,1.0
2007-06-13 00:00:00+00:00,30.39,30.41,29.8501,29.97,64435600,21.8009170034,21.8152644315,21.4136081818,21.4996210133,64435600,0.0,1.0
2007-06-14 00:00:00+00:00,30.52,30.71,30.3,30.35,59065700,21.8941752861,22.0304758531,21.736353577,21.7722221472,59065700,0.0,1.0
2007-06-15 00:00:00+00:00,30.49,30.88,30.43,30.86,100933000,21.872654144,22.152428992,21.8296118596,22.1380815639,100933000,0.0,1.0
2007-06-18 00:00:00+00:00,30.51,30.72,30.42,30.69,45412600,21.8870015721,22.0376495671,21.8224381456,22.016128425,45412600,0.0,1.0
2007-06-19 00:00:00+00:00,30.46,30.66,30.38,30.48,46802600,21.8511330018,21.9946072828,21.7937432894,21.8654804299,46802600,0.0,1.0
2007-06-20 00:00:00+00:00,30.01,30.51,29.96,30.44,46861600,21.5283158695,21.8870015721,21.4924472992,21.8367855737,46861600,0.0,1.0
2007-06-21 00:00:00+00:00,30.22,30.3,29.91,29.975,56564800,21.6789638646,21.736353577,21.456578729,21.5032078703,56564800,0.0,1.0
2007-06-22 00:00:00+00:00,29.49,30.1,29.45,30.0,86219900,21.1552827388,21.5928792959,21.1265878826,21.5211421554,86219900,0.0,1.0
2007-06-25 00:00:00+00:00,29.49,29.77,29.38,29.47,53905800,21.1552827388,21.3561467322,21.0763718842,21.1409353107,53905800,0.0,1.0
2007-06-26 00:00:00+00:00,29.52,29.8,29.5,29.55,48340300,21.1768038809,21.3776678744,21.1624564528,21.1983250231,48340300,0.0,1.0
2007-06-27 00:00:00+00:00,29.87,29.95,29.36,29.36,53468600,21.4278838727,21.4852735852,21.0620244561,21.0620244561,53468600,0.0,1.0
2007-06-28 00:00:00+00:00,29.83,29.97,29.68,29.86,46055200,21.3991890165,21.4996210133,21.2915833058,21.4207101587,46055200,0.0,1.0
2007-06-29 00:00:00+00:00,29.47,29.93,29.04,29.87,71193900,21.1409353107,21.4709261571,20.8324656064,21.4278838727,71193900,0.0,1.0
2007-07-02 00:00:00+00:00,29.74,29.8,29.49,29.67,47316000,21.3346255901,21.3776678744,21.1552827388,21.2844095917,47316000,0.0,1.0
2007-07-03 00:00:00+00:00,30.02,30.22,29.78,29.785,35202600,21.5354895835,21.6789638646,21.3633204463,21.3669073033,35202600,0.0,1.0
2007-07-05 00:00:00+00:00,29.99,30.22,29.83,30.05,47838500,21.5139684414,21.6789638646,21.3991890165,21.5570107257,47838500,0.0,1.0
2007-07-06 00:00:00+00:00,29.97,30.04,29.66,29.91,57541000,21.4996210133,21.5498370116,21.2772358777,21.456578729,57541000,0.0,1.0
2007-07-09 00:00:00+00:00,29.87,29.95,29.81,29.86,33831400,21.4278838727,21.4852735852,21.3848415884,21.4207101587,33831400,0.0,1.0
2007-07-10 00:00:00+00:00,29.33,29.99,29.18,29.7,66013500,21.0405033139,21.5139684414,20.9328976032,21.3059307339,66013500,0.0,1.0
2007-07-11 00:00:00+00:00,29.49,29.65,29.21,29.24,48017000,21.1552827388,21.2700621636,20.9544187453,20.9759398875,48017000,0.0,1.0
2007-07-12 00:00:00+00:00,30.07,30.11,29.44,29.56,54302400,21.5713581538,21.60005301,21.1194141685,21.2054987371,54302400,0.0,1.0
2007-07-13 00:00:00+00:00,29.82,30.02,29.66,29.94,42173000,21.3920153025,21.5354895835,21.2772358777,21.4780998711,42173000,0.0,1.0
2007-07-16 00:00:00+00:00,30.03,30.24,29.72,29.76,48023200,21.5426632976,21.6933112927,21.320278162,21.3489730182,48023200,0.0,1.0
2007-07-17 00:00:00+00:00,30.7799,30.88,30.01,30.02,77539600,22.0806201143,22.152428992,21.5283158695,21.5354895835,77539600,0.0,1.0
2007-07-18 00:00:00+00:00,30.92,30.97,30.5,30.51,64414400,22.1811238482,22.2169924184,21.879827858,21.8870015721,64414400,0.0,1.0
2007-07-19 00:00:00+00:00,31.51,31.84,30.93,31.05,121159300,22.6043729772,22.841105541,22.1882975622,22.2743821309,121159300,0.0,1.0
2007-07-20 00:00:00+00:00,31.16,31.2,30.79,31.15,98292600,22.3532929854,22.3819878416,22.0878655655,22.3461192714,98292600,0.0,1.0
2007-07-23 00:00:00+00:00,31.19,31.52,31.12,31.36,48910600,22.3748141276,22.6115466913,22.3245981292,22.4967672665,48910600,0.0,1.0
2007-07-24 00:00:00+00:00,30.8,31.48,30.71,31.01,59729300,22.0950392796,22.5828518351,22.0304758531,22.2456872747,59729300,0.0,1.0
2007-07-25 00:00:00+00:00,30.71,31.3,30.37,30.99,54950100,22.0304758531,22.4537249822,21.7865695753,22.2313398465,54950100,0.0,1.0
2007-07-26 00:00:00+00:00,29.98,30.53,29.51,30.24,87025300,21.5067947273,21.9013490002,21.1696301669,21.6933112927,87025300,0.0,1.0
2007-07-27 00:00:00+00:00,29.3901,30.0,29.36,29.93,69214600,21.0836173354,21.5211421554,21.0620244561,21.4709261571,69214600,0.0,1.0
2007-07-30 00:00:00+00:00,29.4,29.49,28.95,29.405,67499600,21.0907193123,21.1552827388,20.76790218,21.0943061693,67499600,0.0,1.0
2007-07-31 00:00:00+00:00,28.99,29.716,28.98,29.71,66554000,20.7965970362,21.3174086763,20.7894233221,21.3131044479,66554000,0.0,1.0
2007-08-01 00:00:00+00:00,29.3,29.55,28.82,28.97,80006300,21.0189821718,21.1983250231,20.6746438973,20.7822496081,80006300,0.0,1.0
2007-08-02 00:00:00+00:00,29.52,29.79,29.02,29.19,47938300,21.1768038809,21.3704941603,20.8181181783,20.9400713172,47938300,0.0,1.0
2007-08-03 00:00:00+00:00,28.9601,29.78,28.9,29.45,61535500,20.7751476312,21.3633204463,20.7320336097,21.1265878826,61535500,0.0,1.0
2007-08-06 00:00:00+00:00,29.54,29.54,28.75,29.075,59530500,21.191151309,21.191151309,20.6244278989,20.8575736056,59530500,0.0,1.0
2007-08-07 00:00:00+00:00,29.55,29.79,29.05,29.33,49163000,21.1983250231,21.3704941603,20.8396393205,21.0405033139,49163000,0.0,1.0
2007-08-08 00:00:00+00:00,30.0,30.01,29.21,29.72,52898600,21.5211421554,21.5283158695,20.9544187453,21.320278162,52898600,0.0,1.0
2007-08-09 00:00:00+00:00,29.3,30.1,28.92,29.64,72964500,21.0189821718,21.5928792959,20.7463810378,21.2628884496,72964500,0.0,1.0
2007-08-10 00:00:00+00:00,28.71,29.05,28.26,28.9,76576200,20.5957330427,20.8396393205,20.2729159104,20.7320336097,76576200,0.0,1.0
2007-08-13 00:00:00+00:00,28.63,28.99,28.44,28.94,55492300,20.5383433303,20.7965970362,20.4020427633,20.7607284659,55492300,0.0,1.0
2007-08-14 00:00:00+00:00,28.27,28.89,28.2,28.77,42944100,20.351826765,20.7981703304,20.3014331366,20.7117812532,42944100,0.1,1.0
2007-08-15 00:00:00+00:00,28.1,28.99,28.05,28.14,48117700,20.229442239,20.870161228,20.1934467901,20.258238598,48117700,0.0,1.0
2007-08-16 00:00:00+00:00,27.81,28.35,27.51,27.88,81447400,20.0206686358,20.4094194831,19.8046959429,20.0710622641,81447400,0.0,1.0
2007-08-17 00:00:00+00:00,28.25,28.25,27.82,28.09,76747700,20.3374285854,20.3374285854,20.0278677256,20.2222431492,76747700,0.0,1.0
2007-08-20 00:00:00+00:00,28.26,28.4901,28.08,28.18,49952000,20.3446276752,20.5102787307,20.2150440594,20.2870349571,49952000,0.0,1.0
2007-08-21 00:00:00+00:00,28.07,28.32,27.87,28.1,50786200,20.2078449697,20.3878222138,20.0638631744,20.229442239,50786200,0.0,1.0
2007-08-22 00:00:00+00:00,28.22,28.32,28.01,28.27,44763500,20.3158313162,20.3878222138,20.1646504311,20.351826765,44763500,0.0,1.0
2007-08-23 00:00:00+00:00,28.3,28.33,28.1,28.3,33886600,20.3734240343,20.3950213036,20.229442239,20.3734240343,33886600,0.0,1.0
2007-08-24 00:00:00+00:00,28.81,28.84,28.07,28.21,45158900,20.7405776123,20.7621748816,20.2078449697,20.3086322264,45158900,0.0,1.0
2007-08-27 00:00:00+00:00,28.49,28.77,28.4,28.61,32789500,20.5102067398,20.7117812532,20.4454149319,20.596595817,32789500,0.0,1.0
2007-08-28 00:00:00+00:00,27.93,28.49,27.91,28.28,43924400,20.107057713,20.5102067398,20.0926595334,20.3590258547,43924400,0.0,1.0
2007-08-29 00:00:00+00:00,28.59,28.61,27.82,28.08,45753700,20.5821976374,20.596595817,20.0278677256,20.2150440594,45753700,0.0,1.0
2007-08-30 00:00:00+00:00,28.45,28.93,28.32,28.42,33690700,20.4814103807,20.8269666894,20.3878222138,20.4598131114,33690700,0.0,1.0
2007-08-31 00:00:00+00:00,28.73,28.92,28.36,28.7,42511900,20.6829848942,20.8197675997,20.4166185729,20.6613876249,42511900,0.0,1.0
2007-09-04 00:00:00+00:00,28.81,29.1,28.48,28.5,45689600,20.7405776123,20.9493512154,20.50300765,20.5174058296,45689600,0.0,1.0
2007-09-05 00:00:00+00:00,28.48,28.73,28.42,28.65,47669800,20.50300765,20.6829848942,20.4598131114,20.625392176,47669800,0.0,1.0
2007-09-06 00:00:00+00:00,28.91,29.01,28.55,28.6,45430800,20.8125685099,20.8845594076,20.5534012784,20.5893967272,45430800,0.0,1.0
2007-09-07 00:00:00+00:00,28.44,28.83,28.32,28.62,52160900,20.474211291,20.7549757918,20.3878222138,20.6037949067,52160900,0.0,1.0
2007-09-10 00:00:00+00:00,28.48,28.75,28.41,28.67,37247600,20.50300765,20.6973830737,20.4526140217,20.6397903556,37247600,0.0,1.0
2007-09-11 00:00:00+00:00,28.93,28.95,28.58,28.63,34380800,20.8269666894,20.841364869,20.5749985477,20.6109939965,34380800,0.0,1.0
2007-09-12 00:00:00+00:00,28.93,29.17,28.8,28.81,42364700,20.8269666894,20.9997448438,20.7333785225,20.7405776123,42364700,0.0,1.0
2007-09-13 00:00:00+00:00,29.16,29.26,28.96,29.06,35288600,20.992545754,21.0645366517,20.8485639587,20.9205548564,35288600,0.0,1.0
2007-09-14 00:00:00+00:00,29.04,29.11,28.88,28.93,33496600,20.9061566769,20.9565503052,20.7909712406,20.8269666894,33496600,0.0,1.0
2007-09-17 00:00:00+00:00,28.725,28.88,28.62,28.79,39536500,20.6793853493,20.7909712406,20.6037949067,20.7261794327,39536500,0.0,1.0
2007-09-18 00:00:00+00:00,28.93,28.965,28.27,28.7,77462400,20.8269666894,20.8521635036,20.351826765,20.6613876249,77462400,0.0,1.0
2007-09-19 00:00:00+00:00,28.67,28.91,28.3,28.87,94242200,20.6397903556,20.8125685099,20.3734240343,20.7837721509,94242200,0.0,1.0
2007-09-20 00:00:00+00:00,28.4201,28.58,28.34,28.48,67168900,20.4598851023,20.5749985477,20.4022203933,20.50300765,67168900,0.0,1.0
2007-09-21 00:00:00+00:00,28.6499,28.81,28.44,28.7,135636100,20.6253201851,20.7405776123,20.474211291,20.6613876249,135636100,0.0,1.0
2007-09-24 00:00:00+00:00,29.08,29.61,28.8,28.81,104459800,20.9349530359,21.3165047935,20.7333785225,20.7405776123,104459800,0.0,1.0
2007-09-25 00:00:00+00:00,29.5599,29.56,29.11,29.14,75621000,21.2804373537,21.2805093446,20.9565503052,20.9781475745,75621000,0.0,1.0
2007-09-26 00:00:00+00:00,29.5,29.85,29.48,29.68,60337000,21.237314806,21.4892829478,21.2229166265,21.3668984218,60337000,0.0,1.0
2007-09-27 00:00:00+00:00,29.49,29.72,29.44,29.67,43407100,21.2301157163,21.3956947809,21.1941202675,21.359699332,43407100,0.0,1.0
2007-09-28 00:00:00+00:00,29.46,29.69,29.23,29.49,45819100,21.208518447,21.3740975116,21.0429393824,21.2301157163,45819100,0.0,1.0
2007-10-01 00:00:00+00:00,29.7701,29.79,29.41,29.46,43875100,21.4317622206,21.4460884092,21.1725229982,21.208518447,43875100,0.0,1.0
2007-10-02 00:00:00+00:00,29.7,29.85,29.57,29.7,33700900,21.3812966013,21.4892829478,21.2877084344,21.3812966013,33700900,0.0,1.0
2007-10-03 00:00:00+00:00,29.4525,29.85,29.29,29.71,37633900,21.2031191297,21.4892829478,21.086133921,21.3884956911,37633900,0.0,1.0
2007-10-04 00:00:00+00:00,29.71,29.77,29.44,29.57,37868000,21.3884956911,21.4316902297,21.1941202675,21.2877084344,37868000,0.0,1.0
2007-10-05 00:00:00+00:00,29.84,29.99,29.73,29.9,45012300,21.482083858,21.5900702045,21.4028938706,21.5252783966,45012300,0.0,1.0
2007-10-08 00:00:00+00:00,29.84,29.85,29.6,29.66,30265400,21.482083858,21.4892829478,21.3093057037,21.3525002423,30265400,0.0,1.0
2007-10-09 00:00:00+00:00,30.0999,30.39,30.0,30.03,63603100,21.669188201,21.8780337951,21.5972692943,21.6188665636,63603100,0.0,1.0
2007-10-10 00:00:00+00:00,30.23,30.37,30.03,30.0409,32251500,21.7628483589,21.8636356156,21.6188665636,21.6267135714,32251500,0.0,1.0
2007-10-11 00:00:00+00:00,29.91,30.63,29.79,30.305,50788400,21.5324774864,22.0508119495,21.4460884092,21.8168415321,50788400,0.0,1.0
2007-10-12 00:00:00+00:00,30.17,30.4,29.95,30.03,31121100,21.7196538203,21.8852328849,21.5612738455,21.6188665636,31121100,0.0,1.0
2007-10-15 00:00:00+00:00,30.04,30.33,30.0,30.09,47150500,21.6260656533,21.8348392565,21.5972692943,21.6620611022,47150500,0.0,1.0
2007-10-16 00:00:00+00:00,30.32,30.58,30.23,30.24,56286200,21.8276401668,22.0148165006,21.7628483589,21.7700474486,56286200,0.0,1.0
2007-10-17 00:00:00+00:00,31.08,31.23,30.65,30.75,86092400,22.3747709889,22.4827573353,22.065210129,22.1372010266,86092400,0.0,1.0
2007-10-18 00:00:00+00:00,31.16,31.23,30.63,31.22,49208600,22.432363707,22.4827573353,22.0508119495,22.4755582456,49208600,0.0,1.0
2007-10-19 00:00:00+00:00,30.17,31.09,30.11,31.09,75200200,21.7196538203,22.3819700786,21.6764592817,22.3819700786,75200200,0.0,1.0
2007-10-22 00:00:00+00:00,30.51,30.7,30.12,30.12,58785100,21.9644228723,22.1012055778,21.6836583715,21.6836583715,58785100,0.0,1.0
2007-10-23 00:00:00+00:00,30.9,31.12,30.71,30.75,49956200,22.2451873731,22.4035673479,22.1084046676,22.1372010266,49956200,0.0,1.0
2007-10-24 00:00:00+00:00,31.25,31.3,30.5,30.85,77979200,22.4971555149,22.5331509637,21.9572237825,22.2091919243,77979200,0.0,1.0
2007-10-25 00:00:00+00:00,31.99,32.22,31.49,31.57,169588700,23.0298881575,23.1954672221,22.6699336692,22.7275263873,169588700,0.0,1.0
2007-10-26 00:00:00+00:00,35.03,36.03,34.56,36.01,288121200,25.218411446,25.9383204224,24.880054227,25.9239222429,288121200,0.0,1.0
2007-10-29 00:00:00+00:00,34.57,35.29,34.45,34.85,114655600,24.8872533168,25.4055877798,24.8008642396,25.0888278302,114655600,0.0,1.0
2007-10-30 00:00:00+00:00,35.57,35.59,34.35,34.37,107297300,25.6071622932,25.6215604728,24.7288733419,24.7432715215,107297300,0.0,1.0
2007-10-31 00:00:00+00:00,36.81,37.0,35.51,35.52,185635800,26.4998494241,26.6366321296,25.5639677547,25.5711668444,185635800,0.0,1.0
2007-11-01 00:00:00+00:00,37.06,37.49,36.36,36.53,152078800,26.6798266682,26.9893875281,26.1758903847,26.2982749107,152078800,0.0,1.0
2007-11-02 00:00:00+00:00,37.06,37.5,36.42,37.22,96389800,26.6798266682,26.9965866178,26.2190849233,26.7950121044,96389800,0.0,1.0
2007-11-05 00:00:00+00:00,36.73,37.1,36.63,36.76,75485400,26.442256706,26.7086230273,26.3702658083,26.4638539753,75485400,0.0,1.0
2007-11-06 00:00:00+00:00,36.41,36.66,35.87,36.59,100966700,26.2118858335,26.3918630776,25.8231349862,26.3414694493,100966700,0.0,1.0
2007-11-07 00:00:00+00:00,35.52,36.16,35.45,36.04,74897800,25.5711668444,26.0319085894,25.5207732161,25.9455195122,74897800,0.0,1.0
2007-11-08 00:00:00+00:00,34.74,35.9,34.4,35.6,133742400,25.0096378428,25.8447322555,24.7648687908,25.6287595625,133742400,0.0,1.0
2007-11-09 00:00:00+00:00,33.73,34.54,33.65,34.18,125136900,24.2825297765,24.8656560475,24.2249370584,24.6064888159,125136900,0.0,1.0
2007-11-12 00:00:00+00:00,33.38,33.71,33.02,33.32,84865200,24.0305616348,24.268131597,23.7713944032,23.9873670962,84865200,0.0,1.0
2007-11-13 00:00:00+00:00,34.46,34.67,33.38,33.54,104311500,24.8872533168,25.0389167874,24.1072697537,24.2228228742,104311500,0.11,1.0
2007-11-14 00:00:00+00:00,33.93,34.75,33.75,34.62,84063100,24.5044836053,25.0966933476,24.3744863448,25.0028064372,84063100,0.0,1.0
2007-11-15 00:00:00+00:00,33.76,34.1,33.55,33.76,64014100,24.3817084148,24.6272587958,24.2300449442,24.3817084148,64014100,0.0,1.0
2007-11-16 00:00:00+00:00,34.09,34.26,33.71,33.86,71113800,24.6200367257,24.7428119162,24.3455980647,24.4539291151,71113800,0.0,1.0
2007-11-19 00:00:00+00:00,33.96,34.24,33.87,33.96,63026200,24.5261498154,24.7283677762,24.4611511851,24.5261498154,63026200,0.0,1.0
2007-11-20 00:00:00+00:00,34.58,34.97,34.1,34.23,100009400,24.9739181571,25.2555788882,24.6272587958,24.7211457061,100009400,0.0,1.0
2007-11-21 00:00:00+00:00,34.23,34.73,34.18,34.4,89518700,24.7211457061,25.0822492075,24.685035356,24.8439208966,89518700,0.0,1.0
2007-11-23 00:00:00+00:00,34.11,34.44,33.71,34.36,33467200,24.6344808658,24.8728091767,24.3455980647,24.8150326165,33467200,0.0,1.0
2007-11-26 00:00:00+00:00,32.97,34.37,32.93,34.09,80335000,23.8111648826,24.8222546865,23.7822766025,24.6200367257,80335000,0.0,1.0
2007-11-27 00:00:00+00:00,33.06,33.6,32.68,33.27,84178400,23.8761635128,24.2661552944,23.6017248518,24.0278269834,84178400,0.0,1.0
2007-11-28 00:00:00+00:00,33.7,33.89,32.9,33.38,88585000,24.3383759946,24.4755953252,23.7606103924,24.1072697537,88585000,0.0,1.0
2007-11-29 00:00:00+00:00,33.59,33.93,33.31,33.58,53633600,24.2589332243,24.5044836053,24.0567152635,24.2517111543,53633600,0.0,1.0
2007-11-30 00:00:00+00:00,33.6,34.12,33.19,33.92,71027800,24.2661552944,24.6417029358,23.9700504232,24.4972615353,71027800,0.0,1.0
2007-12-03 00:00:00+00:00,32.92,33.6401,32.68,33.5,61770600,23.7750545324,24.2951157952,23.6017248518,24.1939345941,61770600,0.0,1.0
2007-12-04 00:00:00+00:00,32.77,33.24,32.63,32.74,54801500,23.666723482,24.0061607733,23.5656145016,23.6450572719,54801500,0.0,1.0
2007-12-05 00:00:00+00:00,34.15,34.52,33.03,33.14,84894700,24.6633691459,24.9305857369,23.8544973028,23.9339400731,84894700,0.0,1.0
2007-12-06 00:00:00+00:00,34.55,34.61,33.87,34.26,49209700,24.952251947,24.9955843672,24.4611511851,24.7428119162,49209700,0.0,1.0
2007-12-07 00:00:00+00:00,34.53,34.7,34.22,34.61,40771000,24.937807807,25.0605829974,24.7139236361,24.9955843672,40771000,0.0,1.0
2007-12-10 00:00:00+00:00,34.76,34.95,34.47,34.64,36083500,25.1039154176,25.2411347481,24.8944753868,25.0172505773,36083500,0.0,1.0
2007-12-11 00:00:00+00:00,34.1,34.99,33.93,34.73,55070700,24.6272587958,25.2700230283,24.5044836053,25.0822492075,55070700,0.0,1.0
2007-12-12 00:00:00+00:00,34.47,35.09,33.93,34.61,63345400,24.8944753868,25.3422437285,24.5044836053,24.9955843672,63345400,0.0,1.0
2007-12-13 00:00:00+00:00,35.22,35.45,34.28,34.48,73913200,25.4361306389,25.6022382496,24.7572560563,24.9016974568,73913200,0.0,1.0
2007-12-14 00:00:00+00:00,35.31,35.84,35.01,35.05,71126200,25.5011292692,25.8838989806,25.2844671683,25.3133554484,71126200,0.0,1.0
2007-12-17 00:00:00+00:00,34.39,35.13,34.36,35.03,58121200,24.8366988266,25.3711320087,24.8150326165,25.2989113084,58121200,0.0,1.0
2007-12-18 00:00:00+00:00,34.74,35.0,34.21,34.64,52791800,25.0894712776,25.2772450983,24.7067015661,25.0172505773,52791800,0.0,1.0
2007-12-19 00:00:00+00:00,34.79,35.14,34.38,34.69,58469100,25.1255816277,25.3783540787,24.8294767565,25.0533609274,58469100,0.0,1.0
2007-12-20 00:00:00+00:00,35.52,35.79,35.08,35.29,59345000,25.6527927397,25.8477886305,25.3350216585,25.4866851291,59345000,0.0,1.0
2007-12-21 00:00:00+00:00,36.06,36.0625,35.75,35.9,83240500,26.0427845213,26.0445900388,25.8189003504,25.9272314008,83240500,0.0,1.0
2007-12-24 00:00:00+00:00,36.58,36.72,36.05,36.13,29622600,26.4183321627,26.5194411431,26.0355624512,26.0933390115,29622600,0.0,1.0
2007-12-26 00:00:00+00:00,36.61,36.64,36.26,36.41,30252400,26.4399983728,26.4616645829,26.1872259218,26.2955569722,30252400,0.0,1.0
2007-12-27 00:00:00+00:00,35.97,36.5501,35.94,36.35,33311100,25.977785891,26.3967381733,25.9561196809,26.2522245521,33311100,0.0,1.0
2007-12-28 00:00:00+00:00,36.12,36.23,35.67,36.1,33447200,26.0861169414,26.1655597117,25.7611237902,26.0716728014,33447200,0.0,1.0
2007-12-31 00:00:00+00:00,35.6,35.99,35.52,35.9,35229700,25.7105693,25.9922300311,25.6527927397,25.9272314008,35229700,0.0,1.0
2008-01-02 00:00:00+00:00,35.22,35.96,35.0,35.79,63004200,25.4361306389,25.970563821,25.2772450983,25.8477886305,63004200,0.0,1.0
2008-01-03 00:00:00+00:00,35.37,35.65,34.86,35.22,49599600,25.5444616893,25.7466796501,25.1761361179,25.4361306389,49599600,0.0,1.0
2008-01-04 00:00:00+00:00,34.38,35.2,34.09,35.19,72090800,24.8294767565,25.4216864989,24.6200367257,25.4144644288,72090800,0.0,1.0
2008-01-07 00:00:00+00:00,34.61,34.8,34.25,34.55,80164300,24.9955843672,25.1328036977,24.7355898462,24.952251947,80164300,0.0,1.0
2008-01-08 00:00:00+00:00,33.45,34.71,33.4,34.71,79148300,24.1578242439,25.0678050675,24.1217138938,25.0678050675,79148300,0.0,1.0
2008-01-09 00:00:00+00:00,34.44,34.54,33.35,33.36,74305500,24.8728091767,24.945029877,24.0856035437,24.0928256137,74305500,0.0,1.0
2008-01-10 00:00:00+00:00,34.33,34.5,33.78,34.35,72446000,24.7933664064,24.9161415969,24.3961525549,24.8078105465,72446000,0.0,1.0
2008-01-11 00:00:00+00:00,33.91,34.24,33.72,34.14,55187900,24.4900394652,24.7283677762,24.3528201347,24.6561470759,55187900,0.0,1.0
2008-01-14 00:00:00+00:00,34.39,34.57,34.08,34.46,52792200,24.8366988266,24.9666960871,24.6128146557,24.8872533168,52792200,0.0,1.0
2008-01-15 00:00:00+00:00,34.0,34.38,34.0,34.03,61606200,24.5550380955,24.8294767565,24.5550380955,24.5767043056,61606200,0.0,1.0
2008-01-16 00:00:00+00:00,33.23,33.65,32.51,33.42,120778500,23.9989387033,24.3022656445,23.4789496613,24.1361580339,120778500,0.0,1.0
2008-01-17 00:00:00+00:00,33.11,33.8,32.97,33.54,94247800,23.912273863,24.4105966949,23.8111648826,24.2228228742,94247800,0.0,1.0
2008-01-18 00:00:00+00:00,33.01,34.0,32.97,33.16,117062000,23.8400531627,24.5550380955,23.8111648826,23.9483842131,117062000,0.0,1.0
2008-01-22 00:00:00+00:00,31.99,32.53,31.5,31.54,108521400,23.1034020198,23.4933938014,22.7495205885,22.7784088686,108521400,0.0,1.0
2008-01-23 00:00:00+00:00,31.93,32.05,31.04,31.48,137597400,23.0600695997,23.14673444,22.4173053672,22.7350764484,137597400,0.0,1.0
2008-01-24 00:00:00+00:00,33.25,33.36,32.12,32.35,155640400,24.0133828434,24.0928256137,23.1972889302,23.3633965408,155640400,0.0,1.0
2008-01-25 00:00:00+00:00,32.94,35.0,32.87,34.9,196992300,23.7894986725,25.2772450983,23.7389441823,25.205024398,196992300,0.0,1.0
2008-01-28 00:00:00+00:00,32.72,33.1,32.42,33.02,81019000,23.6306131319,23.905051793,23.413951031,23.8472752327,81019000,0.0,1.0
2008-01-29 00:00:00+00:00,32.6,32.89,32.35,32.85,68023000,23.5439482915,23.7533883224,23.3633965408,23.7245000423,68023000,0.0,1.0
2008-01-30 00:00:00+00:00,32.2,32.8,32.05,32.56,106432600,23.2550654904,23.6883896921,23.14673444,23.5150600114,106432600,0.0,1.0
2008-01-31 00:00:00+00:00,32.6,32.74,31.72,31.91,103642200,23.5439482915,23.6450572719,22.9084061291,23.0456254596,103642200,0.0,1.0
2008-02-01 00:00:00+00:00,30.4498,33.25,30.25,31.06,291138900,21.9910587941,24.0133828434,21.846761835,22.4317495072,291138900,0.0,1.0
2008-02-04 00:00:00+00:00,30.19,30.72,30.11,30.49,119998600,21.8034294148,22.1861991263,21.7456528546,22.0200915156,119998600,0.0,1.0
2008-02-05 00:00:00+00:00,29.07,29.94,28.89,29.91,137534100,20.9945575716,21.6228776641,20.8645603111,21.601211454,137534100,0.0,1.0
2008-02-06 00:00:00+00:00,28.52,29.35,28.289,29.28,138315600,20.5973437201,21.1967755324,20.4305139024,21.1462210422,138315600,0.0,1.0
2008-02-07 00:00:00+00:00,28.12,28.78,27.9,28.34,164964900,20.308460919,20.7851175408,20.1495753784,20.4673464596,164964900,0.0,1.0
2008-02-08 00:00:00+00:00,28.56,29.08,28.24,28.29,124872000,20.6262320002,21.0017796417,20.3951257593,20.4312361094,124872000,0.0,1.0
2008-02-11 00:00:00+00:00,28.21,28.61,27.91,28.52,156814100,20.3734595492,20.6623423503,20.1567974484,20.5973437201,156814100,0.0,1.0
2008-02-12 00:00:00+00:00,28.34,28.62,28.11,28.43,84365900,20.4673464596,20.6695644204,20.3012388489,20.5323450898,84365900,0.0,1.0
2008-02-13 00:00:00+00:00,28.96,29.05,28.53,28.62,88986200,20.9151148013,20.9801134316,20.6045657901,20.6695644204,88986200,0.0,1.0
2008-02-14 00:00:00+00:00,28.5,29.04,28.46,28.88,69113500,20.58289958,20.9728913616,20.5540112999,20.8573382411,69113500,0.0,1.0
2008-02-15 00:00:00+00:00,28.42,28.64,28.25,28.31,68166100,20.5251230198,20.6840085604,20.4023478293,20.4456802495,68166100,0.0,1.0
2008-02-19 00:00:00+00:00,28.17,28.84,28.07,28.8,68261200,20.4240140394,20.9097822115,20.3515113272,20.8807811266,68261200,0.11,1.0
2008-02-20 00:00:00+00:00,28.22,28.26,27.92,28.15,93056200,20.4602653955,20.4892664804,20.2427572588,20.409513497,93056200,0.0,1.0
2008-02-21 00:00:00+00:00,28.1,28.96,27.96,28.62,98776500,20.3732621408,20.9967854662,20.2717583437,20.7502762445,98776500,0.0,1.0
2008-02-22 00:00:00+00:00,27.68,28.39,27.2,28.24,125705400,20.0687507494,20.5835200064,19.7207377306,20.474765938,125705400,0.0,1.0
2008-02-25 00:00:00+00:00,27.84,28.24,27.48,27.65,109974300,20.184755089,20.474765938,19.9237453249,20.0469999357,109974300,0.0,1.0
2008-02-26 00:00:00+00:00,28.38,28.86,27.67,27.74,108923500,20.5762697351,20.9242827539,20.0615004782,20.1122523768,108923500,0.0,1.0
2008-02-27 00:00:00+00:00,28.26,28.68,28.1,28.19,75199500,20.4892664804,20.7937778719,20.3732621408,20.4385145819,75199500,0.0,1.0
2008-02-28 00:00:00+00:00,27.93,28.27,27.8,28.02,83002900,20.25000753,20.4965167517,20.1557540041,20.3152599711,83002900,0.0,1.0
2008-02-29 00:00:00+00:00,27.1999,27.83,27.02,27.76,117411400,19.7206652279,20.1775048178,19.5902328486,20.1267529192,117411400,0.0,1.0
2008-03-03 00:00:00+00:00,26.99,27.3901,26.87,27.24,76544300,19.5684820349,19.8585653866,19.4814787802,19.7497388155,76544300,0.0,1.0
2008-03-04 00:00:00+00:00,27.59,27.63,26.96,27.02,86925600,20.0034983084,20.0324993933,19.5467312213,19.5902328486,86925600,0.0,1.0
2008-03-05 00:00:00+00:00,28.1199,28.41,27.7,27.75,106489800,20.3876901806,20.5980205488,20.0832512919,20.119502648,106489800,0.0,1.0
2008-03-06 00:00:00+00:00,27.57,28.17,27.5,28.06,91127700,19.9889977659,20.4240140394,19.9382458674,20.3442610559,91127700,0.0,1.0
2008-03-07 00:00:00+00:00,27.87,28.07,27.32,27.34,77597600,20.2065059027,20.3515113272,19.8077409853,19.8222415278,77597600,0.0,1.0
2008-03-10 00:00:00+00:00,28.05,28.26,27.75,27.83,72175100,20.3370107847,20.4892664804,20.119502648,20.1775048178,72175100,0.0,1.0
2008-03-11 00:00:00+00:00,29.28,29.34,28.38,28.4,98740700,21.2287941453,21.2722957727,20.5762697351,20.5907702776,98740700,0.0,1.0
2008-03-12 00:00:00+00:00,28.63,29.49,28.54,29.43,75993800,20.7575265157,21.3810498411,20.6922740747,21.3375482137,75993800,0.0,1.0
2008-03-13 00:00:00+00:00,28.62,28.99,28.16,28.54,84552200,20.7502762445,21.0185362798,20.4167637682,20.6922740747,84552200,0.0,1.0
2008-03-14 00:00:00+00:00,27.96,29.01,27.64,28.72,105214900,20.2717583437,21.0330368223,20.0397496645,20.8227789568,105214900,0.0,1.0
2008-03-17 00:00:00+00:00,28.3,28.73,27.28,27.3,84490100,20.5182675653,20.830029228,19.7787399004,19.7932404429,84490100,0.0,1.0
2008-03-18 00:00:00+00:00,29.42,29.4815,28.67,28.67,83695300,21.3302979425,21.3748871105,20.7865276006,20.7865276006,83695300,0.0,1.0
2008-03-19 00:00:00+00:00,28.62,29.59,28.62,29.295,61442100,20.7502762445,21.4535525533,20.7502762445,21.2396695522,61442100,0.0,1.0
2008-03-20 00:00:00+00:00,29.18,29.2215,28.59,28.74,60170200,21.1562914331,21.1863800587,20.7285254308,20.8372794992,60170200,0.0,1.0
2008-03-24 00:00:00+00:00,29.17,29.4,29.06,29.33,48294700,21.1490411619,21.3157974,21.0692881784,21.2650455015,48294700,0.0,1.0
2008-03-25 00:00:00+00:00,29.14,29.37,28.94,29.33,49149000,21.1272903482,21.2940465864,20.9822849237,21.2650455015,49149000,0.0,1.0
2008-03-26 00:00:00+00:00,28.56,29.07,28.38,29.03,45868100,20.7067746172,21.0765384496,20.5762697351,21.0475373647,45868100,0.0,1.0
2008-03-27 00:00:00+00:00,28.05,28.49,28.0,28.48,47894400,20.3370107847,20.6560227186,20.3007594286,20.6487724474,47894400,0.0,1.0
2008-03-28 00:00:00+00:00,27.91,28.43,27.83,28.23,49244000,20.2355069876,20.6125210913,20.1775048178,20.4675156668,49244000,0.0,1.0
2008-03-31 00:00:00+00:00,28.38,28.59,27.84,27.88,46780600,20.5762697351,20.7285254308,20.184755089,20.2137561739,46780600,0.0,1.0
2008-04-01 00:00:00+00:00,29.4999,29.54,28.63,28.83,65796200,21.3882276096,21.4173011972,20.7575265157,20.9025319402,65796200,0.0,1.0
2008-04-02 00:00:00+00:00,29.16,29.58,29.0,29.57,49499400,21.1417908906,21.4463022821,21.0257865511,21.4390520108,49499400,0.0,1.0
2008-04-03 00:00:00+00:00,29.0,29.32,28.8,29.06,38961400,21.0257865511,21.2577952302,20.8807811266,21.0692881784,38961400,0.0,1.0
2008-04-04 00:00:00+00:00,29.16,29.26,28.74,29.13,43860800,21.1417908906,21.2142936029,20.8372794992,21.120040077,43860800,0.0,1.0
2008-04-07 00:00:00+00:00,29.16,29.59,29.03,29.55,44428600,21.1417908906,21.4535525533,21.0475373647,21.4245514684,44428600,0.0,1.0
2008-04-08 00:00:00+00:00,28.75,29.0,28.54,28.94,44733500,20.8445297704,21.0257865511,20.6922740747,20.9822849237,44733500,0.0,1.0
2008-04-09 00:00:00+00:00,28.89,29.04,28.54,28.8125,45839300,20.9460335676,21.0547876359,20.6922740747,20.8898439656,45839300,0.0,1.0
2008-04-10 00:00:00+00:00,29.11,29.4,28.8,28.83,65591600,21.1055395345,21.3157974,20.8807811266,20.9025319402,65591600,0.0,1.0
2008-04-11 00:00:00+00:00,28.28,29.01,28.21,28.87,54373700,20.5037670229,21.0330368223,20.4530151243,20.9315330251,54373700,0.0,1.0
2008-04-14 00:00:00+00:00,28.06,28.31,27.93,28.24,43418100,20.3442610559,20.5255178366,20.25000753,20.474765938,43418100,0.0,1.0
2008-04-15 00:00:00+00:00,28.25,28.48,28.03,28.1,34310000,20.4820162092,20.6487724474,20.3225102423,20.3732621408,34310000,0.0,1.0
2008-04-16 00:00:00+00:00,28.95,29.05,28.38,28.53,54107400,20.9895351949,21.0620379072,20.5762697351,20.6850238035,54107400,0.0,1.0
2008-04-17 00:00:00+00:00,29.22,29.34,28.9,29.12,48743300,21.185292518,21.2722957727,20.9532838388,21.1127898057,48743300,0.0,1.0
2008-04-18 00:00:00+00:00,30.0,30.1,29.61,29.99,73658900,21.7508136735,21.8233163857,21.4680530957,21.7435634023,73658900,0.0,1.0
2008-04-21 00:00:00+00:00,30.42,30.6,30.12,30.2,54411700,22.0553250649,22.185829947,21.8378169282,21.895819098,54411700,0.0,1.0
2008-04-22 00:00:00+00:00,30.25,30.7,29.97,30.63,67387500,21.9320704541,22.2583326592,21.7290628598,22.2075807606,67387500,0.0,1.0
2008-04-23 00:00:00+00:00,31.45,31.46,30.3,30.45,98351500,22.8021030011,22.8093532723,21.9683218102,22.0770758786,98351500,0.0,1.0
2008-04-24 00:00:00+00:00,31.8,32.1,31.16,31.63,115416700,23.0558624939,23.2733706306,22.5918451355,22.9326078831,115416700,0.0,1.0
2008-04-25 00:00:00+00:00,29.83,30.39,29.6,30.02,145194900,21.6275590627,22.0335742513,21.4608028245,21.765314216,145194900,0.0,1.0
2008-04-28 00:00:00+00:00,28.99,29.835,28.82,29.8,97473000,21.0185362798,21.6311841983,20.895281669,21.605808249,97473000,0.0,1.0
2008-04-29 00:00:00+00:00,28.64,28.9,28.45,28.8,84428900,20.764776787,20.9532838388,20.6270216337,20.8807811266,84428900,0.0,1.0
2008-04-30 00:00:00+00:00,28.52,29.21,28.51,28.75,74733600,20.6777735323,21.1780422468,20.6705232611,20.8445297704,74733600,0.0,1.0
2008-05-01 00:00:00+00:00,29.4,29.49,28.48,28.48,71699400,21.3157974,21.3810498411,20.6487724474,20.6487724474,71699400,0.0,1.0
2008-05-02 00:00:00+00:00,29.24,29.62,28.86,29.55,66024200,21.1997930604,21.475303367,20.9242827539,21.4245514684,66024200,0.0,1.0
2008-05-05 00:00:00+00:00,29.08,30.23,28.99,29.95,119687700,21.0837887208,21.9175699117,21.0185362798,21.7145623174,119687700,0.0,1.0
2008-05-06 00:00:00+00:00,29.7,29.86,28.93,29.0,93582000,21.5333055368,21.6493098764,20.9750346525,21.0257865511,93582000,0.0,1.0
2008-05-07 00:00:00+00:00,29.21,30.14,29.08,29.69,88775000,21.1780422468,21.8523174706,21.0837887208,21.5260552655,88775000,0.0,1.0
2008-05-08 00:00:00+00:00,29.27,29.39,29.0,29.26,69589900,21.2215438741,21.3085471288,21.0257865511,21.2142936029,69589900,0.0,1.0
2008-05-09 00:00:00+00:00,29.39,29.55,28.95,29.15,51621200,21.3085471288,21.4245514684,20.9895351949,21.1345406194,51621200,0.0,1.0
2008-05-12 00:00:00+00:00,29.99,30.06,29.35,29.35,64278800,21.7435634023,21.7943153008,21.2795460439,21.2795460439,64278800,0.0,1.0
2008-05-13 00:00:00+00:00,29.78,30.13,29.53,30.02,70934700,21.67106069,21.9257575081,21.4891343914,21.8457099367,70934700,0.11,1.0
2008-05-14 00:00:00+00:00,29.93,30.26,29.73,29.95,66730400,21.7802164692,22.0203591834,21.6346754303,21.7947705731,66730400,0.0,1.0
2008-05-15 00:00:00+00:00,30.4501,30.53,29.94,29.95,53355800,22.1586959408,22.2168395859,21.7874935211,21.7947705731,53355800,0.0,1.0
2008-05-16 00:00:00+00:00,29.99,30.48,29.92,30.48,81538200,21.8238787809,22.1804543261,21.7729394173,22.1804543261,81538200,0.0,1.0
2008-05-19 00:00:00+00:00,29.46,29.89,29.31,29.89,59615000,21.4381950278,21.7511082614,21.3290392487,21.7511082614,59615000,0.0,1.0
2008-05-20 00:00:00+00:00,28.76,29.31,28.63,29.28,75767600,20.9288013917,21.3290392487,20.8341997164,21.3072080928,75767600,0.0,1.0
2008-05-21 00:00:00+00:00,28.25,29.05,28.19,28.8,60125100,20.5576717426,21.1398358981,20.5140094309,20.9579095995,60125100,0.0,1.0
2008-05-22 00:00:00+00:00,28.47,28.7,28.18,28.28,52203100,20.7177668853,20.8851390801,20.5067323789,20.5795028984,52203100,0.0,1.0
2008-05-23 00:00:00+00:00,28.05,28.33,27.95,28.25,48890700,20.4121307037,20.6158881581,20.3393601842,20.5576717426,48890700,0.0,1.0
2008-05-27 00:00:00+00:00,28.44,28.5,28.05,28.05,47334500,20.6959357295,20.7395980412,20.4121307037,20.4121307037,47334500,0.0,1.0
2008-05-28 00:00:00+00:00,28.18,28.57,28.04,28.56,52318500,20.5067323789,20.7905374048,20.4048536517,20.7832603528,52318500,0.0,1.0
2008-05-29 00:00:00+00:00,28.31,28.68,28.14,28.16,47699200,20.6013340542,20.8705849762,20.4776241712,20.4921782751,47699200,0.0,1.0
2008-05-30 00:00:00+00:00,28.32,28.7,28.2,28.33,63399200,20.6086111062,20.8851390801,20.5212864828,20.6158881581,63399200,0.0,1.0
2008-06-02 00:00:00+00:00,27.8,28.36,27.55,28.24,77028400,20.2302044051,20.6377193139,20.0482781065,20.5503946906,77028400,0.0,1.0
2008-06-03 00:00:00+00:00,27.31,28.31,27.27,27.95,86616700,19.8736288598,20.6013340542,19.844520652,20.3393601842,86616700,0.0,1.0
2008-06-04 00:00:00+00:00,27.54,27.64,27.2,27.25,79567400,20.0410010545,20.113771574,19.7935812884,19.8299665481,79567400,0.0,1.0
2008-06-05 00:00:00+00:00,28.3,28.3,27.6,27.71,76063400,20.5940570023,20.5940570023,20.0846633662,20.1647109376,76063400,0.0,1.0
2008-06-06 00:00:00+00:00,27.49,28.17,27.49,27.98,78500800,20.0046157948,20.499455327,20.0046157948,20.3611913401,78500800,0.0,1.0
2008-06-09 00:00:00+00:00,27.71,27.91,27.3,27.61,66787100,20.1647109376,20.3102519765,19.8663518079,20.0919404181,66787100,0.0,1.0
2008-06-10 00:00:00+00:00,27.89,28.29,27.32,27.35,77433900,20.2956978726,20.5867799503,19.8809059117,19.9027370676,77433900,0.0,1.0
2008-06-11 00:00:00+00:00,27.12,27.94,27.11,27.85,59330800,19.7353648729,20.3320831323,19.7280878209,20.2665896648,59330800,0.0,1.0
2008-06-12 00:00:00+00:00,28.24,28.55,27.19,27.4,113996300,20.5503946906,20.7759833009,19.7863042365,19.9391223273,113996300,0.0,1.0
2008-06-13 00:00:00+00:00,29.07,29.57,28.5,28.61,131969100,21.154390002,21.5182425992,20.7395980412,20.8196456126,131969100,0.0,1.0
2008-06-16 00:00:00+00:00,28.93,29.11,28.64,29.01,74718900,21.0525112748,21.1834982098,20.8414767684,21.1107276903,74718900,0.0,1.0
2008-06-17 00:00:00+00:00,28.8,29.12,28.79,29.0,44256700,20.9579095995,21.1907752617,20.9506325475,21.1034506384,44256700,0.0,1.0
2008-06-18 00:00:00+00:00,28.46,28.86,28.46,28.56,49677800,20.7104898334,21.0015719112,20.7104898334,20.7832603528,49677800,0.0,1.0
2008-06-19 00:00:00+00:00,28.93,29.19,28.33,28.51,62037800,21.0525112748,21.2417146253,20.6158881581,20.7468750931,62037800,0.0,1.0
2008-06-20 00:00:00+00:00,28.23,28.92,28.1,28.31,97480400,20.5431176387,21.0452342228,20.4485159634,20.6013340542,97480400,0.0,1.0
2008-06-23 00:00:00+00:00,27.97,28.41,27.79,28.28,57145300,20.3539142881,20.6741045737,20.2229273531,20.5795028984,57145300,0.0,1.0
2008-06-24 00:00:00+00:00,27.73,28.01,27.51,27.9,65218300,20.1792650415,20.3830224959,20.0191698987,20.3029749245,65218300,0.0,1.0
2008-06-25 00:00:00+00:00,28.35,28.67,27.76,27.8,64280200,20.630442262,20.8633079242,20.2010961973,20.2302044051,64280200,0.0,1.0
2008-06-26 00:00:00+00:00,27.75,28.2,27.745,27.95,67049100,20.1938191453,20.5212864828,20.1901806194,20.3393601842,67049100,0.0,1.0
2008-06-27 00:00:00+00:00,27.63,27.91,27.46,27.68,73450200,20.106494522,20.3102519765,19.982784639,20.1428797817,73450200,0.0,1.0
2008-06-30 00:00:00+00:00,27.51,27.98,27.49,27.65,57830500,20.0191698987,20.3611913401,20.0046157948,20.1210486259,57830500,0.0,1.0
2008-07-01 00:00:00+00:00,26.87,27.38,26.44,27.22,42251946,19.5534385742,19.9245682234,19.2405253406,19.8081353923,42251946,0.0,1.0
2008-07-02 00:00:00+00:00,25.88,27.0,25.8788,26.88,84669000,18.8330104318,19.6480402495,18.8321371855,19.5607156262,84669000,0.0,1.0
2008-07-03 00:00:00+00:00,25.98,26.1,25.6,25.85,37074500,18.9057809512,18.9931055745,18.6292529773,18.8111792759,37074500,0.0,1.0
2008-07-07 00:00:00+00:00,26.03,26.39,25.45,26.1,71527600,18.9421662109,19.2041400809,18.5200971982,18.9931055745,71527600,0.0,1.0
2008-07-08 00:00:00+00:00,25.85,26.2,25.51,25.9,65553200,18.8111792759,19.065876094,18.5637595098,18.8475645357,65553200,0.0,1.0
2008-07-09 00:00:00+00:00,25.23,25.85,25.18,25.75,54255800,18.3600020554,18.8111792759,18.3236167957,18.7384087565,54255800,0.0,1.0
2008-07-10 00:00:00+00:00,25.45,25.67,24.98,25.18,57830600,18.5200971982,18.6801923409,18.1780757568,18.3236167957,57830600,0.0,1.0
2008-07-11 00:00:00+00:00,25.25,25.64,24.87,25.11,69532600,18.3745561593,18.6583611851,18.0980281854,18.2726774321,69532600,0.0,1.0
2008-07-14 00:00:00+00:00,25.15,25.81,25.07,25.11,51216200,18.3017856398,18.7820710682,18.2435692243,18.2726774321,51216200,0.0,1.0
2008-07-15 00:00:00+00:00,26.15,26.64,24.93,24.93,92719300,19.0294908343,19.3860663795,18.1416904971,18.1416904971,92719300,0.0,1.0
2008-07-16 00:00:00+00:00,27.26,27.29,25.92,26.07,82060400,19.8372436001,19.8590747559,18.8621186395,18.9712744187,82060400,0.0,1.0
2008-07-17 00:00:00+00:00,27.52,27.91,27.11,27.58,96526100,20.0264469506,20.3102519765,19.7280878209,20.0701092623,96526100,0.0,1.0
2008-07-18 00:00:00+00:00,25.86,26.47,25.11,26.28,150277000,18.8184563279,19.2623564965,18.2726774321,19.1240925095,150277000,0.0,1.0
2008-07-21 00:00:00+00:00,25.64,26.17,25.53,25.67,77575600,18.6583611851,19.0440449382,18.5783136137,18.6801923409,77575600,0.0,1.0
2008-07-22 00:00:00+00:00,25.8,25.94,25.48,25.56,88657200,18.7747940162,18.8766727434,18.541928354,18.6001447696,88657200,0.0,1.0
2008-07-23 00:00:00+00:00,26.43,26.84,25.85,25.92,79408800,19.2332482887,19.5316074184,18.8111792759,18.8621186395,79408800,0.0,1.0
2008-07-24 00:00:00+00:00,25.44,26.17,25.44,26.08,81092600,18.5128201462,19.0440449382,18.5128201462,18.9785514707,81092600,0.0,1.0
2008-07-25 00:00:00+00:00,26.16,26.22,25.5,25.66,58682300,19.0367678862,19.0804301979,18.5564824579,18.672915289,58682300,0.0,1.0
2008-07-28 00:00:00+00:00,25.5,26.11,25.34,25.93,59707800,18.5564824579,19.0003826265,18.4400496268,18.8693956915,59707800,0.0,1.0
2008-07-29 00:00:00+00:00,26.11,26.19,25.4,25.52,66368200,19.0003826265,19.058599042,18.4837119384,18.5710365618,66368200,0.0,1.0
2008-07-30 00:00:00+00:00,26.23,26.49,25.9,26.18,51977700,19.0877072498,19.2769106004,18.8475645357,19.0513219901,51977700,0.0,1.0
2008-07-31 00:00:00+00:00,25.72,26.28,25.71,25.85,60461000,18.7165776007,19.1240925095,18.7093005487,18.8111792759,60461000,0.0,1.0
2008-08-01 00:00:00+00:00,25.44,25.95,25.07,25.95,82720200,18.5128201462,18.8839497954,18.2435692243,18.8839497954,82720200,0.0,1.0
2008-08-04 00:00:00+00:00,25.28,25.545,25.11,25.36,60588300,18.3963873151,18.5892291916,18.2726774321,18.4546037307,60588300,0.0,1.0
2008-08-05 00:00:00+00:00,26.21,26.28,25.5,25.67,84297600,19.0731531459,19.1240925095,18.5564824579,18.6801923409,84297600,0.0,1.0
2008-08-06 00:00:00+00:00,27.02,27.16,26.38,26.73,95550000,19.6625943534,19.7644730806,19.196863029,19.451559847,95550000,0.0,1.0
2008-08-07 00:00:00+00:00,27.39,27.75,26.73,26.9,82565800,19.9318452754,20.1938191453,19.451559847,19.5752697301,82565800,0.0,1.0
2008-08-08 00:00:00+00:00,28.13,28.23,27.19,27.35,80814100,20.4703471192,20.5431176387,19.7863042365,19.9027370676,80814100,0.0,1.0
2008-08-11 00:00:00+00:00,27.9,28.4,27.66,27.86,68743800,20.3029749245,20.6668275217,20.1283256778,20.2738667167,68743800,0.0,1.0
2008-08-12 00:00:00+00:00,28.12,28.36,27.58,27.78,62813000,20.4630700673,20.6377193139,20.0701092623,20.2156503012,62813000,0.0,1.0
2008-08-13 00:00:00+00:00,27.91,28.5,27.76,28.07,51165200,20.3102519765,20.7395980412,20.2010961973,20.4266848076,51165200,0.0,1.0
2008-08-14 00:00:00+00:00,27.91,28.28,27.56,27.82,49732300,20.3102519765,20.5795028984,20.0555551584,20.244758509,49732300,0.0,1.0
2008-08-15 00:00:00+00:00,27.81,28.15,27.58,27.98,47267400,20.237481457,20.4849012231,20.0701092623,20.3611913401,47267400,0.0,1.0
2008-08-18 00:00:00+00:00,27.69,28.05,27.55,27.78,38078200,20.1501568337,20.4121307037,20.0482781065,20.2156503012,38078200,0.0,1.0
2008-08-19 00:00:00+00:00,27.32,27.75,27.27,27.54,40332900,19.9609534831,20.2751266163,19.9244217235,20.1216932257,40332900,0.11,1.0
2008-08-20 00:00:00+00:00,27.29,27.58,27.17,27.535,41497200,19.9390344273,20.1509186334,19.8513582041,20.1180400497,41497200,0.0,1.0
2008-08-21 00:00:00+00:00,27.18,27.23,26.86,27.1,43614200,19.8586645561,19.8951963157,19.6248612942,19.8002137406,43614200,0.0,1.0
2008-08-22 00:00:00+00:00,27.84,27.88,27.22,27.23,47930400,20.3408837837,20.3701091914,19.8878899638,19.8951963157,47930400,0.0,1.0
2008-08-25 00:00:00+00:00,27.66,27.84,27.46,27.61,51381300,20.2093694489,20.3408837837,20.0632424102,20.1728376892,51381300,0.0,1.0
2008-08-26 00:00:00+00:00,27.27,27.72,27.17,27.58,44774400,19.9244217235,20.2532075605,19.8513582041,20.1509186334,44774400,0.0,1.0
2008-08-27 00:00:00+00:00,27.56,27.79,27.13,27.34,33975300,20.1363059295,20.304352024,19.8221327964,19.975566187,33975300,0.0,1.0
2008-08-28 00:00:00+00:00,27.94,28.01,27.6,27.61,48372600,20.413947303,20.4650917666,20.1655313373,20.1728376892,48372600,0.0,1.0
2008-08-29 00:00:00+00:00,27.29,27.78,27.2879,27.68,50735500,19.9390344273,20.2970456721,19.9375000934,20.2239821527,50735500,0.0,1.0
2008-09-02 00:00:00+00:00,27.1,27.76,27.06,27.665,66079200,19.8002137406,20.2824329682,19.7709883329,20.2130226248,66079200,0.0,1.0
2008-09-03 00:00:00+00:00,26.9,27.18,26.84,27.01,57127700,19.6540867019,19.8586645561,19.6102485903,19.7344565732,57127700,0.0,1.0
2008-09-04 00:00:00+00:00,26.35,26.89,26.35,26.695,66141900,19.2522373456,19.64678035,19.2522373456,19.5043064873,66141900,0.0,1.0
2008-09-05 00:00:00+00:00,25.65,26.22,25.63,26.03,82305200,18.7407927102,19.1572547704,18.7261800063,19.0184340837,82305200,0.0,1.0
2008-09-08 00:00:00+00:00,26.12,26.33,25.67,26.21,62110800,19.0841912511,19.2376246417,18.7554054141,19.1499484185,62110800,0.0,1.0
2008-09-09 00:00:00+00:00,26.1,26.6,26.05,26.2,85735700,19.0695785472,19.4348961439,19.0330467875,19.1426420665,85735700,0.0,1.0
2008-09-10 00:00:00+00:00,26.44,26.86,26.25,26.52,75064900,19.317994513,19.6248612942,19.1791738262,19.3764453284,75064900,0.0,1.0
2008-09-11 00:00:00+00:00,27.34,27.46,26.03,26.1,72913300,19.975566187,20.0632424102,19.0184340837,19.0695785472,72913300,0.0,1.0
2008-09-12 00:00:00+00:00,27.62,27.74,26.94,27.14,75628500,20.1801440411,20.2678202643,19.6833121096,19.8294391483,75628500,0.0,1.0
2008-09-15 00:00:00+00:00,26.82,27.49,26.73,26.92,82349400,19.5956358864,20.085161466,19.529878719,19.6686994058,82349400,0.0,1.0
2008-09-16 00:00:00+00:00,25.99,26.49,25.52,26.09,111729700,18.9892086759,19.3545262726,18.645810135,19.0622721953,111729700,0.0,1.0
2008-09-17 00:00:00+00:00,24.57,25.87,24.5,25.73,106972100,17.9517067013,18.9015324527,17.9005622378,18.7992435257,106972100,0.0,1.0
2008-09-18 00:00:00+00:00,25.26,25.35,24.01,24.8,132291300,18.4558449848,18.5216021522,17.542550993,18.1197527958,132291300,0.0,1.0
2008-09-19 00:00:00+00:00,25.16,26.4,23.5,26.37,134926100,18.3827814654,19.2887691052,17.1699270444,19.2668500494,134926100,0.0,1.0
2008-09-22 00:00:00+00:00,25.4,26.32,25.32,26.22,105207700,18.5581339118,19.2303182897,18.4996830964,19.1572547704,105207700,0.0,1.0
2008-09-23 00:00:00+00:00,25.44,26.17,25.34,25.66,92181300,18.5873593196,19.1207230107,18.5142958002,18.7480990621,92181300,0.0,1.0
2008-09-24 00:00:00+00:00,25.72,26.09,25.46,25.58,80250300,18.7919371737,19.0622721953,18.6019720234,18.6896482466,80250300,0.0,1.0
2008-09-25 00:00:00+00:00,26.61,26.88,25.74,25.82,96203500,19.4422024958,19.639473998,18.8065498776,18.8650006931,96203500,0.0,1.0
2008-09-26 00:00:00+00:00,27.4,27.56,26.14,26.17,100744300,20.0194042986,20.1363059295,19.0988039549,19.1207230107,100744300,0.0,1.0
2008-09-29 00:00:00+00:00,25.01,27.66,25.0089,26.94,134383100,18.2731861864,20.2093694489,18.2723824877,19.6833121096,134383100,0.0,1.0
2008-09-30 00:00:00+00:00,26.69,26.6911,25.54,25.77,107192700,19.5006533113,19.50145701,18.6604228389,18.8284689334,107192700,0.0,1.0
2008-10-01 00:00:00+00:00,26.48,26.99,26.28,26.38,88957000,19.3472199207,19.7198438693,19.201092882,19.2741564014,88957000,0.0,1.0
2008-10-02 00:00:00+00:00,26.25,26.53,25.7,26.18,93819800,19.1791738262,19.3837516804,18.7773244699,19.1280293627,93819800,0.0,1.0
2008-10-03 00:00:00+00:00,26.32,27.47,26.24,26.365,114289400,19.2303182897,20.0705487621,19.1718674743,19.2631968735,114289400,0.0,1.0
2008-10-06 00:00:00+00:00,24.91,25.99,24.14,25.63,146374600,18.2001226671,18.9892086759,17.6375335682,18.7261800063,146374600,0.0,1.0
2008-10-07 00:00:00+00:00,23.23,25.21,23.14,24.98,145941200,16.9726555422,18.4193132251,16.9068983748,18.2512671306,145941200,0.0,1.0
2008-10-08 00:00:00+00:00,23.01,24.3,22.5,22.9,171598600,16.8119157997,17.7544351991,16.439291851,16.7315459284,171598600,0.0,1.0
2008-10-09 00:00:00+00:00,22.3,23.91,22.07,23.765,131948700,16.2931648124,17.4694874737,16.1251187179,17.3635453707,131948700,0.0,1.0
2008-10-10 00:00:00+00:00,21.5,22.35,20.65,21.79,228467500,15.7086566577,16.329696572,15.0876167433,15.9205408637,228467500,0.0,1.0
2008-10-13 00:00:00+00:00,25.5,25.5,22.63,22.86,144935400,18.6311974312,18.6311974312,16.5342744262,16.7023205207,144935400,0.0,1.0
2008-10-14 00:00:00+00:00,24.1,25.73,23.6,25.64,165674900,17.6083081604,18.7992435257,17.2429905638,18.7334863583,165674900,0.0,1.0
2008-10-15 00:00:00+00:00,22.66,24.25,22.48,23.78,113280200,16.556193482,17.7179034395,16.4246791472,17.3745048986,113280200,0.0,1.0
2008-10-16 00:00:00+00:00,24.19,24.1902,21.31,22.935,161147800,17.6740653279,17.6742114549,15.5698359709,16.7571181602,161147800,0.0,1.0
2008-10-17 00:00:00+00:00,23.93,25.11,23.31,23.565,133673100,17.4841001776,18.3462497058,17.0311063577,17.217418332,133673100,0.0,1.0
2008-10-20 00:00:00+00:00,24.72,24.75,23.01,24.2,93484300,18.0613019803,18.0832210361,16.8119157997,17.6813716798,93484300,0.0,1.0
2008-10-21 00:00:00+00:00,23.36,25.01,23.27,24.3,100385600,17.0676381173,18.2731861864,17.0018809499,17.7544351991,100385600,0.0,1.0
2008-10-22 00:00:00+00:00,21.53,23.06,20.9,23.04,150054800,15.7305757135,16.8484475593,15.2702755416,16.8338348555,150054800,0.0,1.0
2008-10-23 00:00:00+00:00,22.32,22.59,20.89,21.55,154774100,16.3077775162,16.5050490184,15.2629691897,15.7451884173,154774100,0.0,1.0
2008-10-24 00:00:00+00:00,21.96,22.86,20.95,21.06,153919700,16.0447488466,16.7023205207,15.3068073013,15.3871771726,153919700,0.0,1.0
2008-10-27 00:00:00+00:00,21.18,21.96,21.02,21.67,117683900,15.4748533958,16.0447488466,15.3579517648,15.8328646405,117683900,0.0,1.0
2008-10-28 00:00:00+00:00,23.1,23.21,21.34,21.64,134088800,16.8776729671,16.9580428383,15.5917550267,15.8109455847,134088800,0.0,1.0
2008-10-29 00:00:00+00:00,23.0,23.97,22.7,23.13,111701800,16.8046094477,17.5133255853,16.5854188897,16.8995920229,111701800,0.0,1.0
2008-10-30 00:00:00+00:00,22.63,23.88,22.39,23.69,95323000,16.5342744262,17.4475684179,16.3589219798,17.3087477312,95323000,0.0,1.0
2008-10-31 00:00:00+00:00,22.33,22.91,22.12,22.53,93055200,16.3150838682,16.7388522803,16.1616504776,16.4612109068,93055200,0.0,1.0
2008-11-03 00:00:00+00:00,22.62,22.91,22.21,22.48,61923500,16.5269680742,16.7388522803,16.227407645,16.4246791472,61923500,0.0,1.0
2008-11-04 00:00:00+00:00,23.53,23.66,22.87,23.13,72123000,17.1918461002,17.2868286754,16.7096268726,16.8995920229,72123000,0.0,1.0
2008-11-05 00:00:00+00:00,22.08,23.34,22.05,23.33,81179700,16.1324250698,17.0530254135,16.110506014,17.0457190615,81179700,0.0,1.0
2008-11-06 00:00:00+00:00,20.88,22.08,20.86,21.87,95509700,15.2556628378,16.1324250698,15.2410501339,15.9789916792,95509700,0.0,1.0
2008-11-07 00:00:00+00:00,21.5,21.54,21.0,21.32,71256300,15.7086566577,15.7378820654,15.343339061,15.5771423229,71256300,0.0,1.0
2008-11-10 00:00:00+00:00,21.3,21.97,21.19,21.845,67106800,15.562529619,16.0520551985,15.4821597477,15.9607257994,67106800,0.0,1.0
2008-11-11 00:00:00+00:00,21.2,21.3,20.79,21.29,78014500,15.4894660996,15.562529619,15.1899056704,15.5552232671,78014500,0.0,1.0
2008-11-12 00:00:00+00:00,20.3,21.0,20.28,20.89,90162300,14.8318944256,15.343339061,14.8172817217,15.2629691897,90162300,0.0,1.0
2008-11-13 00:00:00+00:00,21.25,21.25,18.74,20.15,148413700,15.5259978593,15.5259978593,13.6921035239,14.7222991466,148413700,0.0,1.0
2008-11-14 00:00:00+00:00,20.06,21.34,19.65,20.56,96624500,14.6565419792,15.5917550267,14.3569815499,15.0218595759,96624500,0.0,1.0
2008-11-17 00:00:00+00:00,19.32,20.24,19.15,19.74,97289000,14.1158719361,14.788056314,13.9916639532,14.4227387173,97289000,0.0,1.0
2008-11-18 00:00:00+00:00,19.62,19.66,18.75,19.5,108966500,14.4300450692,14.4594641214,13.7901806854,14.3417879129,108966500,0.13,1.0
2008-11-19 00:00:00+00:00,18.29,19.95,18.25,19.63,103010500,13.451861586,14.6727522493,13.4224425338,14.4373998323,103010500,0.0,1.0
2008-11-20 00:00:00+00:00,17.53,18.84,17.5,18.115,139532800,12.8928995955,13.8563735527,12.8708353064,13.3231532329,139532800,0.0,1.0
2008-11-21 00:00:00+00:00,19.68,19.7,17.98,18.02,157231900,14.4741736474,14.4888831735,13.223863932,13.2532829841,157231900,0.0,1.0
2008-11-24 00:00:00+00:00,20.69,20.94,19.87,19.89,125289900,15.2170047137,15.4008737895,14.6139141451,14.6286236711,125289900,0.0,1.0
2008-11-25 00:00:00+00:00,19.99,20.93,19.55,20.86,92948100,14.7021713014,15.3935190265,14.378561728,15.3420356852,92948100,0.0,1.0
2008-11-26 00:00:00+00:00,20.49,20.6761,19.73,19.73,79678300,15.0699094531,15.2067815931,14.5109474626,14.5109474626,79678300,0.0,1.0
2008-11-28 00:00:00+00:00,20.22,20.31,20.02,20.23,28650800,14.8713308512,14.9375237185,14.7242355905,14.8786856142,28650800,0.0,1.0
2008-12-01 00:00:00+00:00,18.61,19.95,18.603,19.875,79639900,13.687214003,14.6727522493,13.6820656689,14.6175915266,79639900,0.0,1.0
2008-12-02 00:00:00+00:00,19.15,19.31,18.56,18.99,79689800,14.0843712067,14.2020474152,13.6504401878,13.9666949982,79689800,0.0,1.0
2008-12-03 00:00:00+00:00,19.87,19.9,18.6,18.65,80961500,14.6139141451,14.6359784341,13.67985924,13.7166330551,80961500,0.0,1.0
2008-12-04 00:00:00+00:00,19.11,19.92,18.79,19.4,78719200,14.0549521546,14.6506879602,13.8195997376,14.2682402825,78719200,0.0,1.0
2008-12-05 00:00:00+00:00,19.87,19.98,18.47,18.91,91996200,14.6139141451,14.6948165384,13.5842473205,13.907856894,91996200,0.0,1.0
2008-12-08 00:00:00+00:00,21.01,21.25,20.14,20.35,107225000,15.4523571307,15.6288714435,14.8124927469,14.9669427706,107225000,0.0,1.0
2008-12-09 00:00:00+00:00,20.6,21.25,20.46,20.62,80484900,15.1508118464,15.6288714435,15.047845164,15.1655213725,80484900,0.0,1.0
2008-12-10 00:00:00+00:00,20.61,20.96,20.3,20.82,61499000,15.1581666094,15.4155833156,14.9301689554,15.3126166331,61499000,0.0,1.0
2008-12-11 00:00:00+00:00,19.45,20.12,19.31,20.11,83564300,14.3050140977,14.7977832209,14.2020474152,14.7904284578,83564300,0.0,1.0
2008-12-12 00:00:00+00:00,19.36,19.85,18.7,19.15,78112600,14.2388212304,14.599204619,13.7534068703,14.0843712067,78112600,0.0,1.0
2008-12-15 00:00:00+00:00,19.04,19.44,18.89,19.34,59925900,14.0034688134,14.2976593347,13.8931473679,14.2241117043,59925900,0.0,1.0
2008-12-16 00:00:00+00:00,20.11,20.18,19.0,19.21,97688700,14.7904284578,14.8419117991,13.9740497612,14.1284997849,97688700,0.0,1.0
2008-12-17 00:00:00+00:00,19.66,20.05,19.5,19.81,78922700,14.4594641214,14.7462998796,14.3417879129,14.5697855669,78922700,0.0,1.0
2008-12-18 00:00:00+00:00,19.3,20.02,18.99,19.86,80759200,14.1946926522,14.7242355905,13.9666949982,14.606559382,80759200,0.0,1.0
2008-12-19 00:00:00+00:00,19.12,19.8,19.11,19.69,113530400,14.0623069176,14.5624308038,14.0549521546,14.4815284105,113530400,0.0,1.0
2008-12-22 00:00:00+00:00,19.18,19.29,18.89,19.24,58575400,14.1064354958,14.1873378892,13.8931473679,14.150564074,58575400,0.0,1.0
2008-12-23 00:00:00+00:00,19.28,19.57,19.01,19.28,47511400,14.1799831261,14.3932712541,13.9814045243,14.1799831261,47511400,0.0,1.0
2008-12-24 00:00:00+00:00,19.17,19.45,19.1,19.26,16880400,14.0990807328,14.3050140977,14.0475973916,14.1652736001,16880400,0.0,1.0
2008-12-26 00:00:00+00:00,19.13,19.33,19.09,19.2,23101000,14.0696616807,14.2167569413,14.0402426285,14.1211450219,23101000,0.0,1.0
2008-12-29 00:00:00+00:00,18.96,19.21,18.64,19.15,58512800,13.9446307091,14.1284997849,13.7092782921,14.0843712067,58512800,0.0,1.0
2008-12-30 00:00:00+00:00,19.34,19.49,19.0,19.01,43224100,14.2241117043,14.3344331498,13.9740497612,13.9814045243,43224100,0.0,1.0
2008-12-31 00:00:00+00:00,19.44,19.68,19.27,19.31,46419000,14.2976593347,14.4741736474,14.1726283631,14.2020474152,46419000,0.0,1.0
2009-01-02 00:00:00+00:00,20.33,20.4,19.37,19.5328,50084000,14.9522332445,15.0037165858,14.2461759934,14.3659115356,50084000,0.0,1.0
2009-01-05 00:00:00+00:00,20.52,20.67,20.06,20.2,61475200,15.0919737421,15.2022951876,14.7536546427,14.8566213251,61475200,0.0,1.0
2009-01-06 00:00:00+00:00,20.76,21.0,20.61,20.75,58083400,15.2684880549,15.4450023677,15.1581666094,15.2611332919,58083400,0.0,1.0
2009-01-07 00:00:00+00:00,19.51,20.29,19.48,20.19,72709900,14.3491426759,14.9228141924,14.3270783868,14.8492665621,72709900,0.0,1.0
2009-01-08 00:00:00+00:00,20.12,20.19,19.55,19.63,70255400,14.7977832209,14.8492665621,14.378561728,14.4373998323,70255400,0.0,1.0
2009-01-09 00:00:00+00:00,19.52,20.3,19.41,20.17,49815300,14.3564974389,14.9301689554,14.2755950456,14.834557036,49815300,0.0,1.0
2009-01-12 00:00:00+00:00,19.47,19.79,19.3,19.71,52163500,14.3197236238,14.5550760408,14.1946926522,14.4962379365,52163500,0.0,1.0
2009-01-13 00:00:00+00:00,19.82,19.99,19.52,19.52,65843500,14.5771403299,14.7021713014,14.3564974389,14.3564974389,65843500,0.0,1.0
2009-01-14 00:00:00+00:00,19.09,19.68,19.01,19.53,80257500,14.0402426285,14.4741736474,13.9814045243,14.363852202,80257500,0.0,1.0
2009-01-15 00:00:00+00:00,19.24,19.3,18.52,19.09,96169800,14.150564074,14.1946926522,13.6210211357,14.0402426285,96169800,0.0,1.0
2009-01-16 00:00:00+00:00,19.71,19.91,19.15,19.63,79634100,14.4962379365,14.6433331972,14.0843712067,14.4373998323,79634100,0.0,1.0
2009-01-20 00:00:00+00:00,18.48,19.62,18.37,19.46,89873000,13.5916020836,14.4300450692,13.5106996902,14.3123688607,89873000,0.0,1.0
2009-01-21 00:00:00+00:00,19.38,19.45,18.46,18.86,68340900,14.2535307565,14.3050140977,13.5768925575,13.8710830788,68340900,0.0,1.0
2009-01-22 00:00:00+00:00,17.11,18.18,17.07,18.04,222436600,12.5839995482,13.3709591926,12.554580496,13.2679925102,222436600,0.0,1.0
2009-01-23 00:00:00+00:00,17.2,17.49,16.75,16.98,117020600,12.6501924154,12.8634805434,12.319228079,12.4883876287,117020600,0.0,1.0
2009-01-26 00:00:00+00:00,17.63,17.81,17.23,17.29,92476500,12.9664472258,13.0988329604,12.6722567045,12.7163852827,92476500,0.0,1.0
2009-01-27 00:00:00+00:00,17.66,17.97,17.43,17.79,61695000,12.9885115149,13.2165091689,12.8193519652,13.0841234343,61695000,0.0,1.0
2009-01-28 00:00:00+00:00,18.04,18.31,17.76,17.8,64145500,13.2679925102,13.466571112,13.0620591453,13.0914781974,64145500,0.0,1.0
2009-01-29 00:00:00+00:00,17.59,17.96,17.56,17.78,49192800,12.9370281737,13.2091544059,12.9149638846,13.0767686713,49192800,0.0,1.0
2009-01-30 00:00:00+00:00,17.1,17.79,17.1,17.74,62370900,12.5766447851,13.0841234343,12.5766447851,13.0473496192,62370900,0.0,1.0
2009-02-02 00:00:00+00:00,17.83,18.13,17.0,17.01,88871700,13.1135424865,13.3341853774,12.5030971548,12.5104519178,88871700,0.0,1.0
2009-02-03 00:00:00+00:00,18.5,18.61,17.6,17.85,86865100,13.6063116096,13.687214003,12.9443829367,13.1282520125,86865100,0.0,1.0
2009-02-04 00:00:00+00:00,18.63,19.0,18.5,18.54,75618000,13.7019235291,13.9740497612,13.6063116096,13.6357306618,75618000,0.0,1.0
2009-02-05 00:00:00+00:00,19.04,19.14,18.25,18.52,75195200,14.0034688134,14.0770164437,13.4224425338,13.6210211357,75195200,0.0,1.0
2009-02-06 00:00:00+00:00,19.66,19.93,19.06,19.1,86746000,14.4594641214,14.6580427232,14.0181783394,14.0475973916,86746000,0.0,1.0
2009-02-09 00:00:00+00:00,19.44,19.77,19.26,19.69,52196400,14.2976593347,14.5403665147,14.1652736001,14.4815284105,52196400,0.0,1.0
2009-02-10 00:00:00+00:00,18.8,19.8,18.7,19.25,83953200,13.8269545006,14.5624308038,13.7534068703,14.1579188371,83953200,0.0,1.0
2009-02-11 00:00:00+00:00,19.21,19.49,18.92,18.96,58599000,14.1284997849,14.3344331498,13.915211657,13.9446307091,58599000,0.0,1.0
2009-02-12 00:00:00+00:00,19.26,19.32,18.54,18.97,75323200,14.1652736001,14.2094021783,13.6357306618,13.9519854722,75323200,0.0,1.0
2009-02-13 00:00:00+00:00,19.09,19.47,19.04,19.27,47416000,14.0402426285,14.3197236238,14.0034688134,14.1726283631,47416000,0.0,1.0
2009-02-17 00:00:00+00:00,18.09,18.5,17.89,18.49,75853300,13.4003782447,13.7040905211,13.2522259148,13.6966829046,75853300,0.13,1.0
2009-02-18 00:00:00+00:00,18.12,18.45,18.0,18.225,54946900,13.4226010942,13.6670524387,13.3337096963,13.5003810675,54946900,0.0,1.0
2009-02-19 00:00:00+00:00,17.91,18.38,17.81,18.3,49195600,13.2670411478,13.6151991232,13.1929649828,13.5559381912,49195600,0.0,1.0
2009-02-20 00:00:00+00:00,18.0,18.19,17.66,17.74,69413800,13.3337096963,13.4744544097,13.0818507353,13.1411116673,69413800,0.0,1.0
2009-02-23 00:00:00+00:00,17.21,18.15,17.16,18.02,70803400,12.7485079929,13.4448239437,12.7114699104,13.3485249292,70803400,0.0,1.0
2009-02-24 00:00:00+00:00,17.17,17.35,16.36,17.03,122674500,12.7188775269,12.8522146239,12.1188605906,12.615170896,122674500,0.0,1.0
2009-02-25 00:00:00+00:00,16.96,17.24,16.46,17.02,105894600,12.5633175805,12.7707308424,12.1929367556,12.6077632795,105894600,0.0,1.0
2009-02-26 00:00:00+00:00,16.42,17.08,16.42,17.05,83219500,12.1633062896,12.6522089784,12.1633062896,12.6299861289,83219500,0.0,1.0
2009-02-27 00:00:00+00:00,16.15,16.52,16.1,16.29,93428000,11.9633006441,12.2373824546,11.9262625616,12.0670072751,93428000,0.0,1.0
2009-03-02 00:00:00+00:00,15.79,16.25,15.72,16.035,80602100,11.6966264502,12.0373768091,11.6447731347,11.8781130544,80602100,0.0,1.0
2009-03-03 00:00:00+00:00,15.88,16.24,15.64,16.01,80476600,11.7632949987,12.0299691926,11.5855122027,11.8595940132,80476600,0.0,1.0
2009-03-04 00:00:00+00:00,16.12,16.4,15.89,16.1,69285100,11.9410777946,12.1484910566,11.7707026152,11.9262625616,69285100,0.0,1.0
2009-03-05 00:00:00+00:00,15.27,15.88,15.2675,15.86,89708500,11.3114303923,11.7632949987,11.3095784882,11.7484797657,89708500,0.0,1.0
2009-03-06 00:00:00+00:00,15.28,15.62,14.87,15.3599,92821400,11.3188380088,11.5706969697,11.0151257324,11.3780248646,92821400,0.0,1.0
2009-03-09 00:00:00+00:00,15.15,15.74,15.1,15.2,66479100,11.2225389943,11.6595883677,11.1855009119,11.2595770768,66479100,0.0,1.0
2009-03-10 00:00:00+00:00,16.48,16.62,15.25,15.37,95184200,12.2077519886,12.3114586195,11.2966151593,11.3855065573,95184200,0.0,1.0
2009-03-11 00:00:00+00:00,17.11,17.2,16.43,16.63,84522200,12.6744318279,12.7411003764,12.1707139061,12.318866236,84522200,0.0,1.0
2009-03-12 00:00:00+00:00,17.01,17.04,16.48,17.01,93694100,12.600355663,12.6225785125,12.2077519886,12.600355663,93694100,0.0,1.0
2009-03-13 00:00:00+00:00,16.65,17.05,16.18,16.99,82965800,12.333681469,12.6299861289,11.9855234936,12.58554043,82965800,0.0,1.0
2009-03-16 00:00:00+00:00,16.25,16.96,16.24,16.78,67028900,12.0373768091,12.5633175805,12.0299691926,12.4299804835,67028900,0.0,1.0
2009-03-17 00:00:00+00:00,16.9,16.9,16.26,16.3229,62481000,12.5188718815,12.5188718815,12.0447844256,12.0913783334,62481000,0.0,1.0
2009-03-18 00:00:00+00:00,16.96,17.22,16.6,17.03,70710700,12.5633175805,12.7559156094,12.2966433865,12.615170896,70710700,0.0,1.0
2009-03-19 00:00:00+00:00,17.14,17.45,16.92,17.37,58994600,12.6966546774,12.9262907889,12.5336871145,12.8670298569,58994600,0.0,1.0
2009-03-20 00:00:00+00:00,17.06,17.65,16.88,17.32,81725500,12.6373937454,13.0744431188,12.5040566485,12.8299917744,81725500,0.0,1.0
2009-03-23 00:00:00+00:00,18.33,18.59,17.31,17.37,71600000,13.5781610407,13.7707590696,12.8225841579,12.8670298569,71600000,0.0,1.0
2009-03-24 00:00:00+00:00,17.87,18.2122,17.84,18.04,50044100,13.2374106818,13.4908993183,13.2151878323,13.3633401622,50044100,0.0,1.0
2009-03-25 00:00:00+00:00,17.88,18.31,17.52,17.98,73927100,13.2448182983,13.5633458077,12.9781441044,13.3188944633,73927100,0.0,1.0
2009-03-26 00:00:00+00:00,18.83,18.88,18.12,18.17,63775100,13.9485418656,13.9855799481,13.4226010942,13.4596391767,63775100,0.0,1.0
2009-03-27 00:00:00+00:00,18.13,18.615,18.05,18.5427,47670400,13.4300087107,13.7892781109,13.3707477787,13.7357210436,47670400,0.0,1.0
2009-03-30 00:00:00+00:00,17.48,17.76,17.27,17.74,49633000,12.9485136384,13.1559269003,12.7929536919,13.1411116673,49633000,0.0,1.0
2009-03-31 00:00:00+00:00,18.37,18.79,17.78,17.83,92423300,13.6077915067,13.9189113996,13.1707421333,13.2077802158,92423300,0.0,1.0
2009-04-01 00:00:00+00:00,19.31,19.36,18.18,18.23,96438900,14.3041074575,14.34114554,13.4670467932,13.5040848757,96438900,0.0,1.0
2009-04-02 00:00:00+00:00,19.29,19.89,19.0,19.5,99082300,14.2892922245,14.7337492144,14.074471346,14.4448521709,99082300,0.0,1.0
2009-04-03 00:00:00+00:00,18.75,19.15,18.4343,19.13,81858400,13.8892809336,14.1855855935,13.6554224808,14.1707703605,81858400,0.0,1.0
2009-04-06 00:00:00+00:00,18.76,18.76,18.265,18.54,47476100,13.8966885501,13.8966885501,13.5300115334,13.7337209871,47476100,0.0,1.0
2009-04-07 00:00:00+00:00,18.76,19.14,18.63,18.76,65815200,13.8966885501,14.178177977,13.8003895356,13.8966885501,65815200,0.0,1.0
2009-04-08 00:00:00+00:00,19.19,19.62,18.96,18.97,56408900,14.2152160595,14.5337435689,14.0448408801,14.0522484965,56408900,0.0,1.0
2009-04-09 00:00:00+00:00,19.67,19.7,19.22,19.45,55759600,14.5707816514,14.5930045009,14.237438909,14.4078140884,55759600,0.0,1.0
2009-04-13 00:00:00+00:00,19.59,19.85,19.37,19.69,44444700,14.5115207194,14.7041187484,14.3485531565,14.5855968844,44444700,0.0,1.0
2009-04-14 00:00:00+00:00,19.35,19.55,19.0,19.44,63796300,14.3337379235,14.4818902534,14.074471346,14.400406472,63796300,0.0,1.0
2009-04-15 00:00:00+00:00,18.83,19.25,18.51,19.21,72725500,13.9485418656,14.2596617585,13.7114981376,14.2300312925,72725500,0.0,1.0
2009-04-16 00:00:00+00:00,19.76,19.78,18.99,19.16,67688700,14.6374501999,14.6522654329,14.0670637295,14.19299321,67688700,0.0,1.0
2009-04-17 00:00:00+00:00,19.2,19.69,19.0,19.685,61398500,14.222623676,14.5855968844,14.074471346,14.5818930762,61398500,0.0,1.0
2009-04-20 00:00:00+00:00,18.61,18.95,18.57,18.89,62937200,13.7855743026,14.0374332636,13.7559438366,13.9929875646,62937200,0.0,1.0
2009-04-21 00:00:00+00:00,18.97,19.08,18.57,18.59,60928300,14.0522484965,14.133732278,13.7559438366,13.7707590696,60928300,0.0,1.0
2009-04-22 00:00:00+00:00,18.78,19.19,18.7,18.76,59401000,13.9115037831,14.2152160595,13.8522428511,13.8966885501,59401000,0.0,1.0
2009-04-23 00:00:00+00:00,18.92,18.94,18.47,18.92,86116300,14.0152104141,14.0300256471,13.6818676717,14.0152104141,86116300,0.0,1.0
2009-04-24 00:00:00+00:00,20.91,21.2,19.5,19.82,168478500,15.4893260971,15.7041469756,14.4448521709,14.6818958989,168478500,0.0,1.0
2009-04-27 00:00:00+00:00,20.4,20.82,20.28,20.55,68219600,15.1115376558,15.4226575487,15.0226462578,15.2226519032,68219600,0.0,1.0
2009-04-28 00:00:00+00:00,19.93,20.27,19.79,20.25,76685200,14.7633796803,15.0152386413,14.6596730494,15.0004234083,76685200,0.0,1.0
2009-04-29 00:00:00+00:00,20.25,20.89,20.06,20.11,79301600,15.0004234083,15.4745108641,14.8596786948,14.8967167773,79301600,0.0,1.0
2009-04-30 00:00:00+00:00,20.26,21.1,20.01,20.6,87439900,15.0078310248,15.6300708106,14.8226406123,15.2596899857,87439900,0.0,1.0
2009-05-01 00:00:00+00:00,20.24,20.35,19.8625,20.19,63224500,14.9930157918,15.0744995733,14.713378269,14.9559777093,63224500,0.0,1.0
2009-05-04 00:00:00+00:00,20.19,20.4,19.98,20.37,54313400,14.9559777093,15.1115376558,14.8004177628,15.0893148063,54313400,0.0,1.0
2009-05-05 00:00:00+00:00,19.79,20.24,19.64,20.14,66835500,14.6596730494,14.9930157918,14.5485588019,14.9189396268,66835500,0.0,1.0
2009-05-06 00:00:00+00:00,19.79,20.07,19.61,20.06,59639100,14.6596730494,14.8670863113,14.5263359524,14.8596786948,59639100,0.0,1.0
2009-05-07 00:00:00+00:00,19.32,19.99,19.14,19.96,68727200,14.311515074,14.8078253793,14.178177977,14.7856025298,68727200,0.0,1.0
2009-05-08 00:00:00+00:00,19.42,19.64,19.14,19.46,67597600,14.385591239,14.5485588019,14.178177977,14.4152217049,67597600,0.0,1.0
2009-05-11 00:00:00+00:00,19.32,19.73,19.01,19.2,63762600,14.311515074,14.6152273504,14.0818789625,14.222623676,63762600,0.0,1.0
2009-05-12 00:00:00+00:00,19.89,20.06,19.47,19.51,71966800,14.7337492144,14.8596786948,14.4226293214,14.4522597874,71966800,0.0,1.0
2009-05-13 00:00:00+00:00,19.75,20.0,19.67,19.9225,49281700,14.6300425834,14.8152329958,14.5707816514,14.757823968,49281700,0.0,1.0
2009-05-14 00:00:00+00:00,20.06,20.23,19.8,19.83,54539500,14.8596786948,14.9856081753,14.6670806659,14.6893035154,54539500,0.0,1.0
2009-05-15 00:00:00+00:00,20.22,20.5,19.975,20.13,61289900,14.9782005588,15.1856138207,14.7967139546,14.9115320103,61289900,0.0,1.0
2009-05-18 00:00:00+00:00,20.6,20.6,20.24,20.36,46073800,15.2596899857,15.2596899857,14.9930157918,15.0819071898,46073800,0.0,1.0
2009-05-19 00:00:00+00:00,20.31,20.74,20.25,20.51,51368300,15.1411681217,15.4617344581,15.0964379353,15.2902687433,51368300,0.13,1.0
2009-05-20 00:00:00+00:00,20.38,20.69,20.22,20.41,47450700,15.1933533393,15.4244593028,15.074072842,15.2157184325,47450700,0.0,1.0
2009-05-21 00:00:00+00:00,19.82,20.23,19.51,20.14,58232800,14.7758715989,15.0815278731,14.5447656354,15.0144325934,58232800,0.0,1.0
2009-05-22 00:00:00+00:00,19.75,20.17,19.47,19.93,37318700,14.7236863813,15.0367976866,14.5149455111,14.8578769407,37318700,0.0,1.0
2009-05-26 00:00:00+00:00,20.34,20.45,19.45,19.54,44991700,15.163533215,15.2455385569,14.5000354489,14.5671307286,44991700,0.0,1.0
2009-05-27 00:00:00+00:00,20.13,20.6,20.07,20.25,42892900,15.0069775623,15.357364023,14.9622473758,15.0964379353,42892900,0.0,1.0
2009-05-28 00:00:00+00:00,20.45,20.63,20.05,20.32,45480800,15.2455385569,15.3797291163,14.9473373137,15.1486231528,45480800,0.0,1.0
2009-05-29 00:00:00+00:00,20.89,20.94,20.3,20.56,46134900,15.5735599243,15.6108350797,15.1337130907,15.3275438987,46134900,0.0,1.0
2009-06-01 00:00:00+00:00,21.4,21.5,20.86,21.0,57317100,15.9537665094,16.0283168202,15.5511948311,15.6555652662,57317100,0.0,1.0
2009-06-02 00:00:00+00:00,21.4,21.98,21.2,21.36,48935700,15.9537665094,16.386158312,15.8046658878,15.9239463851,48935700,0.0,1.0
2009-06-03 00:00:00+00:00,21.73,21.76,21.29,21.31,56039600,16.199782535,16.2221476282,15.8717611675,15.8866712297,56039600,0.0,1.0
2009-06-04 00:00:00+00:00,21.83,21.9,21.58,21.77,42330000,16.2743328458,16.3265180633,16.0879570688,16.2296026593,42330000,0.0,1.0
2009-06-05 00:00:00+00:00,22.14,22.31,21.81,21.96,59579200,16.5054388092,16.6321743376,16.2594227836,16.3712482498,59579200,0.0,1.0
2009-06-08 00:00:00+00:00,22.05,22.32,21.63,21.98,49000600,16.4383435295,16.6396293687,16.1252322242,16.386158312,49000600,0.0,1.0
2009-06-09 00:00:00+00:00,22.08,22.32,21.88,22.06,50887700,16.4607086228,16.6396293687,16.3116080012,16.4457985606,50887700,0.0,1.0
2009-06-10 00:00:00+00:00,22.55,22.62,22.12,22.17,61297200,16.8110950835,16.863280301,16.4905287471,16.5278039025,61297200,0.0,1.0
2009-06-11 00:00:00+00:00,22.83,23.26,22.57,22.59,65124600,17.0198359537,17.3404022901,16.8260051456,16.8409152078,65124600,0.0,1.0
2009-06-12 00:00:00+00:00,23.33,23.38,22.74,22.9,50963500,17.3925875076,17.429862663,16.952740674,17.0720211712,50963500,0.0,1.0
2009-06-15 00:00:00+00:00,23.42,23.54,23.02,23.23,69089600,17.4596827874,17.5491431603,17.1614815442,17.3180371969,69089600,0.0,1.0
2009-06-16 00:00:00+00:00,23.45,24.11,23.44,23.47,105295600,17.4820478806,17.9740799318,17.4745928495,17.4969579428,105295600,0.0,1.0
2009-06-17 00:00:00+00:00,23.68,23.82,23.17,23.5,86483100,17.6535135954,17.7578840305,17.2733070104,17.519323036,86483100,0.0,1.0
2009-06-18 00:00:00+00:00,23.5,23.69,23.3,23.62,58852200,17.519323036,17.6609686265,17.3702224144,17.6087834089,58852200,0.0,1.0
2009-06-19 00:00:00+00:00,24.07,24.34,23.75,24.04,115459000,17.9442598075,18.1455456466,17.705698813,17.9218947143,115459000,0.0,1.0
2009-06-22 00:00:00+00:00,23.28,23.95,23.25,23.95,71291600,17.3553123522,17.8547994346,17.332947259,17.8547994346,71291600,0.0,1.0
2009-06-23 00:00:00+00:00,23.34,23.66,23.21,23.38,56752700,17.4000425387,17.6386035333,17.3031271347,17.429862663,56752700,0.0,1.0
2009-06-24 00:00:00+00:00,23.47,23.75,23.36,23.45,54287700,17.4969579428,17.705698813,17.4149526009,17.4820478806,54287700,0.0,1.0
2009-06-25 00:00:00+00:00,23.79,23.92,23.2,23.43,57724300,17.7355189373,17.8324343413,17.2956721036,17.4671378184,57724300,0.0,1.0
2009-06-26 00:00:00+00:00,23.35,23.69,23.32,23.57,65126400,17.4074975698,17.6609686265,17.3851324766,17.5715082535,65126400,0.0,1.0
2009-06-29 00:00:00+00:00,23.86,24.03,23.55,23.6,62854900,17.7877041548,17.9144396832,17.5565981914,17.5938733468,62854900,0.0,1.0
2009-06-30 00:00:00+00:00,23.77,24.24,23.63,23.97,66452400,17.7206088751,18.0709953358,17.61623844,17.8697094967,66452400,0.0,1.0
2009-07-01 00:00:00+00:00,24.04,24.3,23.96,24.05,54908400,17.9218947143,18.1157255223,17.8622544656,17.9293497453,54908400,0.0,1.0
2009-07-02 00:00:00+00:00,23.37,24.04,23.21,23.76,65422200,17.422407632,17.9218947143,17.3031271347,17.713153844,65422200,0.0,1.0
2009-07-06 00:00:00+00:00,23.2,23.28,22.87,23.21,49207700,17.2956721036,17.3553123522,17.049656078,17.3031271347,49207700,0.0,1.0
2009-07-07 00:00:00+00:00,22.53,23.14,22.46,23.08,52842500,16.7961850213,17.2509419171,16.7439998038,17.2062117307,52842500,0.0,1.0
2009-07-08 00:00:00+00:00,22.56,22.69,22.0,22.31,73023400,16.8185501146,16.9154655186,16.4010683741,16.6321743376,73023400,0.0,1.0
2009-07-09 00:00:00+00:00,22.44,22.81,22.37,22.65,46981200,16.7290897416,17.0049258915,16.676904524,16.8856453943,46981200,0.0,1.0
2009-07-10 00:00:00+00:00,22.39,22.54,22.15,22.19,43229200,16.6918145862,16.8036400524,16.5128938403,16.5427139646,43229200,0.0,1.0
2009-07-13 00:00:00+00:00,23.23,23.29,22.14,22.42,67584000,17.3180371969,17.3627673833,16.5054388092,16.7141796794,67584000,0.0,1.0
2009-07-14 00:00:00+00:00,23.11,23.22,22.86,23.2,45448700,17.2285768239,17.3105821658,17.0422010469,17.2956721036,45448700,0.0,1.0
2009-07-15 00:00:00+00:00,24.12,24.12,23.56,23.75,67238700,17.9815349629,17.9815349629,17.5640532225,17.705698813,67238700,0.0,1.0
2009-07-16 00:00:00+00:00,24.44,24.44,23.86,23.93,64555100,18.2200959574,18.2200959574,17.7877041548,17.8398893724,64555100,0.0,1.0
2009-07-17 00:00:00+00:00,24.29,24.45,24.1,24.4,52860100,18.1082704912,18.2275509885,17.9666249007,18.1902758331,52860100,0.0,1.0
2009-07-20 00:00:00+00:00,24.53,24.53,24.15,24.44,47798000,18.2871912371,18.2871912371,18.0039000561,18.2200959574,47798000,0.0,1.0
2009-07-21 00:00:00+00:00,24.83,24.83,24.37,24.69,52028400,18.5108421695,18.5108421695,18.1679107399,18.4064717344,52028400,0.0,1.0
2009-07-22 00:00:00+00:00,24.8,24.9,24.51,24.64,66192500,18.4884770763,18.5630273871,18.272281175,18.369196579,66192500,0.0,1.0
2009-07-23 00:00:00+00:00,25.56,25.72,24.84,24.93,106060500,19.0550594383,19.1743399356,18.5182972006,18.5853924803,106060500,0.0,1.0
2009-07-24 00:00:00+00:00,23.45,23.89,22.81,23.61,215135700,17.4820478806,17.8100692481,17.0049258915,17.6013283779,215135700,0.0,1.0
2009-07-27 00:00:00+00:00,23.11,23.45,22.9,23.44,80950000,17.2285768239,17.4820478806,17.0720211712,17.4745928495,80950000,0.0,1.0
2009-07-28 00:00:00+00:00,23.47,23.55,22.9,22.99,70288400,17.4969579428,17.5565981914,17.0720211712,17.139116451,70288400,0.0,1.0
2009-07-29 00:00:00+00:00,23.8,23.91,23.34,23.73,73626900,17.7429739684,17.8249793102,17.4000425387,17.6907887508,73626900,0.0,1.0
2009-07-30 00:00:00+00:00,23.81,24.43,23.71,24.2,67820000,17.7504289994,18.2126409264,17.6758786887,18.0411752115,67820000,0.0,1.0
2009-07-31 00:00:00+00:00,23.52,24.07,23.5,23.77,54258200,17.5342330981,17.9442598075,17.519323036,17.7206088751,54258200,0.0,1.0
2009-08-03 00:00:00+00:00,23.83,23.86,23.5,23.82,46902900,17.7653390616,17.7877041548,17.519323036,17.7578840305,46902900,0.0,1.0
2009-08-04 00:00:00+00:00,23.77,23.79,23.53,23.68,49218300,17.7206088751,17.7355189373,17.5416881292,17.6535135954,49218300,0.0,1.0
2009-08-05 00:00:00+00:00,23.81,24.25,23.79,23.84,53310300,17.7504289994,18.0784503669,17.7355189373,17.7727940927,53310300,0.0,1.0
2009-08-06 00:00:00+00:00,23.46,23.98,23.27,23.93,59686000,17.4895029117,17.8771645278,17.3478573212,17.8398893724,59686000,0.0,1.0
2009-08-07 00:00:00+00:00,23.56,23.82,23.5,23.75,46169700,17.5640532225,17.7578840305,17.519323036,17.705698813,46169700,0.0,1.0
2009-08-10 00:00:00+00:00,23.42,23.55,23.3,23.46,35261900,17.4596827874,17.5565981914,17.3702224144,17.4895029117,35261900,0.0,1.0
2009-08-11 00:00:00+00:00,23.13,23.4,23.05,23.32,33615800,17.2434868861,17.4447727252,17.1838466374,17.3851324766,33615800,0.0,1.0
2009-08-12 00:00:00+00:00,23.53,23.9,23.03,23.13,61972300,17.5416881292,17.8175242792,17.1689365753,17.2434868861,61972300,0.0,1.0
2009-08-13 00:00:00+00:00,23.62,23.85,23.4,23.63,38954500,17.6087834089,17.7802491238,17.4447727252,17.61623844,38954500,0.0,1.0
2009-08-14 00:00:00+00:00,23.692,23.8,23.51,23.66,46330200,17.6624596327,17.7429739684,17.5267780671,17.6386035333,46330200,0.0,1.0
2009-08-17 00:00:00+00:00,23.25,23.6,23.23,23.32,42474400,17.332947259,17.5938733468,17.3180371969,17.3851324766,42474400,0.0,1.0
2009-08-18 00:00:00+00:00,23.58,23.65,23.27,23.29,38878900,17.6758786887,17.728351611,17.4434986041,17.4584908676,38878900,0.13,1.0
2009-08-19 00:00:00+00:00,23.65,23.72,23.25,23.25,41821300,17.728351611,17.7808245333,17.4285063406,17.4285063406,41821300,0.0,1.0
2009-08-20 00:00:00+00:00,23.67,23.87,23.54,23.6,39505900,17.7433438745,17.8932665097,17.6458941616,17.6908709522,39505900,0.0,1.0
2009-08-21 00:00:00+00:00,24.41,24.42,23.77,23.93,69011400,18.2980576247,18.3055537564,17.8183051921,17.9382433002,69011400,0.0,1.0
2009-08-24 00:00:00+00:00,24.64,24.7326,24.28,24.41,54180900,18.4704686551,18.5398828352,18.2006079118,18.2980576247,54180900,0.0,1.0
2009-08-25 00:00:00+00:00,24.64,24.82,24.46,24.6,43980300,18.4704686551,18.6053990268,18.3355382835,18.4404841281,43980300,0.0,1.0
2009-08-26 00:00:00+00:00,24.55,24.75,24.42,24.59,41079000,18.4030034693,18.5529261045,18.3055537564,18.4329879964,41079000,0.0,1.0
2009-08-27 00:00:00+00:00,24.69,24.78,24.3,24.41,45495600,18.5079493139,18.5754144998,18.2156001753,18.2980576247,45495600,0.0,1.0
2009-08-28 00:00:00+00:00,24.68,25.49,24.61,25.07,55808000,18.5004531822,19.1076398547,18.4479802599,18.7928023208,55808000,0.0,1.0
2009-08-31 00:00:00+00:00,24.65,24.85,24.29,24.57,49592800,18.4779647869,18.6278874221,18.2081040436,18.4179957328,49592800,0.0,1.0
2009-09-01 00:00:00+00:00,24.0,24.74,23.9,24.35,62608500,17.9907162225,18.5454299727,17.915754905,18.2530808341,62608500,0.0,1.0
2009-09-02 00:00:00+00:00,23.86,24.14,23.78,23.82,40771300,17.8857703779,18.0956620672,17.8258013238,17.8557858509,40771300,0.0,1.0
2009-09-03 00:00:00+00:00,24.11,24.14,23.76,23.91,34120000,18.0731736719,18.0956620672,17.8108090603,17.9232510367,34120000,0.0,1.0
2009-09-04 00:00:00+00:00,24.62,24.8001,24.08,24.09,44999700,18.4554763916,18.5904817246,18.0506852766,18.0581814084,44999700,0.0,1.0
2009-09-08 00:00:00+00:00,24.82,24.84,24.41,24.62,53737100,18.6053990268,18.6203912903,18.2980576247,18.4554763916,53737100,0.0,1.0
2009-09-09 00:00:00+00:00,24.78,24.95,24.665,24.74,49900300,18.5754144998,18.7028487397,18.4892089845,18.5454299727,49900300,0.0,1.0
2009-09-10 00:00:00+00:00,25.0,25.05,24.65,24.8,46256000,18.7403293985,18.7778100573,18.4779647869,18.5904067633,46256000,0.0,1.0
2009-09-11 00:00:00+00:00,24.86,25.17,24.81,24.93,54303500,18.6353835539,18.8677636384,18.5979028951,18.6878564762,54303500,0.0,1.0
2009-09-14 00:00:00+00:00,25.0,25.09,24.64,24.65,42806800,18.7403293985,18.8077945843,18.4704686551,18.4779647869,42806800,0.0,1.0
2009-09-15 00:00:00+00:00,25.2,25.27,24.86,24.97,44716600,18.8902520337,18.942724956,18.6353835539,18.7178410032,44716600,0.0,1.0
2009-09-16 00:00:00+00:00,25.2,25.35,24.95,25.25,50055800,18.8902520337,19.0026940101,18.7028487397,18.9277326925,50055800,0.0,1.0
2009-09-17 00:00:00+00:00,25.3,25.38,25.06,25.06,42428800,18.9652133513,19.0251824053,18.785306189,18.785306189,42428800,0.0,1.0
2009-09-18 00:00:00+00:00,25.26,25.48,25.1,25.46,68016500,18.9352288242,19.1001437229,18.8152907161,19.0851514594,68016500,0.0,1.0
2009-09-21 00:00:00+00:00,25.3,25.37,25.1,25.11,28878700,18.9652133513,19.0176862736,18.8152907161,18.8227868478,28878700,0.0,1.0
2009-09-22 00:00:00+00:00,25.77,25.82,25.29,25.4,61376700,19.317531544,19.3550122028,18.9577172195,19.0401746689,61376700,0.0,1.0
2009-09-23 00:00:00+00:00,25.71,26.25,25.64,25.92,60599900,19.2725547534,19.6773458684,19.2200818311,19.4299735204,60599900,0.0,1.0
2009-09-24 00:00:00+00:00,25.94,26.11,25.66,25.92,56302900,19.4449657839,19.5724000238,19.2350740946,19.4299735204,56302900,0.0,1.0
2009-09-25 00:00:00+00:00,25.55,25.82,25.52,25.69,50158900,19.1526166453,19.3550122028,19.13012825,19.2575624899,50158900,0.0,1.0
2009-09-28 00:00:00+00:00,25.83,26.16,25.6,25.6,44358000,19.3625083345,19.6098806826,19.1900973041,19.1900973041,44358000,0.0,1.0
2009-09-29 00:00:00+00:00,25.75,25.96,25.69,25.91,39050300,19.3025392804,19.4599580474,19.2575624899,19.4224773886,39050300,0.0,1.0
2009-09-30 00:00:00+00:00,25.72,25.99,25.38,25.76,63533400,19.2800508852,19.4824464427,19.0251824053,19.3100354122,63533400,0.0,1.0
2009-10-01 00:00:00+00:00,24.88,25.47,24.8,25.405,75958100,18.6503758174,19.0926475912,18.5904067633,19.0439227347,75958100,0.0,1.0
2009-10-02 00:00:00+00:00,24.96,25.09,24.43,24.455,51219700,18.7103448714,18.8077945843,18.3130498882,18.3317902176,51219700,0.0,1.0
2009-10-05 00:00:00+00:00,24.64,25.06,24.52,24.98,60804900,18.4704686551,18.785306189,18.380515074,18.725337135,60804900,0.0,1.0
2009-10-06 00:00:00+00:00,25.11,25.21,24.655,24.68,48795300,18.8227868478,18.8977481654,18.4817128528,18.5004531822,48795300,0.0,1.0
2009-10-07 00:00:00+00:00,25.1,25.18,24.88,24.99,38472700,18.8152907161,18.8752597702,18.6503758174,18.7328332667,38472700,0.0,1.0
2009-10-08 00:00:00+00:00,25.67,25.9,25.22,25.44,60521300,19.2425702264,19.4149812568,18.9052442972,19.0701591959,60521300,0.0,1.0
2009-10-09 00:00:00+00:00,25.55,25.79,25.46,25.57,39520000,19.1526166453,19.3325238075,19.0851514594,19.1676089088,39520000,0.0,1.0
2009-10-12 00:00:00+00:00,25.72,25.89,25.55,25.66,29145800,19.2800508852,19.4074851251,19.1526166453,19.2350740946,29145800,0.0,1.0
2009-10-13 00:00:00+00:00,25.81,25.94,25.52,25.59,37749000,19.347516071,19.4449657839,19.13012825,19.1826011723,37749000,0.0,1.0
2009-10-14 00:00:00+00:00,25.96,26.2,25.82,26.14,45365500,19.4599580474,19.6398652096,19.3550122028,19.5948884191,45365500,0.0,1.0
2009-10-15 00:00:00+00:00,26.71,26.71,25.9,25.9,65620100,20.0221679293,20.0221679293,19.4149812568,19.4149812568,65620100,0.0,1.0
2009-10-16 00:00:00+00:00,26.5,26.63,26.1,26.45,56500900,19.8647491624,19.9621988753,19.564903892,19.8272685036,56500900,0.0,1.0
2009-10-19 00:00:00+00:00,26.36,26.58,26.25,26.49,48143200,19.7598033178,19.9247182165,19.6773458684,19.8572530306,48143200,0.0,1.0
2009-10-20 00:00:00+00:00,26.37,26.51,25.94,26.42,54604700,19.7672994495,19.8722452942,19.4449657839,19.8047801083,54604700,0.0,1.0
2009-10-21 00:00:00+00:00,26.58,26.75,26.39,26.46,61672700,19.9247182165,20.0521524564,19.782291713,19.8347646354,61672700,0.0,1.0
2009-10-22 00:00:00+00:00,26.59,26.72,26.13,26.56,61600000,19.9322143482,20.0296640611,19.5873922873,19.909725953,61600000,0.0,1.0
2009-10-23 00:00:00+00:00,28.02,29.35,27.88,29.2,281761000,21.0041611898,22.0011467138,20.8992153452,21.8887047374,281761000,0.0,1.0
2009-10-26 00:00:00+00:00,28.68,29.02,28.11,28.125,124149700,21.4989058859,21.7537743658,21.0716263757,21.0828705733,124149700,0.0,1.0
2009-10-27 00:00:00+00:00,28.59,28.88,28.44,28.73,69685800,21.4314407001,21.6488285211,21.3189987237,21.5363865447,69685800,0.0,1.0
2009-10-28 00:00:00+00:00,28.02,28.77,27.95,28.24,73542400,21.0041611898,21.5663710718,20.9516882675,21.1690760885,73542400,0.0,1.0
2009-10-29 00:00:00+00:00,28.22,28.41,27.85,28.07,65225500,21.154083825,21.2965103284,20.8767269499,21.0416418486,65225500,0.0,1.0
2009-10-30 00:00:00+00:00,27.73,28.4,27.66,28.03,73371800,20.7867733688,21.2890141967,20.7343004465,21.0116573216,73371800,0.0,1.0
2009-11-02 00:00:00+00:00,27.88,28.05,27.41,27.7,62428900,20.8992153452,21.0266495851,20.5468971525,20.7642849735,62428900,0.0,1.0
2009-11-03 00:00:00+00:00,27.53,27.74,27.43,27.64,50294800,20.6368507336,20.7942695006,20.561889416,20.719308183,50294800,0.0,1.0
2009-11-04 00:00:00+00:00,28.06,28.39,27.62,27.69,63898400,21.0341457169,21.2815180649,20.7043159194,20.7567888418,63898400,0.0,1.0
2009-11-05 00:00:00+00:00,28.47,28.74,28.28,28.52,52681700,21.341487119,21.5438826765,21.1990606156,21.3789677778,52681700,0.0,1.0
2009-11-06 00:00:00+00:00,28.52,28.63,28.2,28.38,38908500,21.3789677778,21.4614252271,21.1390915615,21.2740219332,38908500,0.0,1.0
2009-11-09 00:00:00+00:00,28.99,29.0,28.53,28.62,57518000,21.7312859705,21.7387821022,21.3864639096,21.4539290954,57518000,0.0,1.0
2009-11-10 00:00:00+00:00,29.01,29.28,28.81,28.9,65881100,21.746278234,21.9486737915,21.5963555988,21.6638207847,65881100,0.0,1.0
2009-11-11 00:00:00+00:00,29.12,29.3,29.02,29.08,49693400,21.8287356834,21.963666055,21.7537743658,21.7987511563,49693400,0.0,1.0
2009-11-12 00:00:00+00:00,29.36,29.49,29.0,29.01,55352400,22.0086428456,22.1060925585,21.7387821022,21.746278234,55352400,0.0,1.0
2009-11-13 00:00:00+00:00,29.63,29.79,29.37,29.47,53037600,22.2110384031,22.3309765112,22.0161389773,22.0911002949,53037600,0.0,1.0
2009-11-16 00:00:00+00:00,29.54,29.8,29.37,29.61,54129500,22.1435732173,22.338472643,22.0161389773,22.1960461396,54129500,0.0,1.0
2009-11-17 00:00:00+00:00,30.0,30.0,29.47,29.5,75648900,22.5858449911,22.5858449911,22.1868283962,22.2094142412,75648900,0.13,1.0
2009-11-18 00:00:00+00:00,30.11,30.14,29.81,30.0,59431200,22.668659756,22.691245601,22.4428013061,22.5858449911,59431200,0.0,1.0
2009-11-19 00:00:00+00:00,29.78,30.0,29.7,29.99,51967700,22.4202154611,22.5858449911,22.3599865411,22.5783163761,51967700,0.0,1.0
2009-11-20 00:00:00+00:00,29.62,29.77,29.43,29.66,42647100,22.2997576212,22.4126868461,22.1567139362,22.3298720812,42647100,0.0,1.0
2009-11-23 00:00:00+00:00,29.94,30.01,29.7,29.84,41832700,22.5406733011,22.5933736061,22.3599865411,22.4653871511,41832700,0.0,1.0
2009-11-24 00:00:00+00:00,29.91,29.99,29.75,29.95,37341400,22.5180874561,22.5783163761,22.3976296161,22.5482019161,37341400,0.0,1.0
2009-11-25 00:00:00+00:00,29.79,29.86,29.58,29.81,32033500,22.4277440761,22.4804443811,22.2696431612,22.4428013061,32033500,0.0,1.0
2009-11-27 00:00:00+00:00,29.22,29.39,28.75,29.11,29357900,21.9986130213,22.1265994762,21.6447681164,21.9157982563,29357900,0.0,1.0
2009-11-30 00:00:00+00:00,29.41,29.45,29.0,29.15,44172000,22.1416567062,22.1717711662,21.8329834914,21.9459127163,44172000,0.0,1.0
2009-12-01 00:00:00+00:00,30.01,30.05,29.41,29.52,49904200,22.5933736061,22.623488066,22.1416567062,22.2244714712,49904200,0.0,1.0
2009-12-02 00:00:00+00:00,29.78,29.99,29.65,29.9,36308600,22.4202154611,22.5783163761,22.3223434662,22.5105588411,36308600,0.0,1.0
2009-12-03 00:00:00+00:00,29.83,30.2,29.76,29.84,43095200,22.4578585361,22.736417291,22.4051582311,22.4653871511,43095200,0.0,1.0
2009-12-04 00:00:00+00:00,29.98,30.37,29.83,30.05,58810700,22.5707877611,22.8644037459,22.4578585361,22.623488066,58810700,0.0,1.0
2009-12-07 00:00:00+00:00,29.79,30.08,29.68,29.78,38082700,22.4277440761,22.646073911,22.3449293112,22.4202154611,38082700,0.0,1.0
2009-12-08 00:00:00+00:00,29.57,29.74,29.38,29.52,37402200,22.2621145462,22.3901010011,22.1190708612,22.2244714712,37402200,0.0,1.0
2009-12-09 00:00:00+00:00,29.71,29.81,29.25,29.47,44713300,22.3675151561,22.4428013061,22.0211988663,22.1868283962,44713300,0.0,1.0
2009-12-10 00:00:00+00:00,29.87,29.96,29.66,29.71,45940200,22.4879729961,22.5557305311,22.3298720812,22.3675151561,45940200,0.0,1.0
2009-12-11 00:00:00+00:00,29.85,30.0,29.79,29.97,43744200,22.4729157661,22.5858449911,22.4277440761,22.5632591461,43744200,0.0,1.0
2009-12-14 00:00:00+00:00,30.11,30.16,29.9,29.91,34651200,22.668659756,22.706302831,22.5105588411,22.5180874561,34651200,0.0,1.0
2009-12-15 00:00:00+00:00,30.02,30.21,29.88,29.89,49473200,22.6009022211,22.743945906,22.4955016111,22.5030302261,49473200,0.0,1.0
2009-12-16 00:00:00+00:00,30.1,30.41,30.04,30.07,55737800,22.661131141,22.8945182059,22.615959451,22.638545296,55737800,0.0,1.0
2009-12-17 00:00:00+00:00,29.6,29.96,29.57,29.95,43691200,22.2847003912,22.5557305311,22.2621145462,22.5482019161,43691200,0.0,1.0
2009-12-18 00:00:00+00:00,30.36,30.45,29.8,29.84,94118000,22.8568751309,22.9246326659,22.4352726911,22.4653871511,94118000,0.0,1.0
2009-12-21 00:00:00+00:00,30.52,30.84,30.37,30.4,40129100,22.9773329709,23.2182486508,22.8644037459,22.8869895909,40129100,0.0,1.0
2009-12-22 00:00:00+00:00,30.82,30.93,30.54,30.6,36321000,23.2031914208,23.2860061858,22.9923902009,23.0375618909,36321000,0.0,1.0
2009-12-23 00:00:00+00:00,30.92,30.95,30.69,30.71,28362700,23.2784775708,23.3010634158,23.1053194259,23.1203766558,28362700,0.0,1.0
2009-12-24 00:00:00+00:00,31.0,31.0,30.76,30.88,11083900,23.3387064908,23.3387064908,23.1580197308,23.2483631108,11083900,0.0,1.0
2009-12-28 00:00:00+00:00,31.17,31.18,30.89,31.0,25384000,23.4666929457,23.4742215607,23.2558917258,23.3387064908,25384000,0.0,1.0
2009-12-29 00:00:00+00:00,31.39,31.5,31.23,31.35,29716200,23.6323224756,23.7151372406,23.5118646357,23.6022080157,29716200,0.0,1.0
2009-12-30 00:00:00+00:00,30.96,31.29,30.8,31.15,42006200,23.3085920308,23.5570363257,23.1881341908,23.4516357157,42006200,0.0,1.0
2009-12-31 00:00:00+00:00,30.48,30.99,30.48,30.9799,31929700,22.9472185109,23.3311778758,22.9472185109,23.3235739746,31929700,0.0,1.0
2010-01-04 00:00:00+00:00,30.95,31.1,30.59,30.62,38409100,23.3010634158,23.4139926407,23.0300332759,23.0526191209,38409100,0.0,1.0
2010-01-05 00:00:00+00:00,30.96,31.1,30.64,30.85,49749600,23.3085920308,23.4139926407,23.0676763509,23.2257772658,49749600,0.0,1.0
2010-01-06 00:00:00+00:00,30.77,31.08,30.52,30.88,58182400,23.1655483458,23.3989354107,22.9773329709,23.2483631108,58182400,0.0,1.0
2010-01-07 00:00:00+00:00,30.452,30.7,30.19,30.63,50559700,22.9261383889,23.1128480408,22.728888676,23.0601477359,50559700,0.0,1.0
2010-01-08 00:00:00+00:00,30.66,30.88,30.24,30.28,51197400,23.0827335809,23.2483631108,22.766531751,22.796646211,51197400,0.0,1.0
2010-01-11 00:00:00+00:00,30.27,30.76,30.12,30.71,68754700,22.789117596,23.1580197308,22.676188371,23.1203766558,68754700,0.0,1.0
2010-01-12 00:00:00+00:00,30.07,30.4,29.91,30.15,65912100,22.638545296,22.8869895909,22.5180874561,22.698774216,65912100,0.0,1.0
2010-01-13 00:00:00+00:00,30.35,30.52,30.01,30.26,51863500,22.849346516,22.9773329709,22.5933736061,22.781588981,51863500,0.0,1.0
2010-01-14 00:00:00+00:00,30.96,31.1,30.26,30.31,63228100,23.3085920308,23.4139926407,22.781588981,22.819232056,63228100,0.0,1.0
2010-01-15 00:00:00+00:00,30.86,31.24,30.71,31.08,79913200,23.2333058808,23.5193932507,23.1203766558,23.3989354107,79913200,0.0,1.0
2010-01-19 00:00:00+00:00,31.1,31.24,30.68,30.75,46575700,23.4139926407,23.5193932507,23.0977908109,23.1504911158,46575700,0.0,1.0
2010-01-20 00:00:00+00:00,30.585,30.94,30.31,30.81,54849500,23.0262689684,23.2935348008,22.819232056,23.1956628058,54849500,0.0,1.0
2010-01-21 00:00:00+00:00,30.01,30.72,30.0,30.61,73086700,22.5933736061,23.1279052708,22.5858449911,23.0450905059,73086700,0.0,1.0
2010-01-22 00:00:00+00:00,28.96,30.2,28.84,30.0,102004600,21.8028690314,22.736417291,21.7125256514,22.5858449911,102004600,0.0,1.0
2010-01-25 00:00:00+00:00,29.32,29.66,29.1,29.24,63373000,22.0738991713,22.3298720812,21.9082696413,22.0136702513,63373000,0.0,1.0
2010-01-26 00:00:00+00:00,29.5,29.85,29.09,29.2,66639900,22.2094142412,22.4729157661,21.9007410263,21.9835557913,66639900,0.0,1.0
2010-01-27 00:00:00+00:00,29.67,29.82,29.02,29.35,63949500,22.3374006962,22.4503299211,21.8480407213,22.0964850162,63949500,0.0,1.0
2010-01-28 00:00:00+00:00,29.16,29.87,28.89,29.84,117513700,21.9534413313,22.4879729961,21.7501687264,22.4653871511,117513700,0.0,1.0
2010-01-29 00:00:00+00:00,28.18,29.92,27.66,29.9,193888500,21.2156370616,22.5256160711,20.8241490818,22.5105588411,193888500,0.0,1.0
2010-02-01 00:00:00+00:00,28.41,28.48,27.92,28.39,85931100,21.3887952065,21.4414955115,21.0198930717,21.3737379765,85931100,0.0,1.0
2010-02-02 00:00:00+00:00,28.46,28.5,28.14,28.37,54413700,21.4264382815,21.4565527415,21.1855226016,21.3586807465,54413700,0.0,1.0
2010-02-03 00:00:00+00:00,28.63,28.79,28.12,28.26,61397900,21.5544247365,21.6748825764,21.1704653716,21.2758659816,61397900,0.0,1.0
2010-02-04 00:00:00+00:00,27.84,28.5,27.81,28.38,77850000,20.9596641517,21.4565527415,20.9370783067,21.3662093615,77850000,0.0,1.0
2010-02-05 00:00:00+00:00,28.02,28.28,27.57,28.0,80960100,21.0951792216,21.2909232116,20.7563915468,21.0801219917,80960100,0.0,1.0
2010-02-08 00:00:00+00:00,27.72,28.08,27.57,28.01,52820600,20.8693207717,21.1403509116,20.7563915468,21.0876506066,52820600,0.0,1.0
2010-02-09 00:00:00+00:00,28.01,28.34,27.75,27.97,59195800,21.0876506066,21.3360949016,20.8919066167,21.0575361467,59195800,0.0,1.0
2010-02-10 00:00:00+00:00,27.99,28.24,27.84,28.03,48591300,21.0725933767,21.2608087516,20.9596641517,21.1027078366,48591300,0.0,1.0
2010-02-11 00:00:00+00:00,28.12,28.4,27.7,27.93,65993700,21.1704653716,21.3812665915,20.8542635417,21.0274216867,65993700,0.0,1.0
2010-02-12 00:00:00+00:00,27.93,28.06,27.58,27.81,81117200,21.0274216867,21.1252936816,20.7639201618,20.9370783067,81117200,0.0,1.0
2010-02-16 00:00:00+00:00,28.35,28.37,28.02,28.13,51935600,21.4414955115,21.456621787,21.1919119659,21.2751064811,51935600,0.13,1.0
2010-02-17 00:00:00+00:00,28.59,28.65,28.36,28.53,45882900,21.6230108174,21.6683896439,21.4490586493,21.5776319909,45882900,0.0,1.0
2010-02-18 00:00:00+00:00,28.969,29.03,28.51,28.59,42856500,21.909653738,21.9557888783,21.5625057155,21.6230108174,42856500,0.0,1.0
2010-02-19 00:00:00+00:00,28.77,28.92,28.69,28.79,44451800,21.7591472969,21.8725943631,21.6986421949,21.7742735724,44451800,0.0,1.0
2010-02-22 00:00:00+00:00,28.73,28.94,28.65,28.84,36707100,21.7288947459,21.8877206386,21.6683896439,21.8120892611,36707100,0.0,1.0
2010-02-23 00:00:00+00:00,28.33,28.83,28.09,28.68,52266200,21.426369236,21.8045261233,21.2448539301,21.6910790571,52266200,0.0,1.0
2010-02-24 00:00:00+00:00,28.63,28.79,28.38,28.52,43165900,21.6532633684,21.7742735724,21.4641849247,21.5700688532,43165900,0.0,1.0
2010-02-25 00:00:00+00:00,28.6,28.65,28.02,28.27,48735300,21.6305739552,21.6683896439,21.1919119659,21.3809904095,48735300,0.0,1.0
2010-02-26 00:00:00+00:00,28.67,28.85,28.51,28.65,40370600,21.6835159194,21.8196523988,21.5625057155,21.6683896439,40370600,0.0,1.0
2010-03-01 00:00:00+00:00,29.02,29.05,28.53,28.77,43805400,21.9482257405,21.9709151538,21.5776319909,21.7591472969,43805400,0.0,1.0
2010-03-02 00:00:00+00:00,28.46,29.3,28.24,29.08,93123900,21.5246900267,22.1599935974,21.3583009963,21.993604567,93123900,0.0,1.0
2010-03-03 00:00:00+00:00,28.46,28.61,28.35,28.51,48442100,21.5246900267,21.6381370929,21.4414955115,21.5625057155,48442100,0.0,1.0
2010-03-04 00:00:00+00:00,28.63,28.65,28.27,28.46,42890600,21.6532633684,21.6683896439,21.3809904095,21.5246900267,42890600,0.0,1.0
2010-03-05 00:00:00+00:00,28.5875,28.68,28.42,28.66,56001800,21.621120033,21.6910790571,21.4944374757,21.6759527817,56001800,0.0,1.0
2010-03-08 00:00:00+00:00,28.63,28.93,28.5,28.52,39414500,21.6532633684,21.8801575008,21.5549425777,21.5700688532,39414500,0.0,1.0
2010-03-09 00:00:00+00:00,28.8,29.11,28.55,28.56,50271600,21.7818367101,22.0162939802,21.5927582664,21.6003214042,50271600,0.0,1.0
2010-03-10 00:00:00+00:00,28.97,29.11,28.8,28.86,44891400,21.9104100518,22.0162939802,21.7818367101,21.8272155366,44891400,0.0,1.0
2010-03-11 00:00:00+00:00,29.18,29.19,28.85,28.89,35349700,22.0692359445,22.0767990822,21.8196523988,21.8499049498,35349700,0.0,1.0
2010-03-12 00:00:00+00:00,29.27,29.38,29.04,29.32,31700200,22.1373041842,22.2204986994,21.963352016,22.1751198729,31700200,0.0,1.0
2010-03-15 00:00:00+00:00,29.29,29.37,29.01,29.18,37512000,22.1524304597,22.2129355617,21.9406626028,22.0692359445,37512000,0.0,1.0
2010-03-16 00:00:00+00:00,29.37,29.49,29.2,29.42,36723500,22.2129355617,22.3036932146,22.08436222,22.2507512504,36723500,0.0,1.0
2010-03-17 00:00:00+00:00,29.63,29.87,29.4,29.5,50385700,22.4095771431,22.591092449,22.2356249749,22.3112563524,50385700,0.0,1.0
2010-03-18 00:00:00+00:00,29.61,29.72,29.5,29.6275,43845200,22.3944508676,22.4776453828,22.3112563524,22.4076863586,43845200,0.0,1.0
2010-03-19 00:00:00+00:00,29.59,29.9,29.35,29.76,81332100,22.3793245921,22.6137818622,22.1978092862,22.5078979338,81332100,0.0,1.0
2010-03-22 00:00:00+00:00,29.6,29.7,29.39,29.5,37718200,22.3868877298,22.4625191073,22.2280618372,22.3112563524,37718200,0.0,1.0
2010-03-23 00:00:00+00:00,29.88,29.9,29.41,29.59,42026600,22.5986555867,22.6137818622,22.2431881126,22.3793245921,42026600,0.0,1.0
2010-03-24 00:00:00+00:00,29.65,29.85,29.6,29.72,33987700,22.4247034186,22.5759661735,22.3868877298,22.4776453828,33987700,0.0,1.0
2010-03-25 00:00:00+00:00,30.01,30.57,29.8,29.86,73168700,22.6969763774,23.1205120912,22.5381504848,22.5835293112,73168700,0.0,1.0
2010-03-26 00:00:00+00:00,29.66,30.2,29.59,30.09,55595500,22.4322665563,22.8406759946,22.3793245921,22.7574814794,55595500,0.0,1.0
2010-03-29 00:00:00+00:00,29.59,29.82,29.55,29.71,33336000,22.3793245921,22.5532767603,22.3490720411,22.470082245,33336000,0.0,1.0
2010-03-30 00:00:00+00:00,29.77,29.86,29.5,29.63,34954800,22.5154610715,22.5835293112,22.3112563524,22.4095771431,34954800,0.0,1.0
2010-03-31 00:00:00+00:00,29.2875,29.72,29.17,29.64,63760000,22.1505396752,22.4776453828,22.0616728067,22.4171402808,63760000,0.0,1.0
2010-04-01 00:00:00+00:00,29.16,29.54,28.62,29.35,74768100,22.054109669,22.3415089034,21.6457002307,22.1978092862,74768100,0.0,1.0
2010-04-05 00:00:00+00:00,29.27,29.425,29.03,29.13,34331200,22.1373041842,22.2545328193,21.9557888783,22.0314202557,34331200,0.0,1.0
2010-04-06 00:00:00+00:00,29.32,29.58,28.98,29.15,47366800,22.1751198729,22.3717614543,21.9179731895,22.0465465312,47366800,0.0,1.0
2010-04-07 00:00:00+00:00,29.35,29.56,29.14,29.16,58318800,22.1978092862,22.3566351788,22.0389833935,22.054109669,58318800,0.0,1.0
2010-04-08 00:00:00+00:00,29.92,29.975,29.3,29.32,63713800,22.6289081377,22.6705053953,22.1599935974,22.1751198729,63713800,0.0,1.0
2010-04-09 00:00:00+00:00,30.34,30.41,29.895,29.95,54752500,22.9465599231,22.9995018873,22.6100002934,22.651597551,54752500,0.0,1.0
2010-04-12 00:00:00+00:00,30.32,30.49,30.205,30.25,37068800,22.9314336476,23.0600069893,22.8444575635,22.8784916834,37068800,0.0,1.0
2010-04-13 00:00:00+00:00,30.45,30.5,30.13,30.15,41374600,23.0297544383,23.067570127,22.7877340304,22.8028603059,41374600,0.0,1.0
2010-04-14 00:00:00+00:00,30.82,31.0,30.66,30.79,68941200,23.3095905349,23.4457270143,23.188580331,23.2869011217,68941200,0.0,1.0
2010-04-15 00:00:00+00:00,30.87,30.95,30.71,30.82,52745400,23.3474062236,23.4079113256,23.2263960197,23.3095905349,52745400,0.0,1.0
2010-04-16 00:00:00+00:00,30.67,30.98,30.6,30.79,88703100,23.1961434687,23.4306007389,23.1432015045,23.2869011217,88703100,0.0,1.0
2010-04-19 00:00:00+00:00,31.039,31.25,30.76,30.77,64970300,23.4752232516,23.634805458,23.2642117084,23.2717748462,64970300,0.0,1.0
2010-04-20 00:00:00+00:00,31.36,31.44,31.13,31.22,52199500,23.7179999732,23.7785050752,23.5440478051,23.6121160448,52199500,0.0,1.0
2010-04-21 00:00:00+00:00,31.332,31.5,31.23,31.33,55343100,23.6968231875,23.8238839017,23.6196791825,23.69531056,55343100,0.0,1.0
2010-04-22 00:00:00+00:00,31.39,31.53,30.9,31.04,84847600,23.7406893865,23.8465733149,23.3700956369,23.4759795653,84847600,0.0,1.0
2010-04-23 00:00:00+00:00,30.96,31.58,30.65,31.12,126766600,23.4154744634,23.8843890036,23.1810171932,23.5364846673,126766600,0.0,1.0
2010-04-26 00:00:00+00:00,31.11,31.275,30.86,31.0,63649300,23.5289215296,23.6537133024,23.3398430859,23.4457270143,63649300,0.0,1.0
2010-04-27 00:00:00+00:00,30.845,31.25,30.7493,30.95,68730900,23.3284983793,23.634805458,23.256119151,23.4079113256,68730900,0.0,1.0
2010-04-28 00:00:00+00:00,30.91,31.0,30.62,30.92,64557900,23.3776587746,23.4457270143,23.15832778,23.3852219124,64557900,0.0,1.0
2010-04-29 00:00:00+00:00,31.003,31.4333,30.67,30.93,52665200,23.4479959557,23.7734377729,23.1961434687,23.3927850501,52665200,0.0,1.0
2010-04-30 00:00:00+00:00,30.535,31.08,30.52,31.07,63214800,23.0940411091,23.5062321163,23.0826964025,23.4986689786,63214800,0.0,1.0
2010-05-03 00:00:00+00:00,30.86,31.0606,30.58,30.67,43989500,23.3398430859,23.4915596291,23.128075229,23.1961434687,43989500,0.0,1.0
2010-05-04 00:00:00+00:00,30.13,30.55,29.75,30.52,82085600,22.7877340304,23.1053858158,22.500334796,23.0826964025,82085600,0.0,1.0
2010-05-05 00:00:00+00:00,29.85,30.09,29.69,29.77,66833800,22.5759661735,22.7574814794,22.4549559695,22.5154610715,66833800,0.0,1.0
2010-05-06 00:00:00+00:00,28.98,29.88,27.91,29.59,128613000,21.9179731895,22.5986555867,21.1087174507,22.3793245921,128613000,0.0,1.0
2010-05-07 00:00:00+00:00,28.21,28.95,27.32,28.93,173718100,21.3356115831,21.8952837763,20.6624923236,21.8801575008,173718100,0.0,1.0
2010-05-10 00:00:00+00:00,28.94,29.48,28.71,29.01,86653300,21.8877206386,22.2961300769,21.7137684704,21.9406626028,86653300,0.0,1.0
2010-05-11 00:00:00+00:00,28.88,29.65,28.57,28.68,63789400,21.8423418121,22.4247034186,21.6078845419,21.6910790571,63789400,0.0,1.0
2010-05-12 00:00:00+00:00,29.44,29.58,28.92,28.98,47146800,22.2658775259,22.3717614543,21.8725943631,21.9179731895,47146800,0.0,1.0
2010-05-13 00:00:00+00:00,29.24,29.73,29.18,29.26,45188800,22.114614771,22.4852085205,22.0692359445,22.1297410464,45188800,0.0,1.0
2010-05-14 00:00:00+00:00,28.93,29.21,28.64,29.2,63334000,21.8801575008,22.0919253577,21.6608265062,22.08436222,63334000,0.0,1.0
2010-05-17 00:00:00+00:00,28.94,29.23,28.45,29.12,46053300,21.8877206386,22.1070516332,21.517126889,22.023857118,46053300,0.0,1.0
2010-05-18 00:00:00+00:00,28.5975,29.0,28.4,28.87,52690600,21.7270039614,22.0328040871,21.5769529681,21.9340363447,52690600,0.13,1.0
2010-05-19 00:00:00+00:00,28.24,28.69,27.79,28.52,61746700,21.4553926697,21.797281009,21.1135043304,21.6681231919,61746700,0.0,1.0
2010-05-20 00:00:00+00:00,27.11,27.84,27.04,27.65,87991100,20.5968730621,21.1514919236,20.5436904316,21.0071390693,87991100,0.0,1.0
2010-05-21 00:00:00+00:00,26.84,27.11,26.44,26.63,117596300,20.3917400586,20.5968730621,20.0878393125,20.2321921669,117596300,0.0,1.0
2010-05-24 00:00:00+00:00,26.27,26.86,26.26,26.85,73711700,19.9586814955,20.4069350959,19.9510839768,20.3993375772,73711700,0.0,1.0
2010-05-25 00:00:00+00:00,26.07,26.33,25.38,25.65,98373600,19.8067311225,20.0042666074,19.2825023356,19.4876353391,98373600,0.0,1.0
2010-05-26 00:00:00+00:00,25.01,26.605,24.56,26.23,176684100,19.0013941455,20.2131983703,18.6595058062,19.9282914209,176684100,0.0,1.0
2010-05-27 00:00:00+00:00,26.0,26.36,25.725,25.73,136433600,19.7535484919,20.0270591633,19.544616729,19.5484154883,136433600,0.0,1.0
2010-05-28 00:00:00+00:00,25.8,26.12,25.66,25.84,67496900,19.6015981189,19.8447187157,19.4952328578,19.6319881935,67496900,0.0,1.0
2010-06-01 00:00:00+00:00,25.89,26.31,25.52,25.53,76152400,19.6699757868,19.9890715701,19.3888675967,19.3964651153,76152400,0.0,1.0
2010-06-02 00:00:00+00:00,26.46,26.48,25.73,26.06,65718800,20.1030343498,20.1182293871,19.5484154883,19.7991336038,65718800,0.0,1.0
2010-06-03 00:00:00+00:00,26.86,26.93,26.41,26.55,67837000,20.4069350959,20.4601177264,20.0650467566,20.1714120177,67837000,0.0,1.0
2010-06-04 00:00:00+00:00,25.79,26.57,25.62,26.1,89832200,19.5940006002,20.186607055,19.4648427832,19.8295236784,89832200,0.0,1.0
2010-06-07 00:00:00+00:00,25.29,25.83,25.24,25.82,80456200,19.2141246677,19.6243906749,19.1761370745,19.6167931562,80456200,0.0,1.0
2010-06-08 00:00:00+00:00,25.11,25.26,24.65,25.25,87355000,19.077369332,19.1913321118,18.7278834741,19.1837345931,87355000,0.0,1.0
2010-06-09 00:00:00+00:00,24.79,25.52,24.75,25.22,87794000,18.8342487352,19.3888675967,18.8038586606,19.1609420372,87794000,0.0,1.0
2010-06-10 00:00:00+00:00,25.0,25.15,24.78,25.13,78930900,18.9937966268,19.1077594066,18.8266512165,19.0925643693,78930900,0.0,1.0
2010-06-11 00:00:00+00:00,25.66,25.72,24.77,25.04,68057700,19.4952328578,19.5408179697,18.8190536979,19.0241867014,68057700,0.0,1.0
2010-06-14 00:00:00+00:00,25.495,25.96,25.47,25.86,50972400,19.3698738001,19.7231584173,19.3508800034,19.6471832308,50972400,0.0,1.0
2010-06-15 00:00:00+00:00,26.5825,26.65,25.74,25.75,81641500,20.1961039533,20.2473872042,19.556013007,19.5636105256,81641500,0.0,1.0
2010-06-16 00:00:00+00:00,26.32,26.58,26.23,26.47,48698000,19.9966690887,20.1942045737,19.9282914209,20.1106318685,48698000,0.0,1.0
2010-06-17 00:00:00+00:00,26.37,26.67,26.04,26.56,47995500,20.034656682,20.2625822415,19.7839385665,20.1790095364,47995500,0.0,1.0
2010-06-18 00:00:00+00:00,26.44,26.53,26.17,26.37,52075600,20.0878393125,20.1562169804,19.882706309,20.034656682,52075600,0.0,1.0
2010-06-21 00:00:00+00:00,25.95,26.89,25.89,26.78,54625300,19.7155608987,20.4297276518,19.6699757868,20.3461549467,54625300,0.0,1.0
2010-06-22 00:00:00+00:00,25.77,26.45,25.76,26.16,55985400,19.5788055629,20.0954368312,19.5712080443,19.8751087903,55985400,0.0,1.0
2010-06-23 00:00:00+00:00,25.308,25.78,25.22,25.78,61466200,19.2278002013,19.5864030816,19.1609420372,19.5864030816,61466200,0.0,1.0
2010-06-24 00:00:00+00:00,25.0,25.72,24.93,25.46,85243400,18.9937966268,19.5408179697,18.9406139963,19.3432824848,85243400,0.0,1.0
2010-06-25 00:00:00+00:00,24.5325,25.11,24.31,25.05,156256700,18.6386126299,19.077369332,18.4695678399,19.0317842201,156256700,0.0,1.0
2010-06-28 00:00:00+00:00,24.31,24.61,24.12,24.51,73784800,18.4695678399,18.6974933995,18.3252149856,18.621518213,73784800,0.0,1.0
2010-06-29 00:00:00+00:00,23.31,24.2,23.11,24.13,119882100,17.7098159749,18.3859951348,17.5578656019,18.3328125042,119882100,0.0,1.0
2010-06-30 00:00:00+00:00,23.01,23.68,22.95,23.3,81050500,17.4818904153,17.9909241649,17.4363053034,17.7022184562,81050500,0.0,1.0
2010-07-01 00:00:00+00:00,23.16,23.32,22.73,23.09,92239400,17.5958531951,17.7174134935,17.2691598931,17.5426705645,92239400,0.0,1.0
2010-07-02 00:00:00+00:00,23.27,23.48,23.05,23.36,62485100,17.6794259003,17.8389737919,17.5122804899,17.7478035681,62485100,0.0,1.0
2010-07-06 00:00:00+00:00,23.82,24.09,23.584,23.7,73592000,18.0972894261,18.3024224296,17.9179879859,18.0061192022,73592000,0.0,1.0
2010-07-07 00:00:00+00:00,24.3,24.32,23.61,23.82,79965300,18.4619703213,18.4771653586,17.9377415344,18.0972894261,79965300,0.0,1.0
2010-07-08 00:00:00+00:00,24.4095,24.62,23.9719,24.6,50758100,18.5451631505,18.7050909181,18.2126957344,18.6898958808,50758100,0.0,1.0
2010-07-09 00:00:00+00:00,24.27,24.41,24.15,24.33,53806100,18.4391777653,18.5455430264,18.3480075415,18.4847628772,53806100,0.0,1.0
2010-07-12 00:00:00+00:00,24.83,24.89,24.42,24.43,49854200,18.8646388098,18.9102239217,18.5531405451,18.5607380637,49854200,0.0,1.0
2010-07-13 00:00:00+00:00,25.13,25.3,24.9,25.14,61928700,19.0925643693,19.2217221864,18.9178214403,19.100161888,61928700,0.0,1.0
2010-07-14 00:00:00+00:00,25.44,25.61,25.12,25.5,72808100,19.3280874475,19.4572452645,19.0849668506,19.3736725594,72808100,0.0,1.0
2010-07-15 00:00:00+00:00,25.51,25.59,24.98,25.5,56934700,19.381270078,19.4420502272,18.9786015895,19.3736725594,56934700,0.0,1.0
2010-07-16 00:00:00+00:00,24.89,25.64,24.88,25.51,65064800,18.9102239217,19.4800378205,18.902626403,19.381270078,65064800,0.0,1.0
2010-07-19 00:00:00+00:00,25.23,25.3,24.91,24.96,38181800,19.1685395558,19.2217221864,18.925418959,18.9634065522,38181800,0.0,1.0
2010-07-20 00:00:00+00:00,25.48,25.48,24.7,24.86,45530700,19.3584775221,19.3584775221,18.7658710673,18.8874313657,45530700,0.0,1.0
2010-07-21 00:00:00+00:00,25.12,25.65,24.975,25.6,73297300,19.0849668506,19.4876353391,18.9748028302,19.4496477459,73297300,0.0,1.0
2010-07-22 00:00:00+00:00,25.84,25.99,25.47,25.51,73016400,19.6319881935,19.7459509733,19.3508800034,19.381270078,73016400,0.0,1.0
2010-07-23 00:00:00+00:00,25.81,26.02,25.25,25.84,108520100,19.6091956375,19.7687435292,19.1837345931,19.6319881935,108520100,0.0,1.0
2010-07-26 00:00:00+00:00,26.1,26.2,25.8,25.86,67249900,19.8295236784,19.9054988649,19.6015981189,19.6471832308,67249900,0.0,1.0
2010-07-27 00:00:00+00:00,26.16,26.24,25.96,26.14,60672100,19.8751087903,19.9358889395,19.7231584173,19.859913753,60672100,0.0,1.0
2010-07-28 00:00:00+00:00,25.95,26.19,25.83,26.07,69704800,19.7155608987,19.8979013463,19.6243906749,19.8067311225,69704800,0.0,1.0
2010-07-29 00:00:00+00:00,26.03,26.41,25.6,26.13,69446200,19.7763410479,20.0650467566,19.4496477459,19.8523162344,69446200,0.0,1.0
2010-07-30 00:00:00+00:00,25.81,25.84,25.35,25.75,83534800,19.6091956375,19.6319881935,19.2597097796,19.5636105256,83534800,0.0,1.0
2010-08-02 00:00:00+00:00,26.33,26.38,25.75,25.99,55044600,20.0042666074,20.0422542006,19.5636105256,19.7459509733,55044600,0.0,1.0
2010-08-03 00:00:00+00:00,26.16,26.35,25.97,26.2,56877700,19.8751087903,20.0194616447,19.730755936,19.9054988649,56877700,0.0,1.0
2010-08-04 00:00:00+00:00,25.73,26.24,25.44,26.15,78531900,19.5484154883,19.9358889395,19.3280874475,19.8675112717,78531900,0.0,1.0
2010-08-05 00:00:00+00:00,25.37,25.58,25.21,25.49,64922100,19.2749048169,19.4344527086,19.1533445185,19.3660750407,64922100,0.0,1.0
2010-08-06 00:00:00+00:00,25.55,25.56,25.02,25.18,55982100,19.4116601526,19.4192576713,19.0089916641,19.1305519626,55982100,0.0,1.0
2010-08-09 00:00:00+00:00,25.61,25.73,25.37,25.55,57096500,19.4572452645,19.5484154883,19.2749048169,19.4116601526,57096500,0.0,1.0
2010-08-10 00:00:00+00:00,25.07,25.34,24.88,25.33,87257700,19.0469792574,19.252112261,18.902626403,19.2445147423,87257700,0.0,1.0
2010-08-11 00:00:00+00:00,24.86,24.9,24.56,24.68,76746900,18.8874313657,18.9178214403,18.6595058062,18.75067603,76746900,0.0,1.0
2010-08-12 00:00:00+00:00,24.49,24.6825,24.36,24.42,70240500,18.6063231757,18.7525754097,18.5075554332,18.5531405451,70240500,0.0,1.0
2010-08-13 00:00:00+00:00,24.4,24.67,24.24,24.35,45263500,18.5379455078,18.7430785114,18.4163852094,18.4999579145,45263500,0.0,1.0
2010-08-16 00:00:00+00:00,24.5,24.61,24.3,24.36,40909700,18.6139206943,18.6974933995,18.4619703213,18.5075554332,40909700,0.0,1.0
2010-08-17 00:00:00+00:00,24.71,24.96,24.6,24.71,52912600,18.8722363284,19.0631735636,18.7882239449,18.8722363284,52912600,0.13,1.0
2010-08-18 00:00:00+00:00,24.82,24.95,24.41,24.68,46818900,18.9562487119,19.0555360742,18.6431116462,18.8493238602,46818900,0.0,1.0
2010-08-19 00:00:00+00:00,24.44,24.74,24.21,24.62,54064600,18.6660241144,18.8951487967,18.490361858,18.8034989238,54064600,0.0,1.0
2010-08-20 00:00:00+00:00,24.23,24.4,24.2,24.31,49560100,18.5056368368,18.6354741568,18.4827243686,18.5667367521,49560100,0.0,1.0
2010-08-23 00:00:00+00:00,24.28,24.6403,24.24,24.44,51643000,18.5438242839,18.8190030273,18.5132743262,18.6660241144,51643000,0.0,1.0
2010-08-24 00:00:00+00:00,24.04,24.35,24.0,24.09,66522500,18.3605245381,18.5972867097,18.3299745804,18.3987119851,66522500,0.0,1.0
2010-08-25 00:00:00+00:00,24.1,24.22,23.87,24.0,47404800,18.4063494745,18.4979993474,18.2306872181,18.3299745804,47404800,0.0,1.0
2010-08-26 00:00:00+00:00,23.82,24.19,23.79,24.09,49105300,18.1924997711,18.4750868792,18.1695873028,18.3987119851,49105300,0.0,1.0
2010-08-27 00:00:00+00:00,23.93,24.02,23.51,23.88,60939400,18.2765121546,18.3452495592,17.9557375994,18.2383247075,60939400,0.0,1.0
2010-08-30 00:00:00+00:00,23.64,23.82,23.6,23.74,45453100,18.0550249617,18.1924997711,18.0244750041,18.1313998558,45453100,0.0,1.0
2010-08-31 00:00:00+00:00,23.465,23.73,23.32,23.6,66074600,17.9213688971,18.1237623664,17.8106253006,18.0244750041,66074600,0.0,1.0
2010-09-01 00:00:00+00:00,23.9,23.95,23.54,23.67,65235900,18.2535996863,18.2917871334,17.9786500676,18.0779374299,65235900,0.0,1.0
2010-09-02 00:00:00+00:00,23.94,23.9499,23.71,23.88,48837100,18.284149644,18.2917107585,18.1084873876,18.2383247075,48837100,0.0,1.0
2010-09-03 00:00:00+00:00,24.29,24.45,24.2,24.24,64189100,18.5514617733,18.6736616038,18.4827243686,18.5132743262,64189100,0.0,1.0
2010-09-07 00:00:00+00:00,23.96,24.3,23.92,24.1,51928700,18.2994246228,18.5590992627,18.2688746652,18.4063494745,51928700,0.0,1.0
2010-09-08 00:00:00+00:00,23.93,24.2,23.74,24.07,65512400,18.2765121546,18.4827243686,18.1313998558,18.3834370063,65512400,0.0,1.0
2010-09-09 00:00:00+00:00,24.01,24.21,23.99,24.19,46028900,18.3376120698,18.490361858,18.322337091,18.4750868792,46028900,0.0,1.0
2010-09-10 00:00:00+00:00,23.85,24.03,23.79,23.98,58284300,18.2154122393,18.3528870486,18.1695873028,18.3146996016,58284300,0.0,1.0
2010-09-13 00:00:00+00:00,25.11,25.29,24.09,24.2,114680400,19.1777359048,19.3152107141,18.3987119851,18.4827243686,114680400,0.0,1.0
2010-09-14 00:00:00+00:00,25.03,25.35,24.89,25.04,87160400,19.1166359895,19.3610356506,19.0097111378,19.1242734789,87160400,0.0,1.0
2010-09-15 00:00:00+00:00,25.115,25.22,24.92,25.1,56201900,19.1815546495,19.2617482883,19.032623606,19.1700984154,56201900,0.0,1.0
2010-09-16 00:00:00+00:00,25.33,25.37,25.05,25.06,44548300,19.3457606718,19.3763106294,19.1319109683,19.1395484577,44548300,0.0,1.0
2010-09-17 00:00:00+00:00,25.22,25.53,25.08,25.4,70341600,19.2617482883,19.4985104599,19.1548234365,19.3992230976,70341600,0.0,1.0
2010-09-20 00:00:00+00:00,25.43,25.52,25.11,25.28,49838700,19.4221355658,19.4908729705,19.1777359048,19.3075732247,49838700,0.0,1.0
2010-09-21 00:00:00+00:00,25.15,25.42,25.08,25.42,52675700,19.2082858624,19.4144980764,19.1548234365,19.4144980764,52675700,0.0,1.0
2010-09-22 00:00:00+00:00,24.61,24.97,24.36,24.89,94299400,18.7958614343,19.070811053,18.6049241991,19.0097111378,94299400,0.0,1.0
2010-09-23 00:00:00+00:00,24.43,24.59,24.36,24.51,46201800,18.658386625,18.7805864555,18.6049241991,18.7194865403,46201800,0.0,1.0
2010-09-24 00:00:00+00:00,24.775,24.8,24.58,24.64,51948800,18.9218800096,18.9409737331,18.7729489661,18.8187739026,51948800,0.0,1.0
2010-09-27 00:00:00+00:00,24.7325,24.99,24.59,24.84,43603300,18.8894206796,19.0860860319,18.7805864555,18.9715236907,43603300,0.0,1.0
2010-09-28 00:00:00+00:00,24.6775,24.9,24.35,24.8,56041200,18.8474144879,19.0173486272,18.5972867097,18.9409737331,56041200,0.0,1.0
2010-09-29 00:00:00+00:00,24.5,24.66,24.4,24.63,44318900,18.7118490508,18.8340488814,18.6354741568,18.8111364132,44318900,0.0,1.0
2010-09-30 00:00:00+00:00,24.49,24.83,24.36,24.61,61262700,18.7042115614,18.9638862013,18.6049241991,18.7958614343,61262700,0.0,1.0
2010-10-01 00:00:00+00:00,24.38,24.82,24.3,24.49,62672300,18.6201991779,18.9562487119,18.5590992627,18.7042115614,62672300,0.0,1.0
2010-10-04 00:00:00+00:00,23.91,23.99,23.78,23.96,98143400,18.2612371757,18.322337091,18.1619498134,18.2994246228,98143400,0.0,1.0
2010-10-05 00:00:00+00:00,24.35,24.45,23.91,23.91,78152900,18.5972867097,18.6736616038,18.2612371757,18.2612371757,78152900,0.0,1.0
2010-10-06 00:00:00+00:00,24.43,24.54,24.13,24.32,50489700,18.658386625,18.7423990085,18.4292619427,18.5743742415,50489700,0.0,1.0
2010-10-07 00:00:00+00:00,24.53,24.75,24.28,24.62,50096100,18.7347615191,18.9027862861,18.5438242839,18.8034989238,50096100,0.0,1.0
2010-10-08 00:00:00+00:00,24.57,24.65,24.37,24.62,41327800,18.7653114767,18.826411392,18.6125616885,18.8034989238,41327800,0.0,1.0
2010-10-11 00:00:00+00:00,24.59,24.74,24.5,24.74,27587800,18.7805864555,18.8951487967,18.7118490508,18.8951487967,27587800,0.0,1.0
2010-10-12 00:00:00+00:00,24.83,24.93,24.43,24.65,50141500,18.9638862013,19.0402610954,18.658386625,18.826411392,50141500,0.0,1.0
2010-10-13 00:00:00+00:00,25.34,25.54,24.89,25.02,75336500,19.3533981612,19.5061479493,19.0097111378,19.1089985001,75336500,0.0,1.0
2010-10-14 00:00:00+00:00,25.23,25.34,25.0,25.29,51949100,19.2693857777,19.3533981612,19.0937235213,19.3152107141,51949100,0.0,1.0
2010-10-15 00:00:00+00:00,25.54,25.55,25.23,25.36,68954800,19.5061479493,19.5137854387,19.2693857777,19.36867314,68954800,0.0,1.0
2010-10-18 00:00:00+00:00,25.82,25.95,25.45,25.59,48330500,19.7199976528,19.8192850151,19.4374105447,19.5443353964,48330500,0.0,1.0
2010-10-19 00:00:00+00:00,25.1,25.37,24.95,25.27,66150900,19.1700984154,19.3763106294,19.0555360742,19.2999357353,66150900,0.0,1.0
2010-10-20 00:00:00+00:00,25.31,25.4,25.1,25.26,56283600,19.3304856929,19.3992230976,19.1700984154,19.2922982459,56283600,0.0,1.0
2010-10-21 00:00:00+00:00,25.42,25.54,25.05,25.45,50032400,19.4144980764,19.5061479493,19.1319109683,19.4374105447,50032400,0.0,1.0
2010-10-22 00:00:00+00:00,25.3775,25.54,25.27,25.4,25837900,19.3820387464,19.5061479493,19.2999357353,19.3992230976,25837900,0.0,1.0
2010-10-25 00:00:00+00:00,25.19,25.3493,25.17,25.24,50912400,19.23883582,19.3605010263,19.2235608412,19.2770232671,50912400,0.0,1.0
2010-10-26 00:00:00+00:00,25.9,25.97,25.06,25.12,69304200,19.781097568,19.8345599939,19.1395484577,19.1853733942,69304200,0.0,1.0
2010-10-27 00:00:00+00:00,26.05,26.11,25.62,25.79,64805500,19.8956599092,19.9414848456,19.5672478646,19.6970851845,64805500,0.0,1.0
2010-10-28 00:00:00+00:00,26.28,26.38,25.92,26.21,80730300,20.0713221656,20.1476970596,19.7963725469,20.0178597397,80730300,0.0,1.0
2010-10-29 00:00:00+00:00,26.665,27.2,26.48,27.15,114193200,20.3653655078,20.7739711911,20.2240719537,20.7357837441,114193200,0.0,1.0
2010-11-01 00:00:00+00:00,26.95,27.22,26.7,26.88,61912100,20.5830339559,20.78924617,20.3920967207,20.5295715301,61912100,0.0,1.0
2010-11-02 00:00:00+00:00,27.39,27.42,27.02,27.06,54402100,20.9190834899,20.9419959581,20.6364963818,20.6670463394,54402100,0.0,1.0
2010-11-03 00:00:00+00:00,27.03,27.49,26.96,27.33,110255300,20.6441338712,20.995458384,20.5906714453,20.8732585535,110255300,0.0,1.0
2010-11-04 00:00:00+00:00,27.14,27.43,27.01,27.41,93599300,20.7281462547,20.9496334475,20.6288588924,20.9343584687,93599300,0.0,1.0
2010-11-05 00:00:00+00:00,26.85,27.19,26.53,27.17,110953700,20.5066590618,20.7663337017,20.2622594008,20.7510587229,110953700,0.0,1.0
2010-11-08 00:00:00+00:00,26.81,27.05,26.58,26.68,71670800,20.4761091042,20.65940885,20.3004468478,20.3768217419,71670800,0.0,1.0
2010-11-09 00:00:00+00:00,26.95,27.11,26.71,26.81,58538600,20.5830339559,20.7052337865,20.3997342101,20.4761091042,58538600,0.0,1.0
2010-11-10 00:00:00+00:00,26.94,27.08,26.81,27.01,52277300,20.5753964665,20.6823213182,20.4761091042,20.6288588924,52277300,0.0,1.0
2010-11-11 00:00:00+00:00,26.68,26.72,26.28,26.68,62073100,20.3768217419,20.4073716995,20.0713221656,20.3768217419,62073100,0.0,1.0
2010-11-12 00:00:00+00:00,26.27,26.52,26.1,26.47,64962200,20.0636846762,20.2546219114,19.9338473562,20.2164344643,64962200,0.0,1.0
2010-11-15 00:00:00+00:00,26.2,26.5,26.17,26.33,51794600,20.0102222503,20.2393469326,19.9873097821,20.1095096126,51794600,0.0,1.0
2010-11-16 00:00:00+00:00,25.81,26.04,25.65,26.04,65339200,19.8345599939,20.0113112066,19.7116026286,20.0113112066,65339200,0.16,1.0
2010-11-17 00:00:00+00:00,25.57,25.91,25.55,25.9,58299700,19.6501239459,19.9114083472,19.6347542752,19.9037235119,58299700,0.0,1.0
2010-11-18 00:00:00+00:00,25.8375,26.08,25.61,25.71,59514000,19.8556932911,20.0420505479,19.6808632872,19.7577116406,59514000,0.0,1.0
2010-11-19 00:00:00+00:00,25.69,25.83,25.6,25.8,52423200,19.7423419699,19.8499296646,19.6731784519,19.8268751586,52423200,0.0,1.0
2010-11-22 00:00:00+00:00,25.73,25.74,25.44,25.65,53350500,19.7730813112,19.7807661466,19.5502210866,19.7116026286,53350500,0.0,1.0
2010-11-23 00:00:00+00:00,25.12,25.6,25.09,25.57,69742500,19.3043063559,19.6731784519,19.2812518499,19.6501239459,69742500,0.0,1.0
2010-11-24 00:00:00+00:00,25.37,25.46,25.16,25.2,56825900,19.4964272393,19.5655907573,19.3350456973,19.3657850386,56825900,0.0,1.0
2010-11-26 00:00:00+00:00,25.25,25.41,25.17,25.21,21356500,19.4042092153,19.5271665806,19.3427305326,19.3734698739,21356500,0.0,1.0
2010-11-29 00:00:00+00:00,25.31,25.42,24.93,25.19,56603600,19.4503182273,19.5348514159,19.1582944846,19.3581002033,56603600,0.0,1.0
2010-11-30 00:00:00+00:00,25.2575,25.47,25.0,25.05,75282100,19.4099728418,19.5732755926,19.2120883319,19.2505125086,75282100,0.0,1.0
2010-12-01 00:00:00+00:00,26.04,26.25,25.56,25.57,74123500,20.0113112066,20.1726927485,19.6424391106,19.6501239459,74123500,0.0,1.0
2010-12-02 00:00:00+00:00,26.89,26.98,26.2,26.24,91759200,20.6645222098,20.7336857278,20.1342685719,20.1650079132,91759200,0.0,1.0
2010-12-03 00:00:00+00:00,27.02,27.06,26.78,26.81,52622000,20.7644250692,20.7951644105,20.5799890212,20.6030435272,52622000,0.0,1.0
2010-12-06 00:00:00+00:00,26.84,26.98,26.76,26.93,36264200,20.6260980332,20.7336857278,20.5646193505,20.6952615512,36264200,0.0,1.0
2010-12-07 00:00:00+00:00,26.87,27.13,26.85,27.08,57860500,20.6491525392,20.8489582578,20.6337828685,20.8105340812,57860500,0.0,1.0
2010-12-08 00:00:00+00:00,27.23,27.24,26.8,26.83,41666800,20.9258066112,20.9334914465,20.5953586918,20.6184131978,41666800,0.0,1.0
2010-12-09 00:00:00+00:00,27.08,27.34,27.01,27.28,47148300,20.8105340812,21.0103397998,20.7567402338,20.9642307878,47148300,0.0,1.0
2010-12-10 00:00:00+00:00,27.34,27.4,27.11,27.19,37625800,21.0103397998,21.0564488118,20.8335885872,20.8950672698,37625800,0.0,1.0
2010-12-13 00:00:00+00:00,27.245,27.45,27.1725,27.27,47943900,20.9373338642,21.0948729885,20.881618808,20.9565459525,47943900,0.0,1.0
2010-12-14 00:00:00+00:00,27.62,27.75,27.26,27.31,64070500,21.2255151891,21.3254180485,20.9488611172,20.9872852938,64070500,0.0,1.0
2010-12-15 00:00:00+00:00,27.85,27.99,27.53,27.53,69634200,21.4022664018,21.5098540964,21.1563516711,21.1563516711,69634200,0.0,1.0
2010-12-16 00:00:00+00:00,27.9875,27.99,27.66,27.76,57680200,21.5079328876,21.5098540964,21.2562545305,21.3331028838,57680200,0.0,1.0
2010-12-17 00:00:00+00:00,27.9025,28.09,27.75,27.92,87456500,21.4426117873,21.5867024498,21.3254180485,21.4560602491,87456500,0.0,1.0
2010-12-20 00:00:00+00:00,27.81,27.99,27.68,27.95,52811000,21.3715270605,21.5098540964,21.2716242011,21.4791147551,52811000,0.0,1.0
2010-12-21 00:00:00+00:00,28.07,28.14,27.76,27.85,38153000,21.5713327791,21.6251266264,21.3331028838,21.4022664018,38153000,0.0,1.0
2010-12-22 00:00:00+00:00,28.1875,28.4,27.98,28.01,42252300,21.6616295943,21.8249323451,21.5021692611,21.5252237671,42252300,0.0,1.0
2010-12-23 00:00:00+00:00,28.3,28.32,27.96,27.97,24902500,21.7480839918,21.7634536624,21.4867995904,21.4944844258,24902500,0.0,1.0
2010-12-27 00:00:00+00:00,28.07,28.2,27.88,28.12,21652800,21.5713327791,21.6712356384,21.4253209078,21.6097569558,21652800,0.0,1.0
2010-12-28 00:00:00+00:00,28.01,28.17,27.96,27.97,23042200,21.5252237671,21.6481811324,21.4867995904,21.4944844258,23042200,0.0,1.0
2010-12-29 00:00:00+00:00,27.97,28.12,27.88,27.94,19502500,21.4944844258,21.6097569558,21.4253209078,21.4714299198,19502500,0.0,1.0
2010-12-30 00:00:00+00:00,27.85,28.0,27.775,27.92,20786100,21.4022664018,21.5175389318,21.3446301368,21.4560602491,20786100,0.0,1.0
2010-12-31 00:00:00+00:00,27.91,27.92,27.63,27.8,24752000,21.4483754138,21.4560602491,21.2332000245,21.3638422251,24752000,0.0,1.0
2011-01-03 00:00:00+00:00,27.98,28.18,27.92,28.05,53443800,21.5021692611,21.6558659678,21.4560602491,21.5559631084,53443800,0.0,1.0
2011-01-04 00:00:00+00:00,28.0875,28.17,27.85,27.94,54405600,21.5847812409,21.6481811324,21.4022664018,21.4714299198,54405600,0.0,1.0
2011-01-05 00:00:00+00:00,28.0,28.01,27.77,27.9,58998700,21.5175389318,21.5252237671,21.3407877191,21.4406905785,58998700,0.0,1.0
2011-01-06 00:00:00+00:00,28.82,28.85,27.86,28.04,88026300,22.1476954291,22.1707499351,21.4099512371,21.5482782731,88026300,0.0,1.0
2011-01-07 00:00:00+00:00,28.6,28.74,28.25,28.64,73762000,21.9786290517,22.0862167464,21.7096598151,22.0093683931,73762000,0.0,1.0
2011-01-10 00:00:00+00:00,28.22,28.4,28.04,28.26,57573600,21.6866053091,21.8249323451,21.5482782731,21.7173446504,57573600,0.0,1.0
2011-01-11 00:00:00+00:00,28.11,28.25,28.05,28.2,50298900,21.6020721204,21.7096598151,21.5559631084,21.6712356384,50298900,0.0,1.0
2011-01-12 00:00:00+00:00,28.55,28.59,28.07,28.12,52631100,21.9402048751,21.9709442164,21.5713327791,21.6097569558,52631100,0.0,1.0
2011-01-13 00:00:00+00:00,28.19,28.39,28.01,28.33,67077600,21.6635508031,21.8172475098,21.5252237671,21.7711384978,67077600,0.0,1.0
2011-01-14 00:00:00+00:00,28.3,28.38,27.91,28.08,62688400,21.7480839918,21.8095626744,21.4483754138,21.5790176144,62688400,0.0,1.0
2011-01-18 00:00:00+00:00,28.66,28.74,28.14,28.16,53322700,22.0247380637,22.0862167464,21.6251266264,21.6404962971,53322700,0.0,1.0
2011-01-19 00:00:00+00:00,28.47,28.68,28.27,28.46,50005900,21.8787261924,22.0401077344,21.7250294858,21.8710413571,50005900,0.0,1.0
2011-01-20 00:00:00+00:00,28.3525,28.55,28.13,28.5,58613600,21.7884293773,21.9402048751,21.6174417911,21.9017806984,58613600,0.0,1.0
2011-01-21 00:00:00+00:00,28.02,28.43,28.02,28.4,58080300,21.5329086024,21.8479868511,21.5329086024,21.8249323451,58080300,0.0,1.0
2011-01-24 00:00:00+00:00,28.38,28.56,27.99,28.02,52047800,21.8095626744,21.9478897104,21.5098540964,21.5329086024,52047800,0.0,1.0
2011-01-25 00:00:00+00:00,28.45,28.45,28.12,28.14,42436600,21.8633565218,21.8633565218,21.6097569558,21.6251266264,42436600,0.0,1.0
2011-01-26 00:00:00+00:00,28.78,28.99,28.5,28.51,74628800,22.1169560877,22.2783376297,21.9017806984,21.9094655338,74628800,0.0,1.0
2011-01-27 00:00:00+00:00,28.87,29.46,28.49,28.75,146938600,22.1861196057,22.6395248904,21.8940958631,22.0939015817,146938600,0.0,1.0
2011-01-28 00:00:00+00:00,27.751,28.93,27.45,28.895,141249400,21.326186532,22.2322286177,21.0948729885,22.2053316941,141249400,0.0,1.0
2011-01-31 00:00:00+00:00,27.725,27.9,27.42,27.77,65029000,21.3062059601,21.4406905785,21.0718184825,21.3407877191,65029000,0.0,1.0
2011-02-01 00:00:00+00:00,27.9925,28.06,27.61,27.8,62810700,21.5117753053,21.5636479438,21.2178303538,21.3638422251,62810700,0.0,1.0
2011-02-02 00:00:00+00:00,27.94,28.11,27.88,27.93,45824000,21.4714299198,21.6020721204,21.4253209078,21.4637450844,45824000,0.0,1.0
2011-02-03 00:00:00+00:00,27.65,27.97,27.54,27.965,60340100,21.2485696951,21.4944844258,21.1640365065,21.4906420081,60340100,0.0,1.0
2011-02-04 00:00:00+00:00,27.77,27.84,27.51,27.7,40412200,21.3407877191,21.3945815665,21.1409820005,21.2869938718,40412200,0.0,1.0
2011-02-07 00:00:00+00:00,28.1975,28.34,27.79,27.8,68980900,21.6693144296,21.7788233331,21.3561573898,21.3638422251,68980900,0.0,1.0
2011-02-08 00:00:00+00:00,28.2825,28.34,28.05,28.1,34904200,21.7346355299,21.7788233331,21.5559631084,21.5943872851,34904200,0.0,1.0
2011-02-09 00:00:00+00:00,27.97,28.26,27.91,28.19,52905100,21.4944844258,21.7173446504,21.4483754138,21.6635508031,52905100,0.0,1.0
2011-02-10 00:00:00+00:00,27.5,27.94,27.29,27.93,76672400,21.1332971651,21.4714299198,20.9719156232,21.4637450844,76672400,0.0,1.0
2011-02-11 00:00:00+00:00,27.25,27.8099,27.07,27.76,83939700,20.9411762818,21.3714502121,20.8028492458,21.3331028838,83939700,0.0,1.0
2011-02-14 00:00:00+00:00,27.23,27.27,26.95,27.205,56766200,20.9258066112,20.9565459525,20.7106312218,20.9065945228,56766200,0.0,1.0
2011-02-15 00:00:00+00:00,26.96,27.33,26.95,27.04,44116500,20.8412734225,21.1272998011,20.8335429798,20.9031169638,44116500,0.16,1.0
2011-02-16 00:00:00+00:00,27.02,27.07,26.6,27.05,70817900,20.8876560785,20.9263082918,20.5629774866,20.9108474065,70817900,0.0,1.0
2011-02-17 00:00:00+00:00,27.21,27.37,26.91,26.97,57207300,21.0345344891,21.1582215717,20.8026212092,20.8490038652,57207300,0.0,1.0
2011-02-18 00:00:00+00:00,27.06,27.21,26.99,27.13,68667800,20.9185778491,21.0345344891,20.8644647505,20.9726909478,68667800,0.0,1.0
2011-02-22 00:00:00+00:00,26.59,27.1,26.52,26.78,60889000,20.5552470439,20.9494996198,20.5011339453,20.7021254545,60889000,0.0,1.0
2011-02-23 00:00:00+00:00,26.59,26.86,26.43,26.53,60234100,20.5552470439,20.7639689959,20.4315599613,20.5088643879,60234100,0.0,1.0
2011-02-24 00:00:00+00:00,26.77,27.06,26.5,26.64,64494200,20.6943950119,20.9185778491,20.4856730599,20.5938992572,64494200,0.0,1.0
2011-02-25 00:00:00+00:00,26.55,26.95,26.5,26.91,53006300,20.5243252733,20.8335429798,20.4856730599,20.8026212092,53006300,0.0,1.0
2011-02-28 00:00:00+00:00,26.58,26.86,26.51,26.69,51379900,20.5475166013,20.7639689959,20.4934035026,20.6325514706,51379900,0.0,1.0
2011-03-01 00:00:00+00:00,26.16,26.78,26.15,26.6,60055000,20.2228380094,20.7021254545,20.2151075667,20.5629774866,60055000,0.0,1.0
2011-03-02 00:00:00+00:00,26.0775,26.37,26.04,26.11,48658200,20.1590618574,20.3851773053,20.1300726974,20.184185796,48658200,0.0,1.0
2011-03-03 00:00:00+00:00,26.2,26.4,26.18,26.26,68271500,20.25375978,20.4083686333,20.2382988947,20.300142436,68271500,0.0,1.0
2011-03-04 00:00:00+00:00,25.9525,26.24,25.8,26.22,70437200,20.0624313241,20.2846815507,19.9445420735,20.2692206653,70437200,0.0,1.0
2011-03-07 00:00:00+00:00,25.72,26.27,25.55,26.13,64980400,19.8826985321,20.3078728787,19.7512810069,20.1996466814,64980400,0.0,1.0
2011-03-08 00:00:00+00:00,25.91,26.02,25.65,25.77,50549800,20.0295769428,20.1146118121,19.8285854335,19.9213507455,50549800,0.0,1.0
2011-03-09 00:00:00+00:00,25.89,25.98,25.66,25.81,39789100,20.0141160574,20.0836900414,19.8363158762,19.9522725161,39789100,0.0,1.0
2011-03-10 00:00:00+00:00,25.41,25.71,25.35,25.62,66549500,19.6430548096,19.8749680895,19.5966721536,19.8053941055,66549500,0.0,1.0
2011-03-11 00:00:00+00:00,25.68,25.85,25.36,25.41,49905800,19.8517767615,19.9831942868,19.6044025962,19.6430548096,49905800,0.0,1.0
2011-03-14 00:00:00+00:00,25.69,25.76,25.35,25.49,54473400,19.8595072041,19.9136203028,19.5966721536,19.7048983509,54473400,0.0,1.0
2011-03-15 00:00:00+00:00,25.39,25.47,25.0,25.08,76067300,19.6275939242,19.6894374655,19.3261066603,19.3879502016,76067300,0.0,1.0
2011-03-16 00:00:00+00:00,24.79,25.28,24.68,25.22,100725400,19.1637673644,19.5425590549,19.0787324951,19.4961763989,100725400,0.0,1.0
2011-03-17 00:00:00+00:00,24.78,25.22,24.75,25.06,62497000,19.1560369217,19.4961763989,19.1328455937,19.3724893163,62497000,0.0,1.0
2011-03-18 00:00:00+00:00,24.8,25.18,24.7979,25.06,85486700,19.171497807,19.4652546283,19.1698744141,19.3724893163,85486700,0.0,1.0
2011-03-21 00:00:00+00:00,25.33,25.58,25.15,25.18,46878100,19.5812112682,19.7744723348,19.4420633003,19.4652546283,46878100,0.0,1.0
2011-03-22 00:00:00+00:00,25.295,25.46,25.23,25.3,30895600,19.5541547189,19.6817070229,19.5039068416,19.5580199402,30895600,0.0,1.0
2011-03-23 00:00:00+00:00,25.54,25.61,25.18,25.23,43969000,19.7435505642,19.7976636628,19.4652546283,19.5039068416,43969000,0.0,1.0
2011-03-24 00:00:00+00:00,25.81,25.87,25.5,25.6,38696700,19.9522725161,19.9986551721,19.7126287935,19.7899332202,38696700,0.0,1.0
2011-03-25 00:00:00+00:00,25.62,25.95,25.59,25.93,57029800,19.8053941055,20.0604987134,19.7822027775,20.0450378281,57029800,0.0,1.0
2011-03-28 00:00:00+00:00,25.41,25.72,25.38,25.66,48973200,19.6430548096,19.8826985321,19.6198634816,19.8363158762,48973200,0.0,1.0
2011-03-29 00:00:00+00:00,25.49,25.52,25.3,25.34,40763500,19.7048983509,19.7280896789,19.5580199402,19.5889417109,40763500,0.0,1.0
2011-03-30 00:00:00+00:00,25.61,25.72,25.5,25.6,41999300,19.7976636628,19.8826985321,19.7126287935,19.7899332202,41999300,0.0,1.0
2011-03-31 00:00:00+00:00,25.39,25.68,25.34,25.6,63233700,19.6275939242,19.8517767615,19.5889417109,19.7899332202,63233700,0.0,1.0
2011-04-01 00:00:00+00:00,25.48,25.53,25.31,25.53,63114200,19.6971679082,19.7358201215,19.5657503829,19.7358201215,63114200,0.0,1.0
2011-04-04 00:00:00+00:00,25.55,25.66,25.41,25.45,35433700,19.7512810069,19.8363158762,19.6430548096,19.6739765802,35433700,0.0,1.0
2011-04-05 00:00:00+00:00,25.78,26.18,25.74,25.82,73651100,19.9290811881,20.2382988947,19.8981594175,19.9600029588,73651100,0.0,1.0
2011-04-06 00:00:00+00:00,26.15,26.31,25.86,25.98,65581400,20.2151075667,20.3387946493,19.9909247294,20.0836900414,65581400,0.0,1.0
2011-04-07 00:00:00+00:00,26.2,26.26,25.9699,26.1876,46134700,20.25375978,20.300142436,20.0758822943,20.2441740311,46134700,0.0,1.0
2011-04-08 00:00:00+00:00,26.07,26.28,25.96,26.17,39887600,20.1532640254,20.3156033213,20.0682291561,20.230568452,39887600,0.0,1.0
2011-04-11 00:00:00+00:00,25.98,26.25,25.8,26.19,34286300,20.0836900414,20.2924119933,19.9445420735,20.2460293374,34286300,0.0,1.0
2011-04-12 00:00:00+00:00,25.64,25.85,25.55,25.83,36920400,19.8208549908,19.9831942868,19.7512810069,19.9677334014,36920400,0.0,1.0
2011-04-13 00:00:00+00:00,25.63,25.87,25.56,25.65,38144700,19.8131245482,19.9986551721,19.7590114495,19.8285854335,38144700,0.0,1.0
2011-04-14 00:00:00+00:00,25.42,25.44,25.09,25.42,55239900,19.6507852522,19.6662461375,19.3956806443,19.6507852522,55239900,0.0,1.0
2011-04-15 00:00:00+00:00,25.37,25.56,25.18,25.46,65080400,19.6121330389,19.7590114495,19.4652546283,19.6817070229,65080400,0.0,1.0
2011-04-18 00:00:00+00:00,25.08,25.28,24.72,25.1,58045100,19.3879502016,19.5425590549,19.1096542657,19.403411087,58045100,0.0,1.0
2011-04-19 00:00:00+00:00,25.15,25.169,24.87,25.0,38892400,19.4420633003,19.4567511413,19.2256109057,19.3261066603,38892400,0.0,1.0
2011-04-20 00:00:00+00:00,25.76,26.0,25.51,25.54,61608600,19.9136203028,20.0991509267,19.7203592362,19.7435505642,61608600,0.0,1.0
2011-04-21 00:00:00+00:00,25.52,25.89,25.36,25.79,46892300,19.7280896789,20.0141160574,19.6044025962,19.9368116308,46892300,0.0,1.0
2011-04-25 00:00:00+00:00,25.61,25.62,25.34,25.56,33525100,19.7976636628,19.8053941055,19.5889417109,19.7590114495,33525100,0.0,1.0
2011-04-26 00:00:00+00:00,26.19,26.44,25.67,25.74,69200000,20.2460293374,20.439290404,19.8440463188,19.8981594175,69200000,0.0,1.0
2011-04-27 00:00:00+00:00,26.38,26.39,26.13,26.3,52689000,20.392907748,20.4006381906,20.1996466814,20.3310642067,52689000,0.0,1.0
2011-04-28 00:00:00+00:00,26.71,26.87,26.4,26.46,80200000,20.6480123559,20.7716994385,20.4083686333,20.4547512893,80200000,0.0,1.0
2011-04-29 00:00:00+00:00,25.92,26.64,25.36,26.55,319317900,20.0373073854,20.5938992572,19.6044025962,20.5243252733,319317900,0.0,1.0
2011-05-02 00:00:00+00:00,25.66,26.0,25.48,25.94,89825600,19.8363158762,20.0991509267,19.6971679082,20.0527682708,89825600,0.0,1.0
2011-05-03 00:00:00+00:00,25.81,25.85,25.49,25.6,71892900,19.9522725161,19.9831942868,19.7048983509,19.7899332202,71892900,0.0,1.0
2011-05-04 00:00:00+00:00,26.06,26.25,25.79,25.85,73292300,20.1455335827,20.2924119933,19.9368116308,19.9831942868,73292300,0.0,1.0
2011-05-05 00:00:00+00:00,25.79,26.08,25.68,26.05,55600000,19.9368116308,20.1609944681,19.8517767615,20.1378031401,55600000,0.0,1.0
2011-05-06 00:00:00+00:00,25.87,26.22,25.75,26.07,55993000,19.9986551721,20.2692206653,19.9058898601,20.1532640254,55993000,0.0,1.0
2011-05-09 00:00:00+00:00,25.83,25.96,25.67,25.8,38696400,19.9677334014,20.0682291561,19.8440463188,19.9445420735,38696400,0.0,1.0
2011-05-10 00:00:00+00:00,25.67,25.85,25.25,25.38,120798700,19.8440463188,19.9831942868,19.5193677269,19.6198634816,120798700,0.0,1.0
2011-05-11 00:00:00+00:00,25.36,25.66,25.21,25.65,78600000,19.6044025962,19.8363158762,19.4884459563,19.8285854335,78600000,0.0,1.0
2011-05-12 00:00:00+00:00,25.32,25.39,25.1,25.35,77400000,19.5734808256,19.6275939242,19.403411087,19.5966721536,77400000,0.0,1.0
2011-05-13 00:00:00+00:00,25.03,25.32,24.95,25.28,66812300,19.3492979883,19.5734808256,19.287454447,19.5425590549,66812300,0.0,1.0
2011-05-16 00:00:00+00:00,24.57,25.07,24.5,24.96,91350900,18.9936976258,19.380219759,18.9395845271,19.2951848897,91350900,0.0,1.0
2011-05-17 00:00:00+00:00,24.52,24.7,24.27,24.395,82882100,19.0787324951,19.2187884432,18.8842103448,18.98147142,82882100,0.16,1.0
2011-05-18 00:00:00+00:00,24.69,24.74,24.25,24.53,53931100,19.2110075572,19.2499119873,18.8686485728,19.0865133811,53931100,0.0,1.0
2011-05-19 00:00:00+00:00,24.715,24.88,24.5,24.85,37783600,19.2304597723,19.3588443914,19.0631707231,19.3355017334,37783600,0.0,1.0
2011-05-20 00:00:00+00:00,24.49,24.87,24.44,24.72,45451500,19.055389837,19.3510635054,19.016485407,19.2343502153,45451500,0.0,1.0
2011-05-23 00:00:00+00:00,24.17,24.25,24.03,24.21,52692500,18.8064014847,18.8686485728,18.6974690806,18.8375250288,52692500,0.0,1.0
2011-05-24 00:00:00+00:00,24.15,24.29,24.04,24.2,47691800,18.7908397127,18.8997721169,18.7052499666,18.8297441428,47691800,0.0,1.0
2011-05-25 00:00:00+00:00,24.19,24.31,24.16,24.17,34904200,18.8219632568,18.9153338889,18.7986205987,18.8064014847,34904200,0.0,1.0
2011-05-26 00:00:00+00:00,24.67,25.03,24.32,24.35,78016600,19.1954457852,19.4755576816,18.9231147749,18.9464574329,78016600,0.0,1.0
2011-05-27 00:00:00+00:00,24.76,24.9,24.65,24.68,50251000,19.2654737593,19.3744061634,19.1798840132,19.2032266712,50251000,0.0,1.0
2011-05-31 00:00:00+00:00,25.01,25.06,24.7,24.96,60196300,19.4599959095,19.4989003396,19.2187884432,19.4210914795,60196300,0.0,1.0
2011-06-01 00:00:00+00:00,24.43,25.1,24.37,24.99,74033500,19.008704521,19.5300238836,18.9620192049,19.4444341375,74033500,0.0,1.0
2011-06-02 00:00:00+00:00,24.22,24.65,24.18,24.49,51487800,18.8453059148,19.1798840132,18.8141823708,19.055389837,51487800,0.0,1.0
2011-06-03 00:00:00+00:00,23.905,24.14,23.84,24.05,60697700,18.6002080055,18.7830588267,18.5496322464,18.7130308526,60697700,0.0,1.0
2011-06-06 00:00:00+00:00,24.01,24.25,23.77,24.05,54778700,18.6819073086,18.8686485728,18.4951660444,18.7130308526,54778700,0.0,1.0
2011-06-07 00:00:00+00:00,24.06,24.17,23.9,24.09,41112600,18.7208117386,18.8064014847,18.5963175625,18.7441543967,41112600,0.0,1.0
2011-06-08 00:00:00+00:00,23.94,24.02,23.86,23.9,42205000,18.6274411065,18.6896881946,18.5651940185,18.5963175625,42205000,0.0,1.0
2011-06-09 00:00:00+00:00,23.96,24.04,23.82,24.01,42878700,18.6430028785,18.7052499666,18.5340704744,18.6819073086,42878700,0.0,1.0
2011-06-10 00:00:00+00:00,23.705,24.02,23.69,24.02,49327200,18.4445902853,18.6896881946,18.4329189563,18.6896881946,49327200,0.0,1.0
2011-06-13 00:00:00+00:00,24.04,24.19,23.7,23.79,47572500,18.7052499666,18.8219632568,18.4406998423,18.5107278164,47572500,0.0,1.0
2011-06-14 00:00:00+00:00,24.22,24.45,24.19,24.3,42894500,18.8453059148,19.024266293,18.8219632568,18.9075530029,42894500,0.0,1.0
2011-06-15 00:00:00+00:00,23.74,24.01,23.67,24.0,49410200,18.4718233863,18.6819073086,18.4173571843,18.6741264226,49410200,0.0,1.0
2011-06-16 00:00:00+00:00,23.995,24.1,23.65,23.75,57184100,18.6702359796,18.7519352827,18.4017954123,18.4796042723,57184100,0.0,1.0
2011-06-17 00:00:00+00:00,24.26,24.3,23.98,24.22,83320400,18.8764294588,18.9075530029,18.6585646506,18.8453059148,83320400,0.0,1.0
2011-06-20 00:00:00+00:00,24.47,24.66,24.16,24.17,54338400,19.039828065,19.1876648992,18.7986205987,18.8064014847,54338400,0.0,1.0
2011-06-21 00:00:00+00:00,24.76,24.86,24.4,24.52,49708700,19.2654737593,19.3432826194,18.985361863,19.0787324951,49708700,0.0,1.0
2011-06-22 00:00:00+00:00,24.65,24.81,24.59,24.6,44287300,19.1798840132,19.3043781893,19.1331986971,19.1409795831,44287300,0.0,1.0
2011-06-23 00:00:00+00:00,24.63,24.65,24.2,24.44,59470400,19.1643222412,19.1798840132,18.8297441428,19.016485407,59470400,0.0,1.0
2011-06-24 00:00:00+00:00,24.3,24.54,24.19,24.51,101387200,18.9075530029,19.0942942671,18.8219632568,19.0709516091,101387200,0.0,1.0
2011-06-27 00:00:00+00:00,25.2,25.46,24.23,24.23,92044200,19.6078327437,19.81013578,18.8530868008,18.8530868008,92044200,0.0,1.0
2011-06-28 00:00:00+00:00,25.8,25.92,25.16,25.3,81032100,20.0746859043,20.1680565364,19.5767091997,19.6856416038,81032100,0.0,1.0
2011-06-29 00:00:00+00:00,25.62,25.71,25.36,25.71,66051000,19.9346299561,20.0046579302,19.7323269199,20.0046579302,66051000,0.0,1.0
2011-06-30 00:00:00+00:00,26.0,26.0,25.66,25.74,52535400,20.2303036245,20.2303036245,19.9657535001,20.0280005882,52535400,0.0,1.0
2011-07-01 00:00:00+00:00,26.02,26.17,25.84,25.93,52906200,20.2458653965,20.3625786866,20.1058094483,20.1758374224,52906200,0.0,1.0
2011-07-05 00:00:00+00:00,26.03,26.15,25.9,26.1,37805300,20.2536462825,20.3470169146,20.1524947644,20.3081124846,37805300,0.0,1.0
2011-07-06 00:00:00+00:00,26.33,26.37,25.96,25.97,48744200,20.4870728628,20.5181964068,20.1991800804,20.2069609664,48744200,0.0,1.0
2011-07-07 00:00:00+00:00,26.77,26.88,26.36,26.49,51946500,20.8294318472,20.9150215933,20.5104155208,20.6115670389,51946500,0.0,1.0
2011-07-08 00:00:00+00:00,26.92,26.98,26.51,26.54,58320700,20.9461451373,20.9928304534,20.6271288109,20.650471469,58320700,0.0,1.0
2011-07-11 00:00:00+00:00,26.63,26.8,26.49,26.62,43999800,20.7204994431,20.8527745052,20.6115670389,20.712718557,43999800,0.0,1.0
2011-07-12 00:00:00+00:00,26.54,26.79,26.34,26.55,47319300,20.650471469,20.8449936192,20.4948537488,20.658252355,47319300,0.0,1.0
2011-07-13 00:00:00+00:00,26.63,26.96,26.51,26.6,40861800,20.7204994431,20.9772686814,20.6271288109,20.697156785,40861800,0.0,1.0
2011-07-14 00:00:00+00:00,26.47,27.01,26.36,26.62,46382300,20.5960052669,21.0161731114,20.5104155208,20.712718557,46382300,0.0,1.0
2011-07-15 00:00:00+00:00,26.78,26.9295,26.47,26.47,49132400,20.8372127332,20.953536979,20.5960052669,20.5960052669,49132400,0.0,1.0
2011-07-18 00:00:00+00:00,26.59,26.9,26.26,26.63,44501900,20.689375899,20.9305833653,20.4326066607,20.7204994431,44501900,0.0,1.0
2011-07-19 00:00:00+00:00,27.54,27.64,26.78,26.81,86730600,21.4285600699,21.50636893,20.8372127332,20.8605553912,86730600,0.0,1.0
2011-07-20 00:00:00+00:00,27.06,27.35,26.98,27.28,49795400,21.0550775415,21.2807232357,20.9928304534,21.2262570337,49795400,0.0,1.0
2011-07-21 00:00:00+00:00,27.095,27.31,26.65,27.04,81737400,21.0823106425,21.2495996917,20.7360612151,21.0395157694,81737400,0.0,1.0
2011-07-22 00:00:00+00:00,27.53,27.55,26.68,26.86,76380600,21.4207791839,21.4363409559,20.7594038731,20.8994598213,76380600,0.0,1.0
2011-07-25 00:00:00+00:00,27.91,28.09,27.19,27.26,108482400,21.7164528523,21.8565088004,21.1562290596,21.2106952617,108482400,0.0,1.0
2011-07-26 00:00:00+00:00,28.08,28.145,27.78,27.82,74636500,21.8487279144,21.8993036735,21.6153013341,21.6464248782,74636500,0.0,1.0
2011-07-27 00:00:00+00:00,27.33,27.985,27.2,27.88,71488700,21.2651614637,21.7748094973,21.1640099456,21.6931101942,71488700,0.0,1.0
2011-07-28 00:00:00+00:00,27.72,28.07,27.21,27.29,83761400,21.5686160181,21.8409470284,21.1717908316,21.2340379197,83761400,0.0,1.0
2011-07-29 00:00:00+00:00,27.4,27.71,27.26,27.52,104394800,21.3196276658,21.5608351321,21.2106952617,21.4129982979,104394800,0.0,1.0
2011-08-01 00:00:00+00:00,27.27,27.685,26.75,27.51,61838400,21.2184761477,21.5413829171,20.8138700752,21.4052174119,61838400,0.0,1.0
2011-08-02 00:00:00+00:00,26.8,27.45,26.76,26.98,63883100,20.8527745052,21.3585320958,20.8216509612,20.9928304534,63883100,0.0,1.0
2011-08-03 00:00:00+00:00,26.92,27.0,26.48,26.83,64581200,20.9461451373,21.0083922254,20.6037861529,20.8761171632,64581200,0.0,1.0
2011-08-04 00:00:00+00:00,25.94,26.87,25.93,26.53,92949500,20.1836183084,20.9072407073,20.1758374224,20.642690583,92949500,0.0,1.0
2011-08-05 00:00:00+00:00,25.68,26.1,25.23,25.97,112071700,19.9813152722,20.3081124846,19.6311754017,20.2069609664,112071700,0.0,1.0
2011-08-08 00:00:00+00:00,24.48,25.6,24.39,25.02,134257200,19.047608951,19.9190681841,18.977580977,19.4677767955,134257200,0.0,1.0
2011-08-09 00:00:00+00:00,25.58,25.62,24.03,24.71,126268900,19.9035064121,19.9346299561,18.6974690806,19.2265693293,126268900,0.0,1.0
2011-08-10 00:00:00+00:00,24.2,25.09,24.1,24.95,127819900,18.8297441428,19.5222429976,18.7519352827,19.4133105935,127819900,0.0,1.0
2011-08-11 00:00:00+00:00,25.19,25.38,24.4,24.5,90690100,19.6000518577,19.7478886919,18.985361863,19.0631707231,90690100,0.0,1.0
2011-08-12 00:00:00+00:00,25.1,25.335,24.65,25.13,64787100,19.5300238836,19.7128747048,19.1798840132,19.5533665416,64787100,0.0,1.0
2011-08-15 00:00:00+00:00,25.51,25.58,25.15,25.24,56529400,19.84904021,19.9035064121,19.5689283137,19.6389562878,56529400,0.0,1.0
2011-08-16 00:00:00+00:00,25.35,25.59,25.05,25.215,54251500,19.84904021,20.0369601173,19.6141403259,19.7433352621,54251500,0.16,1.0
2011-08-17 00:00:00+00:00,25.245,25.7,24.93,25.25,50923700,19.7668252506,20.1230900748,19.5201803722,19.7707402486,50923700,0.0,1.0
2011-08-18 00:00:00+00:00,24.67,25.09,24.03,24.57,105714200,19.3166004726,19.6454603104,18.8154807198,19.2383005112,105714200,0.0,1.0
2011-08-19 00:00:00+00:00,24.05,24.62,23.91,24.41,77397900,18.8311407121,19.2774504919,18.7215207661,19.113020573,77397900,0.0,1.0
2011-08-22 00:00:00+00:00,23.98,24.49,23.79,24.42,54721000,18.7763307391,19.1756605421,18.6275608125,19.1208505692,54721000,0.0,1.0
2011-08-23 00:00:00+00:00,24.72,24.75,24.03,24.03,59670600,19.3557504533,19.3792404417,18.8154807198,18.8154807198,59670600,0.0,1.0
2011-08-24 00:00:00+00:00,24.9,24.93,24.42,24.65,45329700,19.4966903838,19.5201803722,19.1208505692,19.3009404803,45329700,0.0,1.0
2011-08-25 00:00:00+00:00,24.57,25.16,24.5,25.08,48192000,19.2383005112,19.7002702834,19.1834905383,19.6376303143,48192000,0.0,1.0
2011-08-26 00:00:00+00:00,25.25,25.34,24.42,24.51,71957000,19.7707402486,19.8412102139,19.1208505692,19.1913205344,71957000,0.0,1.0
2011-08-29 00:00:00+00:00,25.84,25.86,25.37,25.53,38863200,20.2327100208,20.248370013,19.8647002023,19.9899801405,38863200,0.0,1.0
2011-08-30 00:00:00+00:00,26.23,26.43,25.7,25.73,57341400,20.5380798702,20.6946797929,20.1230900748,20.1465800633,57341400,0.0,1.0
2011-08-31 00:00:00+00:00,26.6,26.71,26.26,26.29,59300800,20.8277897273,20.9139196848,20.5615698586,20.585059847,59300800,0.0,1.0
2011-09-01 00:00:00+00:00,26.21,26.86,26.21,26.46,60510800,20.5224198779,21.0313696269,20.5224198779,20.7181697813,60510800,0.0,1.0
2011-09-02 00:00:00+00:00,25.8,26.0,25.66,25.78,43894400,20.2013900362,20.357989959,20.0917700903,20.1857300439,43894400,0.0,1.0
2011-09-06 00:00:00+00:00,25.51,25.59,25.11,25.2,54929300,19.9743201482,20.0369601173,19.6611203027,19.7315902679,54929300,0.0,1.0
2011-09-07 00:00:00+00:00,26.0,26.0,25.57,25.69,41961000,20.357989959,20.357989959,20.021300125,20.1152600787,41961000,0.0,1.0
2011-09-08 00:00:00+00:00,26.22,26.66,25.95,26.0,65811900,20.530249874,20.8747697041,20.3188399783,20.357989959,65811900,0.0,1.0
2011-09-09 00:00:00+00:00,25.74,26.18,25.5,26.0,64529200,20.1544100594,20.4989298895,19.9664901521,20.357989959,64529200,0.0,1.0
2011-09-12 00:00:00+00:00,25.89,25.93,25.27,25.605,55046100,20.2718600015,20.303179986,19.7864002409,20.0487051115,55046100,0.0,1.0
2011-09-13 00:00:00+00:00,26.04,26.185,25.81,25.92,48792300,20.3893099435,20.5028448875,20.2092200324,20.2953499899,48792300,0.0,1.0
2011-09-14 00:00:00+00:00,26.5,26.8,25.89,26.17,66739200,20.7494897659,20.98438965,20.2718600015,20.4910998933,66739200,0.0,1.0
2011-09-15 00:00:00+00:00,26.99,27.03,26.31,26.73,67808300,21.1331595766,21.1644795612,20.6007198393,20.9295796771,67808300,0.0,1.0
2011-09-16 00:00:00+00:00,27.12,27.27,26.83,27.05,89681500,21.2349495264,21.3523994685,21.0078796384,21.1801395535,89681500,0.0,1.0
2011-09-19 00:00:00+00:00,27.21,27.31,26.6,26.8,52324900,21.3054194917,21.3837194531,20.8277897273,20.98438965,52324900,0.0,1.0
2011-09-20 00:00:00+00:00,26.98,27.5,26.93,27.31,49211900,21.1253295805,21.5324893797,21.0861795998,21.3837194531,49211900,0.0,1.0
2011-09-21 00:00:00+00:00,25.99,27.06,25.97,27.05,72750700,20.3501599628,21.1879695496,20.3344999706,21.1801395535,72750700,0.0,1.0
2011-09-22 00:00:00+00:00,25.06,25.65,24.6,25.3,96278300,19.621970322,20.0839400941,19.2617904996,19.8098902293,96278300,0.0,1.0
2011-09-23 00:00:00+00:00,25.06,25.15,24.69,24.9,64768100,19.621970322,19.6924402872,19.3322604649,19.4966903838,64768100,0.0,1.0
2011-09-26 00:00:00+00:00,25.44,25.52,24.73,25.19,51057600,19.9195101752,19.9821501444,19.3635804494,19.7237602718,51057600,0.0,1.0
2011-09-27 00:00:00+00:00,25.67,25.92,25.45,25.66,55620700,20.0996000864,20.2953499899,19.9273401714,20.0917700903,55620700,0.0,1.0
2011-09-28 00:00:00+00:00,25.575,26.37,25.51,25.93,60736200,20.0252151231,20.6476998161,19.9743201482,20.303179986,60736200,0.0,1.0
2011-09-29 00:00:00+00:00,25.45,26.17,25.09,25.98,63407300,19.9273401714,20.4910998933,19.6454603104,20.3423299667,63407300,0.0,1.0
2011-09-30 00:00:00+00:00,24.89,25.5,24.88,25.2,54060500,19.4888603877,19.9664901521,19.4810303915,19.7315902679,54060500,0.0,1.0
2011-10-03 00:00:00+00:00,24.53,25.335,24.52,24.72,64592500,19.2069805267,19.8372952158,19.1991505305,19.3557504533,64592500,0.0,1.0
2011-10-04 00:00:00+00:00,25.34,25.39,24.26,24.3,83485400,19.8412102139,19.8803601946,18.995570631,19.0268906155,83485400,0.0,1.0
2011-10-05 00:00:00+00:00,25.89,26.16,25.16,25.42,94061300,20.2718600015,20.4832698972,19.7002702834,19.903850183,94061300,0.0,1.0
2011-10-06 00:00:00+00:00,26.34,26.4,25.7,25.9,55111400,20.6242098277,20.6711898045,20.1230900748,20.2796899976,55111400,0.0,1.0
2011-10-07 00:00:00+00:00,26.25,26.51,26.2,26.34,52741600,20.5537398624,20.757319762,20.5145898817,20.6242098277,52741600,0.0,1.0
2011-10-10 00:00:00+00:00,26.94,26.97,26.47,26.58,41815300,21.094009596,21.1174995844,20.7259997775,20.812129735,41815300,0.0,1.0
2011-10-11 00:00:00+00:00,27.0,27.07,26.72,26.86,38826200,21.1409895728,21.1957995458,20.9217496809,21.0313696269,38826200,0.0,1.0
2011-10-12 00:00:00+00:00,26.96,27.31,26.9,27.18,52489800,21.1096695882,21.3837194531,21.0626896114,21.2819295033,52489800,0.0,1.0
2011-10-13 00:00:00+00:00,27.18,27.2,26.62,26.76,43823500,21.2819295033,21.2975894955,20.8434497195,20.9530696655,43823500,0.0,1.0
2011-10-14 00:00:00+00:00,27.27,27.5,27.02,27.31,50947700,21.3523994685,21.5324893797,21.1566495651,21.3837194531,50947700,0.0,1.0
2011-10-17 00:00:00+00:00,26.98,27.42,26.85,27.1139,39453300,21.1253295805,21.4698494106,21.0235396307,21.2301732288,39453300,0.0,1.0
2011-10-18 00:00:00+00:00,27.31,27.4,26.8,26.94,52487900,21.3837194531,21.4541894183,20.98438965,21.094009596,52487900,0.0,1.0
2011-10-19 00:00:00+00:00,27.13,27.47,27.01,27.37,42880000,21.2427795226,21.5089993913,21.1488195689,21.4306994299,42880000,0.0,1.0
2011-10-20 00:00:00+00:00,27.04,27.34,26.4,27.26,76300200,21.1723095573,21.4072094415,20.6711898045,21.3445694724,76300200,0.0,1.0
2011-10-21 00:00:00+00:00,27.16,27.19,26.8,27.15,76620600,21.266269511,21.2897594994,20.98438965,21.2584395149,76620600,0.0,1.0
2011-10-24 00:00:00+00:00,27.19,27.4,27.04,27.06,56897800,21.2897594994,21.4541894183,21.1723095573,21.1879695496,56897800,0.0,1.0
2011-10-25 00:00:00+00:00,26.81,27.23,26.72,27.08,53554600,20.9922196462,21.321079484,20.9217496809,21.2036295419,53554600,0.0,1.0
2011-10-26 00:00:00+00:00,26.59,27.06,26.1,27.03,63029900,20.8199597311,21.1879695496,20.4362899204,21.1644795612,63029900,0.0,1.0
2011-10-27 00:00:00+00:00,27.25,27.4,26.65,27.13,74512400,21.3367394762,21.4541894183,20.866939708,21.2427795226,74512400,0.0,1.0
2011-10-28 00:00:00+00:00,26.98,27.19,26.79,27.14,57712100,21.1253295805,21.2897594994,20.9765596539,21.2506095187,57712100,0.0,1.0
2011-10-31 00:00:00+00:00,26.63,27.0,26.62,26.755,46799000,20.8512797157,21.1409895728,20.8434497195,20.9491546674,46799000,0.0,1.0
2011-11-01 00:00:00+00:00,25.99,26.32,25.86,26.19,61182600,20.3501599628,20.6085498354,20.248370013,20.5067598856,61182600,0.0,1.0
2011-11-02 00:00:00+00:00,26.01,26.2,25.7,26.1,53533100,20.3658199551,20.5145898817,20.1230900748,20.4362899204,53533100,0.0,1.0
2011-11-03 00:00:00+00:00,26.53,26.585,25.98,26.24,65836100,20.7729797543,20.8160447331,20.3423299667,20.5459098663,65836100,0.0,1.0
2011-11-04 00:00:00+00:00,26.25,26.4,26.0,26.38,36549200,20.5537398624,20.6711898045,20.357989959,20.6555298122,36549200,0.0,1.0
2011-11-07 00:00:00+00:00,26.8,26.82,26.13,26.21,42589700,20.98438965,21.0000496423,20.4597799088,20.5224198779,42589700,0.0,1.0
2011-11-08 00:00:00+00:00,27.16,27.2,26.685,27.01,47822500,21.266269511,21.2975894955,20.8943446944,21.1488195689,47822500,0.0,1.0
2011-11-09 00:00:00+00:00,26.2,26.75,26.06,26.59,62950900,20.5145898817,20.9452396693,20.4049699358,20.8199597311,62950900,0.0,1.0
2011-11-10 00:00:00+00:00,26.28,26.5,26.12,26.47,32514400,20.5772298508,20.7494897659,20.4519499126,20.7259997775,32514400,0.0,1.0
2011-11-11 00:00:00+00:00,26.91,27.075,26.57,26.5799,37903000,21.0705196075,21.1997145438,20.8042997388,20.812051435,37903000,0.0,1.0
2011-11-14 00:00:00+00:00,26.76,27.0,26.65,26.8799,34199200,20.9530696655,21.1409895728,20.866939708,21.0469513192,34199200,0.0,1.0
2011-11-15 00:00:00+00:00,26.74,26.94,26.4,26.56,43874200,21.094009596,21.2517807971,20.825798554,20.9520155149,43874200,0.2,1.0
2011-11-16 00:00:00+00:00,26.07,26.51,26.04,26.47,53262800,20.565476072,20.9125727146,20.5418103919,20.8810184744,53262800,0.0,1.0
2011-11-17 00:00:00+00:00,25.54,26.04,25.44,26.01,70977500,20.147382389,20.5418103919,20.0684967884,20.5181447117,70977500,0.0,1.0
2011-11-18 00:00:00+00:00,25.3,25.5,25.15,25.48,47626200,19.9580569476,20.1158281487,19.8397285467,20.1000510286,47626200,0.0,1.0
2011-11-21 00:00:00+00:00,25.0,25.25,24.9,25.24,61882500,19.7214001458,19.9186141473,19.6425145452,19.9107255872,61882500,0.0,1.0
2011-11-22 00:00:00+00:00,24.79,24.96,24.65,24.89,49204500,19.5557403846,19.6898459056,19.4453005438,19.6346259852,49204500,0.0,1.0
2011-11-23 00:00:00+00:00,24.47,24.79,24.47,24.61,49099700,19.3033064627,19.5557403846,19.3033064627,19.4137463035,49099700,0.0,1.0
2011-11-25 00:00:00+00:00,24.3,24.67,24.3,24.38,26164600,19.1692009417,19.4610776639,19.1692009417,19.2323094222,26164600,0.0,1.0
2011-11-28 00:00:00+00:00,24.87,24.97,24.69,24.94,46766700,19.6188488651,19.6977344656,19.476854784,19.6740687855,46766700,0.0,1.0
2011-11-29 00:00:00+00:00,24.84,25.04,24.75,24.82,40917100,19.5951831849,19.752954386,19.5241861444,19.5794060648,40917100,0.0,1.0
2011-11-30 00:00:00+00:00,25.58,25.585,25.14,25.3701,81350900,20.1789366292,20.1828809092,19.8318399866,20.0133557536,81350900,0.0,1.0
2011-12-01 00:00:00+00:00,25.28,25.63,25.2,25.56,48545400,19.9422798274,20.2183794295,19.879171347,20.1631595091,48545400,0.0,1.0
2011-12-02 00:00:00+00:00,25.22,25.62,25.16,25.59,52293800,19.8949484671,20.2104908694,19.8476171067,20.1868251893,52293800,0.0,1.0
2011-12-05 00:00:00+00:00,25.7,25.8,25.5,25.78,56818400,20.2735993499,20.3524849505,20.1158281487,20.3367078304,56818400,0.0,1.0
2011-12-06 00:00:00+00:00,25.66,25.87,25.61,25.81,46175300,20.2420451097,20.4077048709,20.2026023094,20.3603735105,46175300,0.0,1.0
2011-12-07 00:00:00+00:00,25.6,25.76,25.335,25.67,62667000,20.1947137493,20.3209307102,19.9856669078,20.2499336697,62667000,0.0,1.0
2011-12-08 00:00:00+00:00,25.4,25.72,25.37,25.48,60522200,20.0369425481,20.28937647,20.013276868,20.1000510286,60522200,0.0,1.0
2011-12-09 00:00:00+00:00,25.7,25.87,25.5,25.52,53788500,20.2735993499,20.4077048709,20.1158281487,20.1316052688,53788500,0.0,1.0
2011-12-12 00:00:00+00:00,25.51,25.57,25.29,25.41,38945900,20.1237167088,20.1710480691,19.9501683875,20.0448311082,38945900,0.0,1.0
2011-12-13 00:00:00+00:00,25.76,26.1,25.651,25.75,54581100,20.3209307102,20.5891417522,20.2349454056,20.3130421502,54581100,0.0,1.0
2011-12-14 00:00:00+00:00,25.59,25.86,25.57,25.72,47926400,20.1868251893,20.3998163108,20.1710480691,20.28937647,47926400,0.0,1.0
2011-12-15 00:00:00+00:00,25.56,25.88,25.54,25.72,46213900,20.1631595091,20.4155934309,20.147382389,20.28937647,46213900,0.0,1.0
2011-12-16 00:00:00+00:00,26.0,26.17,25.63,25.67,101408100,20.5102561516,20.6443616726,20.2183794295,20.2499336697,101408100,0.0,1.0
2011-12-19 00:00:00+00:00,25.53,26.12,25.46,26.02,52258300,20.1394938289,20.6049188723,20.0842739085,20.5260332718,52258300,0.0,1.0
2011-12-20 00:00:00+00:00,26.025,26.1,25.81,25.86,60767600,20.5299775518,20.5891417522,20.3603735105,20.3998163108,60767600,0.0,1.0
2011-12-21 00:00:00+00:00,25.76,26.19,25.44,26.01,64132500,20.3209307102,20.6601387927,20.0684967884,20.5181447117,64132500,0.0,1.0
2011-12-22 00:00:00+00:00,25.81,25.86,25.475,25.82,35794100,20.3603735105,20.3998163108,20.0961067486,20.3682620706,35794100,0.0,1.0
2011-12-23 00:00:00+00:00,26.03,26.04,25.73,25.9101,23205800,20.5339218318,20.5418103919,20.2972650301,20.4393379967,23205800,0.0,1.0
2011-12-27 00:00:00+00:00,26.04,26.14,25.93,25.96,21287200,20.5418103919,20.6206959925,20.4550362312,20.4787019114,21287200,0.0,1.0
2011-12-28 00:00:00+00:00,25.82,26.15,25.76,26.11,29822500,20.3682620706,20.6285845525,20.3209307102,20.5970303123,29822500,0.0,1.0
2011-12-29 00:00:00+00:00,26.02,26.05,25.86,25.95,22616900,20.5260332718,20.5496989519,20.3998163108,20.4708133513,22616900,0.0,1.0
2011-12-30 00:00:00+00:00,25.96,26.12,25.91,26.0,27395700,20.4787019114,20.6049188723,20.4392591111,20.5102561516,27395700,0.0,1.0
2012-01-03 00:00:00+00:00,26.765,26.96,26.39,26.55,64731500,21.1137309961,21.2675579172,20.8179099939,20.9441269548,64731500,0.0,1.0
2012-01-04 00:00:00+00:00,27.4,27.47,26.78,26.8199,80516100,21.6146545598,21.6698744802,21.1255638362,21.1570391908,80516100,0.0,1.0
2012-01-05 00:00:00+00:00,27.68,27.728,27.29,27.38,56081400,21.8355342414,21.8733993297,21.5278803992,21.5988774397,56081400,0.0,1.0
2012-01-06 00:00:00+00:00,28.105,28.19,27.525,27.53,99455500,22.1707980439,22.2378508044,21.7132615605,21.7172058406,99455500,0.0,1.0
2012-01-09 00:00:00+00:00,27.74,28.1,27.72,28.05,59706800,21.8828656018,22.1668537639,21.8670884817,22.1274109636,59706800,0.0,1.0
2012-01-10 00:00:00+00:00,27.84,28.15,27.75,27.93,60014400,21.9617512024,22.2062965642,21.8907541618,22.0327482429,60014400,0.0,1.0
2012-01-11 00:00:00+00:00,27.72,27.98,27.37,27.43,65582400,21.8670884817,22.0721910432,21.5909888796,21.63832024,65582400,0.0,1.0
2012-01-12 00:00:00+00:00,28.0,28.02,27.645,27.87,49370800,22.0879681633,22.1037452834,21.8079242812,21.9854168825,49370800,0.0,1.0
2012-01-13 00:00:00+00:00,28.25,28.25,27.79,27.93,60196100,22.2851821648,22.2851821648,21.9223084021,22.0327482429,60196100,0.0,1.0
2012-01-17 00:00:00+00:00,28.255,28.65,28.17,28.4,72395300,22.2891264448,22.6007245671,22.2220736843,22.4035105656,72395300,0.0,1.0
2012-01-18 00:00:00+00:00,28.23,28.4,27.97,28.31,64860600,22.2694050446,22.4035105656,22.0643024831,22.3325135251,64860600,0.0,1.0
2012-01-19 00:00:00+00:00,28.12,28.435,28.03,28.16,74053500,22.182630884,22.4311205258,22.1116338435,22.2141851242,74053500,0.0,1.0
2012-01-20 00:00:00+00:00,29.71,29.74,28.75,28.82,165902900,23.4369119333,23.4605776135,22.6796101677,22.7348300881,165902900,0.0,1.0
2012-01-23 00:00:00+00:00,29.73,29.95,29.35,29.55,76078100,23.4526890534,23.6262373747,23.1529237712,23.3106949723,76078100,0.0,1.0
2012-01-24 00:00:00+00:00,29.34,29.5703,29.18,29.47,51703300,23.1450352111,23.3267087493,23.0188182502,23.2475864919,51703300,0.0,1.0
2012-01-25 00:00:00+00:00,29.56,29.65,29.07,29.07,59231700,23.3185835324,23.3895805729,22.9320440895,22.9320440895,59231700,0.0,1.0
2012-01-26 00:00:00+00:00,29.5,29.7,29.4,29.61,49102800,23.2712521721,23.4290233732,23.1923665715,23.3580263327,49102800,0.0,1.0
2012-01-27 00:00:00+00:00,29.23,29.53,29.17,29.45,44187700,23.0582610505,23.2949178522,23.0109296901,23.2318093718,44187700,0.0,1.0
2012-01-30 00:00:00+00:00,29.61,29.62,28.83,28.97,51114800,23.3580263327,23.3659148928,22.7427186481,22.853158489,51114800,0.0,1.0
2012-01-31 00:00:00+00:00,29.53,29.7,29.23,29.66,50572400,23.2949178522,23.4290233732,23.0582610505,23.397469133,50572400,0.0,1.0
2012-02-01 00:00:00+00:00,29.89,30.05,29.76,29.79,67409900,23.5789060143,23.7051229753,23.4763547336,23.5000204137,67409900,0.0,1.0
2012-02-02 00:00:00+00:00,29.95,30.17,29.71,29.9,52223300,23.6262373747,23.799785696,23.4369119333,23.5867945744,52223300,0.0,1.0
2012-02-03 00:00:00+00:00,30.24,30.4,30.09,30.1401,41838500,23.8550056164,23.9812225773,23.7366772155,23.7761989014,41838500,0.0,1.0
2012-02-06 00:00:00+00:00,30.2,30.22,29.97,30.04,28039700,23.8234513761,23.8392284963,23.6420144948,23.6972344152,28039700,0.0,1.0
2012-02-07 00:00:00+00:00,30.35,30.485,30.05,30.15,39242400,23.941779777,24.0482753378,23.7051229753,23.7840085758,39242400,0.0,1.0
2012-02-08 00:00:00+00:00,30.66,30.67,30.22,30.26,49659100,24.1863251388,24.1942136989,23.8392284963,23.8707827365,49659100,0.0,1.0
2012-02-09 00:00:00+00:00,30.77,30.8,30.48,30.68,50481600,24.2730992995,24.2967649796,24.0443310578,24.2021022589,50481600,0.0,1.0
2012-02-10 00:00:00+00:00,30.495,30.8,30.36,30.64,44605300,24.0561638979,24.2967649796,23.9496683371,24.1705480187,44605300,0.0,1.0
2012-02-13 00:00:00+00:00,30.58,30.77,30.43,30.63,33319800,24.1232166584,24.2730992995,24.0048882575,24.1626594586,33319800,0.0,1.0
2012-02-14 00:00:00+00:00,30.25,30.46,29.85,30.33,59644000,24.0206653776,24.18742041,23.7030367445,24.0841911042,59644000,0.2,1.0
2012-02-15 00:00:00+00:00,30.05,30.39,30.03,30.3301,43311300,23.861851061,24.1318353992,23.8459696294,24.0842705114,43311300,0.0,1.0
2012-02-16 00:00:00+00:00,31.285,31.55,30.3,30.31,94705100,24.8425294657,25.0529584351,24.0603689567,24.0683096726,94705100,0.0,1.0
2012-02-17 00:00:00+00:00,31.25,31.32,30.95,31.2,70036500,24.8147369603,24.8703219711,24.5765154855,24.7750333812,70036500,0.0,1.0
2012-02-21 00:00:00+00:00,31.44,31.61,31.15,31.18,50829900,24.965610561,25.1006027301,24.7353298021,24.7591519495,50829900,0.0,1.0
2012-02-22 00:00:00+00:00,31.27,31.68,31.18,31.45,49253200,24.830618392,25.1561877409,24.7591519495,24.9735512769,49253200,0.0,1.0
2012-02-23 00:00:00+00:00,31.37,31.59,31.0,31.2,35034700,24.9100255503,25.0847212985,24.6162190646,24.7750333812,35034700,0.0,1.0
2012-02-24 00:00:00+00:00,31.48,31.5,31.24,31.48,35575400,24.9973734244,25.013254856,24.8067962445,24.9973734244,35575400,0.0,1.0
2012-02-27 00:00:00+00:00,31.35,31.5,31.1,31.24,34568400,24.8941441186,25.013254856,24.6956262229,24.8067962445,34568400,0.0,1.0
2012-02-28 00:00:00+00:00,31.87,31.93,31.38,31.41,45230600,25.3070613416,25.3547056366,24.9179662661,24.9417884136,45230600,0.0,1.0
2012-02-29 00:00:00+00:00,31.74,32.0,31.61,31.885,59323600,25.2038320359,25.4102906474,25.1006027301,25.3189724154,59323600,0.0,1.0
2012-03-01 00:00:00+00:00,32.29,32.39,31.85,31.93,77344100,25.6405714064,25.7199785646,25.29117991,25.3547056366,77344100,0.0,1.0
2012-03-02 00:00:00+00:00,32.075,32.44,32.0,32.31,47314200,25.4698460161,25.7596821438,25.4102906474,25.656452838,47314200,0.0,1.0
2012-03-05 00:00:00+00:00,31.8,32.05,31.62,32.01,45240000,25.2514763308,25.4499942265,25.1085434459,25.4182313632,45240000,0.0,1.0
2012-03-06 00:00:00+00:00,31.555,31.98,31.49,31.54,51932900,25.0569287931,25.3944092157,25.0053141402,25.0450177193,51932900,0.0,1.0
2012-03-07 00:00:00+00:00,31.84,31.92,31.53,31.67,34340400,25.2832391941,25.3467649208,25.0370770035,25.1482470251,34340400,0.0,1.0
2012-03-08 00:00:00+00:00,32.01,32.21,31.9,32.04,36747400,25.4182313632,25.5770456797,25.3308834891,25.4420535107,36747400,0.0,1.0
2012-03-09 00:00:00+00:00,31.99,32.16,31.92,32.1,34628400,25.4023499315,25.5373421006,25.3467649208,25.4896978056,34628400,0.0,1.0
2012-03-12 00:00:00+00:00,32.04,32.2,31.82,31.97,34073600,25.4420535107,25.5691049639,25.2673577625,25.3864684999,34073600,0.0,1.0
2012-03-13 00:00:00+00:00,32.67,32.69,32.15,32.24,48951700,25.9423186078,25.9582000395,25.5294013848,25.6008678272,48951700,0.0,1.0
2012-03-14 00:00:00+00:00,32.77,32.88,32.49,32.53,41986900,26.0217257661,26.1090736402,25.7993857229,25.8311485862,41986900,0.0,1.0
2012-03-15 00:00:00+00:00,32.85,32.94,32.58,32.79,49068300,26.0852514927,26.1567179351,25.8708521654,26.0376071977,49068300,0.0,1.0
2012-03-16 00:00:00+00:00,32.6,32.95,32.5,32.91,65626400,25.886733597,26.164658651,25.8073264387,26.1328957877,65626400,0.0,1.0
2012-03-19 00:00:00+00:00,32.2,32.61,32.15,32.535,44789200,25.5691049639,25.8946743128,25.5294013848,25.8351189441,44789200,0.0,1.0
2012-03-20 00:00:00+00:00,31.99,32.15,31.74,32.1,41566800,25.4023499315,25.5294013848,25.2038320359,25.4896978056,41566800,0.0,1.0
2012-03-21 00:00:00+00:00,31.91,32.15,31.82,31.96,37928600,25.3388242049,25.5294013848,25.2673577625,25.3785277841,37928600,0.0,1.0
2012-03-22 00:00:00+00:00,31.995,32.09,31.79,31.81,31749500,25.4063202895,25.4817570898,25.243535615,25.2594170467,31749500,0.0,1.0
2012-03-23 00:00:00+00:00,32.01,32.11,31.72,32.1,35912200,25.4182313632,25.4976385215,25.1879506042,25.4896978056,35912200,0.0,1.0
2012-03-26 00:00:00+00:00,32.59,32.61,32.155,32.19,36758300,25.8787928812,25.8946743128,25.5333717427,25.5611642481,36758300,0.0,1.0
2012-03-27 00:00:00+00:00,32.52,32.7,32.4,32.65,36274900,25.8232078704,25.9661407553,25.7279192805,25.9264371761,36274900,0.0,1.0
2012-03-28 00:00:00+00:00,32.19,32.7,32.04,32.52,41344800,25.5611642481,25.9661407553,25.4420535107,25.8232078704,41344800,0.0,1.0
2012-03-29 00:00:00+00:00,32.12,32.19,31.81,32.06,37038500,25.5055792373,25.5611642481,25.2594170467,25.4579349423,37038500,0.0,1.0
2012-03-30 00:00:00+00:00,32.255,32.41,32.04,32.4,31749400,25.612778901,25.7358599963,25.4420535107,25.7279192805,31749400,0.0,1.0
2012-04-02 00:00:00+00:00,32.29,32.46,31.95,32.22,35853600,25.6405714064,25.7755635754,25.3705870682,25.5849863956,35853600,0.0,1.0
2012-04-03 00:00:00+00:00,31.94,32.19,31.66,32.16,42752100,25.3626463524,25.5611642481,25.1403063092,25.5373421006,42752100,0.0,1.0
2012-04-04 00:00:00+00:00,31.21,31.69,31.05,31.66,49455900,24.782974097,25.1641284567,24.6559226438,25.1403063092,49455900,0.0,1.0
2012-04-05 00:00:00+00:00,31.52,31.63,31.0501,31.15,50368600,25.0291362877,25.1164841618,24.6560020509,24.7353298021,50368600,0.0,1.0
2012-04-09 00:00:00+00:00,31.1,31.4,30.97,31.22,31056400,24.6956262229,24.9338476977,24.5923969172,24.7909148128,31056400,0.0,1.0
2012-04-10 00:00:00+00:00,30.47,31.19,30.3,31.06,54131300,24.1953611258,24.7670926654,24.0603689567,24.6638633596,54131300,0.0,1.0
2012-04-11 00:00:00+00:00,30.345,30.53,30.23,30.43,43014000,24.096102178,24.2430054208,24.0047839459,24.1635982625,43014000,0.0,1.0
2012-04-12 00:00:00+00:00,30.975,31.04,30.42,30.48,38304000,24.5963672751,24.647981928,24.1556575467,24.2033018416,38304000,0.0,1.0
2012-04-13 00:00:00+00:00,30.81,31.16,30.72,30.89,39749200,24.4653454639,24.7432705179,24.3938790215,24.5288711905,39749200,0.0,1.0
2012-04-16 00:00:00+00:00,31.075,31.19,30.77,30.99,38124800,24.6757744333,24.7670926654,24.4335826006,24.6082783488,38124800,0.0,1.0
2012-04-17 00:00:00+00:00,31.44,31.61,31.2,31.27,34361500,24.965610561,25.1006027301,24.7750333812,24.830618392,34361500,0.0,1.0
2012-04-18 00:00:00+00:00,31.14,31.31,31.04,31.28,40552900,24.7273890862,24.8623812553,24.647981928,24.8385591078,40552900,0.0,1.0
2012-04-19 00:00:00+00:00,31.01,31.68,30.94,31.13,54781200,24.6241597805,25.1561877409,24.5685747697,24.7194483704,54781200,0.0,1.0
2012-04-20 00:00:00+00:00,32.42,32.89,32.05,32.15,106045000,25.7438007121,26.117014356,25.4499942265,25.5294013848,106045000,0.0,1.0
2012-04-23 00:00:00+00:00,32.12,32.5,32.03,32.31,61398200,25.5055792373,25.8073264387,25.4341127949,25.656452838,61398200,0.0,1.0
2012-04-24 00:00:00+00:00,31.92,32.52,31.83,32.21,40871100,25.3467649208,25.8232078704,25.2752984783,25.5770456797,40871100,0.0,1.0
2012-04-25 00:00:00+00:00,32.2,32.32,31.87,31.92,62495500,25.5691049639,25.6643935538,25.3070613416,25.3467649208,62495500,0.0,1.0
2012-04-26 00:00:00+00:00,32.11,32.23,31.92,32.12,40308100,25.4976385215,25.5929271114,25.3467649208,25.5055792373,40308100,0.0,1.0
2012-04-27 00:00:00+00:00,31.98,32.22,31.88,32.12,41419100,25.3944092157,25.5849863956,25.3150020574,25.5055792373,41419100,0.0,1.0
2012-04-30 00:00:00+00:00,32.015,32.11,31.92,31.98,35697200,25.4222017211,25.4976385215,25.3467649208,25.3944092157,35697200,0.0,1.0
2012-05-01 00:00:00+00:00,32.01,32.335,31.95,32.05,43832300,25.4182313632,25.6763046276,25.3705870682,25.4499942265,43832300,0.0,1.0
2012-05-02 00:00:00+00:00,31.8,31.925,31.64,31.85,37385300,25.2514763308,25.3507352787,25.1244248776,25.29117991,37385300,0.0,1.0
2012-05-03 00:00:00+00:00,31.76,31.9,31.61,31.88,31501300,25.2197134675,25.3308834891,25.1006027301,25.3150020574,31501300,0.0,1.0
2012-05-04 00:00:00+00:00,30.98,31.57,30.92,31.45,57927200,24.600337633,25.0688398668,24.552693338,24.9735512769,57927200,0.0,1.0
2012-05-07 00:00:00+00:00,30.65,30.86,30.57,30.7,48641400,24.3382940107,24.5050490431,24.2747682841,24.3779975898,48641400,0.0,1.0
2012-05-08 00:00:00+00:00,30.5,30.78,30.17,30.48,46328300,24.2191832733,24.4415233164,23.957139651,24.2033018416,46328300,0.0,1.0
2012-05-09 00:00:00+00:00,30.76,30.83,30.1,30.19,50309300,24.4256418848,24.4812268956,23.9015546402,23.9730210826,50309300,0.0,1.0
2012-05-10 00:00:00+00:00,30.74,31.02,30.45,30.86,43839200,24.4097604531,24.6321004963,24.1794796941,24.5050490431,43839200,0.0,1.0
2012-05-11 00:00:00+00:00,31.16,31.54,30.69,30.69,43459300,24.7432705179,25.0450177193,24.370056874,24.370056874,43459300,0.0,1.0
2012-05-14 00:00:00+00:00,30.68,31.04,30.64,30.82,40528900,24.3621161582,24.647981928,24.3303532949,24.4732861798,40528900,0.0,1.0
2012-05-15 00:00:00+00:00,30.21,30.795,30.15,30.64,61822800,24.1477168308,24.6153240584,24.0997571152,24.4914281263,61822800,0.2,1.0
2012-05-16 00:00:00+00:00,29.9,30.32,29.74,30.31,60083700,23.8999249666,24.2356429762,23.7720323916,24.2276496903,60083700,0.0,1.0
2012-05-17 00:00:00+00:00,29.72,30.2084,29.71,29.99,48484000,23.7560458197,24.1464379051,23.7480525337,23.9718645401,48484000,0.0,1.0
2012-05-18 00:00:00+00:00,29.27,29.81,29.17,29.79,56205300,23.3963479523,23.8279853932,23.3164150929,23.8119988213,56205300,0.0,1.0
2012-05-21 00:00:00+00:00,29.75,29.79,29.06,29.1,38787900,23.7800256775,23.8119988213,23.2284889475,23.2604620913,38787900,0.0,1.0
2012-05-22 00:00:00+00:00,29.76,29.88,29.5,29.69,39504900,23.7880189634,23.8839383947,23.5801935289,23.7320659618,39504900,0.0,1.0
2012-05-23 00:00:00+00:00,29.11,29.4,28.64,29.35,65171000,23.2684553772,23.5002606695,22.8927709379,23.4602942398,65171000,0.0,1.0
2012-05-24 00:00:00+00:00,29.07,29.3,28.76,29.16,52575000,23.2364822334,23.4203278101,22.9886903692,23.3084218069,52575000,0.0,1.0
2012-05-25 00:00:00+00:00,29.06,29.36,29.01,29.2,29507200,23.2284889475,23.4682875258,23.1885225178,23.3403949507,29507200,0.0,1.0
2012-05-29 00:00:00+00:00,29.56,29.72,29.22,29.38,37758800,23.6281532446,23.7560458197,23.3563815226,23.4842740976,37758800,0.0,1.0
2012-05-30 00:00:00+00:00,29.34,29.479,29.12,29.35,41585500,23.4523009539,23.5634076285,23.2764486632,23.4602942398,41585500,0.0,1.0
2012-05-31 00:00:00+00:00,29.19,29.42,28.94,29.3,39134000,23.3324016647,23.5162472414,23.1325695162,23.4203278101,39134000,0.0,1.0
2012-06-01 00:00:00+00:00,28.45,28.96,28.44,28.76,56634300,22.740898505,23.1485560881,22.7329052191,22.9886903692,56634300,0.0,1.0
2012-06-04 00:00:00+00:00,28.55,28.78,28.32,28.62,47926300,22.8208313645,23.0046769411,22.6369857878,22.8767843661,47926300,0.0,1.0
2012-06-05 00:00:00+00:00,28.505,28.75,28.39,28.51,45715400,22.7848615777,22.9806970833,22.6929387894,22.7888582207,45715400,0.0,1.0
2012-06-06 00:00:00+00:00,29.35,29.37,28.8075,28.88,46860500,23.4602942398,23.4762808117,23.0266584775,23.0846098005,46860500,0.0,1.0
2012-06-07 00:00:00+00:00,29.23,29.7,29.17,29.64,37792800,23.3643748085,23.7400592478,23.3164150929,23.6920995321,37792800,0.0,1.0
2012-06-08 00:00:00+00:00,29.65,29.68,29.05,29.21,42551100,23.7000928181,23.7240726759,23.2204956616,23.3483882366,42551100,0.0,1.0
2012-06-11 00:00:00+00:00,28.895,29.81,28.82,29.73,46361900,23.0965997295,23.8279853932,23.0366500849,23.7640391056,46361900,0.0,1.0
2012-06-12 00:00:00+00:00,29.29,29.3,28.84,29.1,35337900,23.4123345242,23.4203278101,23.0526366568,23.2604620913,35337900,0.0,1.0
2012-06-13 00:00:00+00:00,29.13,29.44,29.05,29.22,32984600,23.2844419491,23.5322338133,23.2204956616,23.3563815226,32984600,0.0,1.0
2012-06-14 00:00:00+00:00,29.34,29.46,28.88,29.33,39458900,23.4523009539,23.5482203852,23.0846098005,23.4443076679,39458900,0.0,1.0
2012-06-15 00:00:00+00:00,30.02,30.08,29.49,29.59,62314400,23.9958443979,24.0438041136,23.572200243,23.6521331024,62314400,0.0,1.0
2012-06-18 00:00:00+00:00,29.84,30.03,29.71,29.99,58679900,23.851965251,24.0038376839,23.7480525337,23.9718645401,58679900,0.0,1.0
2012-06-19 00:00:00+00:00,30.7,31.11,30.05,30.19,75725800,24.539387842,24.8671125656,24.0198242558,24.1317302589,75725800,0.0,1.0
2012-06-20 00:00:00+00:00,30.93,31.05,30.64,30.93,36257100,24.7232334187,24.81915285,24.4914281263,24.7232334187,36257100,0.0,1.0
2012-06-21 00:00:00+00:00,30.135,31.14,30.06,30.96,48456600,24.0877671863,24.8910924234,24.0278175417,24.7472132765,48456600,0.0,1.0
2012-06-22 00:00:00+00:00,30.7,30.73,30.03,30.3,45098100,24.539387842,24.5633676998,24.0038376839,24.2196564043,45098100,0.0,1.0
2012-06-25 00:00:00+00:00,29.865,30.32,29.62,30.3001,42217200,23.8719484658,24.2356429762,23.6761129603,24.2197363372,42217200,0.0,1.0
2012-06-26 00:00:00+00:00,30.02,30.27,29.94,30.0,38421300,23.9958443979,24.1956765465,23.9318981104,23.979857826,38421300,0.0,1.0
2012-06-27 00:00:00+00:00,30.17,30.5,30.03,30.19,33781700,24.1157436871,24.3795221232,24.0038376839,24.1317302589,33781700,0.0,1.0
2012-06-28 00:00:00+00:00,29.91,30.05,29.42,29.98,45328400,23.9079182526,24.0198242558,23.5162472414,23.9638712542,45328400,0.0,1.0
2012-06-29 00:00:00+00:00,30.59,30.69,30.14,30.45,55227200,24.4514616966,24.531394556,24.0917638292,24.3395556934,55227200,0.0,1.0
2012-07-02 00:00:00+00:00,30.56,30.62,30.21,30.62,30589100,24.4274818388,24.4754415545,24.1477168308,24.4754415545,30589100,0.0,1.0
2012-07-03 00:00:00+00:00,30.76,30.76,30.17,30.23,20938100,24.5873475576,24.5873475576,24.1157436871,24.1637034027,20938100,0.0,1.0
2012-07-05 00:00:00+00:00,30.7,30.78,30.375,30.59,28801900,24.539387842,24.6033341295,24.2796060489,24.4514616966,28801900,0.0,1.0
2012-07-06 00:00:00+00:00,30.185,30.7,29.95,30.61,38294800,24.127733616,24.539387842,23.9398913963,24.4674482685,38294800,0.0,1.0
2012-07-09 00:00:00+00:00,30.0,30.23,29.78,30.12,30680800,23.979857826,24.1637034027,23.8040055353,24.0757772574,30680800,0.0,1.0
2012-07-10 00:00:00+00:00,29.74,30.22,29.51,30.08,37534100,23.7720323916,24.1557101168,23.5881868149,24.0438041136,37534100,0.0,1.0
2012-07-11 00:00:00+00:00,29.3,29.735,29.105,29.71,39184900,23.4203278101,23.7680357486,23.2644587342,23.7480525337,39184900,0.0,1.0
2012-07-12 00:00:00+00:00,28.63,29.18,28.54,29.15,63523600,22.884777652,23.3244083788,22.8128380785,23.300428521,63523600,0.0,1.0
2012-07-13 00:00:00+00:00,29.39,29.48,28.72,28.76,39085000,23.4922673836,23.5642069571,22.9567172255,22.9886903692,39085000,0.0,1.0
2012-07-16 00:00:00+00:00,29.44,29.53,29.04,29.48,27900600,23.5322338133,23.6041733868,23.2125023756,23.5642069571,27900600,0.0,1.0
2012-07-17 00:00:00+00:00,29.66,29.86,29.2,29.64,33771300,23.708086104,23.8679518229,23.3403949507,23.6920995321,33771300,0.0,1.0
2012-07-18 00:00:00+00:00,30.45,30.45,29.46,29.6,41090400,24.3395556934,24.3395556934,23.5482203852,23.6601263884,41090400,0.0,1.0
2012-07-19 00:00:00+00:00,30.665,30.8,30.38,30.51,46663200,24.5114113412,24.6193207014,24.2836026918,24.3875154091,46663200,0.0,1.0
2012-07-20 00:00:00+00:00,30.115,31.05,30.05,31.0,64021700,24.0717806144,24.81915285,24.0198242558,24.7791864203,64021700,0.0,1.0
2012-07-23 00:00:00+00:00,29.28,29.58,29.01,29.57,55151900,23.4043412382,23.6441398165,23.1885225178,23.6361465305,55151900,0.0,1.0
2012-07-24 00:00:00+00:00,29.15,29.36,28.9,29.2401,47723300,23.300428521,23.4682875258,23.1005963724,23.3724480273,47723300,0.0,1.0
2012-07-25 00:00:00+00:00,28.83,29.33,28.78,29.24,45579500,23.0446433708,23.4443076679,23.0046769411,23.3723680945,45579500,0.0,1.0
2012-07-26 00:00:00+00:00,29.16,29.5,29.09,29.23,45301400,23.3084218069,23.5801935289,23.2524688053,23.3643748085,45301400,0.0,1.0
2012-07-27 00:00:00+00:00,29.755,29.85,29.18,29.48,44242600,23.7840223205,23.8599585369,23.3244083788,23.5642069571,44242600,0.0,1.0
2012-07-30 00:00:00+00:00,29.64,29.82,29.46,29.75,28905000,23.6920995321,23.8359786791,23.5482203852,23.7800256775,28905000,0.0,1.0
2012-07-31 00:00:00+00:00,29.47,29.71,29.33,29.48,37620900,23.5562136711,23.7480525337,23.4443076679,23.5642069571,37620900,0.0,1.0
2012-08-01 00:00:00+00:00,29.41,29.65,29.21,29.59,31721800,23.5082539555,23.7000928181,23.3483882366,23.6521331024,31721800,0.0,1.0
2012-08-02 00:00:00+00:00,29.19,29.525,28.97,29.21,39520500,23.3324016647,23.6001767438,23.156549374,23.3483882366,39520500,0.0,1.0
2012-08-03 00:00:00+00:00,29.75,29.94,29.48,29.53,35859400,23.7800256775,23.9318981104,23.5642069571,23.6041733868,35859400,0.0,1.0
2012-08-06 00:00:00+00:00,29.95,30.11,29.81,30.0,27471800,23.9398913963,24.0677839714,23.8279853932,23.979857826,27471800,0.0,1.0
2012-08-07 00:00:00+00:00,30.26,30.35,29.87,30.07,28002900,24.1876832605,24.259622834,23.8759451088,24.0358108276,28002900,0.0,1.0
2012-08-08 00:00:00+00:00,30.33,30.47,30.11,30.21,26257600,24.2436362621,24.3555422653,24.0677839714,24.1477168308,26257600,0.0,1.0
2012-08-09 00:00:00+00:00,30.5,30.65,30.3,30.39,24920800,24.3795221232,24.4994214123,24.2196564043,24.2915959778,24920800,0.0,1.0
2012-08-10 00:00:00+00:00,30.42,30.62,30.25,30.5,27810300,24.3155758356,24.4754415545,24.1796899746,24.3795221232,27810300,0.0,1.0
2012-08-13 00:00:00+00:00,30.39,30.46,30.16,30.35,23049100,24.2915959778,24.3475489794,24.1077504011,24.259622834,23049100,0.0,1.0
2012-08-14 00:00:00+00:00,30.13,30.39,30.01,30.3,34551400,24.2436362621,24.4528412216,24.147080127,24.3804241202,34551400,0.2,1.0
2012-08-15 00:00:00+00:00,30.2,30.28,30.02,30.11,24351000,24.2999606743,24.364331431,24.1551264716,24.2275435729,24351000,0.0,1.0
2012-08-16 00:00:00+00:00,30.78,30.94,30.26,30.3605,35787200,24.7666486608,24.8953901743,24.3482387419,24.429104505,35787200,0.0,1.0
2012-08-17 00:00:00+00:00,30.9,30.92,30.59,30.92,32589900,24.8632047959,24.8792974851,24.6137681135,24.8792974851,32589900,0.0,1.0
2012-08-20 00:00:00+00:00,30.74,30.85,30.58,30.82,23737700,24.7344632824,24.8229730729,24.6057217689,24.7988340391,23737700,0.0,1.0
2012-08-21 00:00:00+00:00,30.8,30.96,30.61,30.76,28822700,24.7827413499,24.9114828634,24.6298608027,24.7505559716,28822700,0.0,1.0
2012-08-22 00:00:00+00:00,30.54,30.76,30.465,30.59,33437400,24.5735363905,24.7505559716,24.513188806,24.6137681135,33437400,0.0,1.0
2012-08-23 00:00:00+00:00,30.255,30.4,30.08,30.39,28355600,24.3442155696,24.4608875662,24.2034045392,24.4528412216,28355600,0.0,1.0
2012-08-24 00:00:00+00:00,30.56,30.63,30.18,30.25,22943300,24.5896290797,24.6459534918,24.2838679851,24.3401923973,22943300,0.0,1.0
2012-08-27 00:00:00+00:00,30.69,30.96,30.59,30.93,34691100,24.6942315594,24.9114828634,24.6137681135,24.8873438297,34691100,0.0,1.0
2012-08-28 00:00:00+00:00,30.63,30.8,30.52,30.7,23947900,24.6459534918,24.7827413499,24.5574437013,24.702277904,23947900,0.0,1.0
2012-08-29 00:00:00+00:00,30.65,30.75,30.44,30.6518,23346800,24.662046181,24.742509627,24.4930729446,24.6634945231,23346800,0.0,1.0
2012-08-30 00:00:00+00:00,30.32,30.61,30.22,30.53,23982100,24.3965168094,24.6298608027,24.3160533635,24.5654900459,23982100,0.0,1.0
2012-08-31 00:00:00+00:00,30.82,30.96,30.38,30.6,36590100,24.7988340391,24.9114828634,24.444794877,24.6218144581,36590100,0.0,1.0
2012-09-04 00:00:00+00:00,30.385,30.66,30.15,30.45,48556700,24.4488180493,24.6700925256,24.2597289513,24.5011192891,48556700,0.0,1.0
2012-09-05 00:00:00+00:00,30.39,30.53,30.21,30.22,33650000,24.4528412216,24.5654900459,24.3080070189,24.3160533635,33650000,0.0,1.0
2012-09-06 00:00:00+00:00,31.345,31.36,30.46,30.5,48371700,25.2212671303,25.2333366472,24.5091656337,24.5413510121,48371700,0.0,1.0
2012-09-07 00:00:00+00:00,30.95,31.07,30.73,31.04,42649100,24.9034365189,24.999992654,24.7264169378,24.9758536202,42649100,0.0,1.0
2012-09-10 00:00:00+00:00,30.72,30.9,30.51,30.83,40524000,24.7183705932,24.8632047959,24.5493973567,24.8068803837,40524000,0.0,1.0
2012-09-11 00:00:00+00:00,30.79,30.91,30.6101,30.69,25191800,24.7746950053,24.8712511405,24.6299412661,24.6942315594,25191800,0.0,1.0
2012-09-12 00:00:00+00:00,30.78,31.18,30.73,30.94,32775800,24.7666486608,25.0885024445,24.7264169378,24.8953901743,32775800,0.0,1.0
2012-09-13 00:00:00+00:00,30.935,31.18,30.4,30.89,45047300,24.891367002,25.0885024445,24.4608875662,24.8551584513,45047300,0.0,1.0
2012-09-14 00:00:00+00:00,31.21,31.25,30.81,31.01,51422800,25.1126414783,25.1448268567,24.7907876945,24.9517145864,51422800,0.0,1.0
2012-09-17 00:00:00+00:00,31.21,31.26,31.04,31.19,36488500,25.1126414783,25.1528732013,24.9758536202,25.0965487891,36488500,0.0,1.0
2012-09-18 00:00:00+00:00,31.175,31.21,31.03,31.1,34542700,25.0844792722,25.1126414783,24.9678072756,25.0241316878,34542700,0.0,1.0
2012-09-19 00:00:00+00:00,31.052,31.19,31.04,31.09,48871900,24.9855092337,25.0965487891,24.9758536202,25.0160853432,48871900,0.0,1.0
2012-09-20 00:00:00+00:00,31.45,31.48,30.91,30.95,45543000,25.3057537486,25.3298927823,24.8712511405,24.9034365189,45543000,0.0,1.0
2012-09-21 00:00:00+00:00,31.19,31.61,31.09,31.43,102348900,25.0965487891,25.4344952621,25.0160853432,25.2896610594,102348900,0.0,1.0
2012-09-24 00:00:00+00:00,30.78,31.07,30.64,31.0,46825900,24.7666486608,24.999992654,24.6539998364,24.9436682418,46825900,0.0,1.0
2012-09-25 00:00:00+00:00,30.39,31.0,30.36,30.95,54266400,24.4528412216,24.9436682418,24.4287021878,24.9034365189,54266400,0.0,1.0
2012-09-26 00:00:00+00:00,30.165,30.6,30.04,30.28,54672000,24.2717984682,24.6218144581,24.1712191608,24.364331431,54672000,0.0,1.0
2012-09-27 00:00:00+00:00,30.16,30.4,29.89,30.17,47129900,24.2677752959,24.4608875662,24.0505239919,24.2758216405,47129900,0.0,1.0
2012-09-28 00:00:00+00:00,29.76,30.26,29.74,30.18,54229300,23.9459215122,24.3482387419,23.929828823,24.2838679851,54229300,0.0,1.0
2012-10-01 00:00:00+00:00,29.49,29.98,29.42,29.81,54042700,23.7286702081,24.1229410932,23.672345796,23.9861532351,54042700,0.0,1.0
2012-10-02 00:00:00+00:00,29.66,29.89,29.5,29.68,43338900,23.8654580662,24.0505239919,23.7367165527,23.8815507554,43338900,0.0,1.0
2012-10-03 00:00:00+00:00,29.86,29.99,29.67,29.75,46655900,24.0263849581,24.1309874378,23.8735044108,23.9378751676,46655900,0.0,1.0
2012-10-04 00:00:00+00:00,30.03,30.03,29.57,29.955,43634900,24.1631728162,24.1631728162,23.7930409649,24.1028252317,43634900,0.0,1.0
2012-10-05 00:00:00+00:00,29.85,30.25,29.74,30.23,41133900,24.0183386135,24.3401923973,23.929828823,24.3240997081,41133900,0.0,1.0
2012-10-08 00:00:00+00:00,29.78,29.92,29.55,29.64,29752000,23.9620142013,24.0746630257,23.7769482757,23.849365377,29752000,0.0,1.0
2012-10-09 00:00:00+00:00,29.28,29.74,29.18,29.68,45121100,23.5596969716,23.929828823,23.4792335257,23.8815507554,45121100,0.0,1.0
2012-10-10 00:00:00+00:00,28.98,29.31,28.95,29.15,47227100,23.3183066338,23.5838360054,23.2941676,23.4550944919,47227100,0.0,1.0
2012-10-11 00:00:00+00:00,28.95,29.25,28.87,29.215,41488500,23.2941676,23.5355579379,23.2297968433,23.5073957318,41488500,0.0,1.0
2012-10-12 00:00:00+00:00,29.2,29.32,28.8,28.97,46464700,23.4953262149,23.59188235,23.1734724311,23.3102602892,46464700,0.0,1.0
2012-10-15 00:00:00+00:00,29.51,29.72,29.25,29.37,42440200,23.7447628973,23.9137361338,23.5355579379,23.632114073,42440200,0.0,1.0
2012-10-16 00:00:00+00:00,29.49,29.74,29.32,29.45,47739400,23.7286702081,23.929828823,23.59188235,23.6964848297,47739400,0.0,1.0
2012-10-17 00:00:00+00:00,29.59,29.64,29.09,29.3,44206100,23.8091336541,23.849365377,23.4068164243,23.5757896608,44206100,0.0,1.0
2012-10-18 00:00:00+00:00,29.495,29.73,29.26,29.65,59238500,23.7326933804,23.9217824784,23.5436042824,23.8574117216,59238500,0.0,1.0
2012-10-19 00:00:00+00:00,28.64,29.08,28.5,29.05,90470800,23.0447309176,23.3987700798,22.9320820933,23.374631046,90470800,0.0,1.0
2012-10-22 00:00:00+00:00,28.0,28.83,27.83,28.73,83374000,22.5297648636,23.1976114649,22.3929770055,23.117148019,83374000,0.0,1.0
2012-10-23 00:00:00+00:00,28.047,28.2,27.76,27.765,64414800,22.5675826832,22.6906917555,22.3366525933,22.3406757656,64414800,0.0,1.0
2012-10-24 00:00:00+00:00,27.9019,28.2,27.87,28.16,53320400,22.4508302231,22.6906917555,22.4251623839,22.6585063771,53320400,0.0,1.0
2012-10-25 00:00:00+00:00,27.88,28.2,27.86,28.19,54084300,22.4332087285,22.6906917555,22.4171160393,22.6826454109,54084300,0.0,1.0
2012-10-26 00:00:00+00:00,28.21,28.34,27.84,27.86,57790000,22.6987381001,22.8033405798,22.4010233501,22.4171160393,57790000,0.0,1.0
2012-10-31 00:00:00+00:00,28.54,28.88,28.5,28.55,69464100,22.9642674717,23.2378431879,22.9320820933,22.9723138163,69464100,0.0,1.0
2012-11-01 00:00:00+00:00,29.515,29.56,28.82,28.84,72047900,23.7487860696,23.7849946203,23.1895651203,23.2056578095,72047900,0.0,1.0
2012-11-02 00:00:00+00:00,29.4998,29.77,29.33,29.59,57131600,23.7365556258,23.9539678567,23.5999286946,23.8091336541,57131600,0.0,1.0
2012-11-05 00:00:00+00:00,29.63,29.74,29.33,29.62,38070800,23.8413190324,23.929828823,23.5999286946,23.8332726878,38070800,0.0,1.0
2012-11-06 00:00:00+00:00,29.86,30.2,29.61,29.82,43401500,24.0263849581,24.2999606743,23.8252263432,23.9941995797,43401500,0.0,1.0
2012-11-07 00:00:00+00:00,29.08,29.825,29.05,29.53,57871800,23.3987700798,23.998222752,23.374631046,23.7608555865,57871800,0.0,1.0
2012-11-08 00:00:00+00:00,28.81,29.37,28.8,29.12,49841800,23.1815187757,23.632114073,23.1734724311,23.4309554581,49841800,0.0,1.0
2012-11-09 00:00:00+00:00,28.83,29.19,28.805,28.88,43291200,23.1976114649,23.4872798703,23.1774956034,23.2378431879,43291200,0.0,1.0
2012-11-12 00:00:00+00:00,28.22,29.01,28.21,28.94,61112300,22.7067844447,23.3424456676,22.6987381001,23.2861212554,61112300,0.0,1.0
2012-11-13 00:00:00+00:00,27.0895,27.3,26.75,27.02,131689200,21.982211114,22.1530247295,21.7067183705,21.9258142195,131689200,0.23,1.0
2012-11-14 00:00:00+00:00,26.84,27.29,26.8,27.24,76086100,21.7797503202,22.1449100685,21.7472916759,22.1043367631,76086100,0.0,1.0
2012-11-15 00:00:00+00:00,26.6607,26.97,26.63,26.88,50955600,21.6342544471,21.8852409141,21.6093424376,21.8122089645,50955600,0.0,1.0
2012-11-16 00:00:00+00:00,26.5209,26.7,26.3449,26.67,64083300,21.5208114853,21.6661450652,21.3779934505,21.6418010819,64083300,0.0,1.0
2012-11-19 00:00:00+00:00,26.7277,26.8,26.47,26.8,57179300,21.6886226763,21.7472916759,21.4795078605,21.7472916759,57179300,0.0,1.0
2012-11-20 00:00:00+00:00,26.71,26.8,26.46,26.76,47070400,21.6742597262,21.7472916759,21.4713931994,21.7148330316,47070400,0.0,1.0
2012-11-21 00:00:00+00:00,26.95,27.1666,26.67,26.71,66360300,21.869011592,22.0447751508,21.6418010819,21.6742597262,66360300,0.0,1.0
2012-11-23 00:00:00+00:00,27.7,27.77,27.2,27.23,57845700,22.4776111725,22.5344138,22.0718781188,22.096222102,57845700,0.0,1.0
2012-11-26 00:00:00+00:00,27.385,27.58,27.17,27.54,85198700,22.2219993487,22.3802352396,22.0475341356,22.3477765953,85198700,0.0,1.0
2012-11-27 00:00:00+00:00,27.08,27.38,27.0424,27.3599,45018600,21.9745021859,22.2179420181,21.9439910603,22.2016315494,45018600,0.0,1.0
2012-11-28 00:00:00+00:00,27.36,27.39,26.77,27.01,53018400,22.201712696,22.2260566792,21.7229476927,21.9176995584,53018400,0.0,1.0
2012-11-29 00:00:00+00:00,26.95,27.36,26.86,27.11,69551400,21.869011592,22.201712696,21.7959796423,21.9988461692,69551400,0.0,1.0
2012-11-30 00:00:00+00:00,26.615,27.13,26.49,27.05,83690200,21.597170446,22.0150754913,21.4957371826,21.9501582027,83690200,0.0,1.0
2012-12-03 00:00:00+00:00,26.4294,26.82,26.4,26.78,53173800,21.4465623365,21.763520998,21.422705233,21.7310623537,53173800,0.0,1.0
2012-12-04 00:00:00+00:00,26.37,26.63,26.34,26.5,49777500,21.3983612497,21.6093424376,21.3740172665,21.5038518437,49777500,0.0,1.0
2012-12-05 00:00:00+00:00,26.67,26.93,26.26,26.38,68283800,21.6418010819,21.8527822698,21.3090999779,21.4064759108,68283800,0.0,1.0
2012-12-06 00:00:00+00:00,26.725,26.98,26.61,26.81,39182300,21.6864317178,21.8933555752,21.5931131155,21.755406337,39182300,0.0,1.0
2012-12-07 00:00:00+00:00,26.455,26.82,26.37,26.82,46162100,21.4673358689,21.763520998,21.3983612497,21.763520998,46162100,0.0,1.0
2012-12-10 00:00:00+00:00,26.94,26.97,26.52,26.56,47031100,21.8608969309,21.8852409141,21.5200811658,21.5525398101,47031100,0.0,1.0
2012-12-11 00:00:00+00:00,27.32,27.49,27.05,27.05,52282800,22.1692540517,22.3072032899,21.9501582027,21.9501582027,52282800,0.0,1.0
2012-12-12 00:00:00+00:00,27.24,27.62,27.08,27.53,43966300,22.1043367631,22.4126938839,21.9745021859,22.3396619342,43966300,0.0,1.0
2012-12-13 00:00:00+00:00,27.11,27.52,26.95,27.32,45080100,21.9988461692,22.3315472732,21.869011592,22.1692540517,45080100,0.0,1.0
2012-12-14 00:00:00+00:00,26.81,27.13,26.7,27.11,42077500,21.755406337,22.0150754913,21.6661450652,21.9988461692,42077500,0.0,1.0
2012-12-17 00:00:00+00:00,27.095,27.215,26.68,26.79,42046100,21.9866741775,22.0840501104,21.649915743,21.7391770148,42046100,0.0,1.0
2012-12-18 00:00:00+00:00,27.56,27.63,27.14,27.25,50486900,22.3640059174,22.420808545,22.0231901524,22.1124514242,50486900,0.0,1.0
2012-12-19 00:00:00+00:00,27.31,27.73,27.25,27.69,53519900,22.1611393906,22.5019551557,22.1124514242,22.4694965114,53519900,0.0,1.0
2012-12-20 00:00:00+00:00,27.68,27.68,27.15,27.36,52607300,22.4613818503,22.4613818503,22.0313048134,22.201712696,52607300,0.0,1.0
2012-12-21 00:00:00+00:00,27.45,27.49,27.0,27.45,98776500,22.2747446456,22.3072032899,21.9095848973,22.2747446456,98776500,0.0,1.0
2012-12-24 00:00:00+00:00,27.06,27.25,27.0,27.2,20842400,21.9582728638,22.1124514242,21.9095848973,22.0718781188,20842400,0.0,1.0
2012-12-26 00:00:00+00:00,26.86,27.2,26.7,27.03,31631100,21.7959796423,22.0718781188,21.6661450652,21.9339288806,31631100,0.0,1.0
2012-12-27 00:00:00+00:00,26.96,27.09,26.57,26.89,39394000,21.8771262531,21.982616847,21.5606544712,21.8203236255,39394000,0.0,1.0
2012-12-28 00:00:00+00:00,26.55,26.9,26.55,26.71,28239900,21.5444251491,21.8284382866,21.5444251491,21.6742597262,28239900,0.0,1.0
2012-12-31 00:00:00+00:00,26.7097,26.77,26.37,26.59,42749500,21.6740162864,21.7229476927,21.3983612497,21.5768837934,42749500,0.0,1.0
2013-01-02 00:00:00+00:00,27.62,27.73,27.1499,27.25,52899300,22.4126938839,22.5019551557,22.0312236668,22.1124514242,52899300,0.0,1.0
2013-01-03 00:00:00+00:00,27.25,27.65,27.16,27.63,48294400,22.1124514242,22.4370378671,22.0394194745,22.420808545,48294400,0.0,1.0
2013-01-04 00:00:00+00:00,26.74,27.34,26.73,27.27,52521100,21.6986037094,22.1854833738,21.6904890484,22.1286807463,52521100,0.0,1.0
2013-01-07 00:00:00+00:00,26.69,26.88,26.64,26.77,37110400,21.6580304041,21.8122089645,21.6174570987,21.7229476927,37110400,0.0,1.0
2013-01-08 00:00:00+00:00,26.55,26.79,26.46,26.75,44703100,21.5444251491,21.7391770148,21.4713931994,21.7067183705,44703100,0.0,1.0
2013-01-09 00:00:00+00:00,26.7,26.75,26.56,26.72,49047900,21.6661450652,21.7067183705,21.5525398101,21.6823743873,49047900,0.0,1.0
2013-01-10 00:00:00+00:00,26.46,26.98,26.29,26.65,71431300,21.4713931994,21.8933555752,21.3334439612,21.6255717598,71431300,0.0,1.0
2013-01-11 00:00:00+00:00,26.83,26.93,26.28,26.49,55512100,21.7716356591,21.8527822698,21.3253293001,21.4957371826,55512100,0.0,1.0
2013-01-14 00:00:00+00:00,26.89,27.08,26.76,26.9,48324400,21.8203236255,21.9745021859,21.7148330316,21.8284382866,48324400,0.0,1.0
2013-01-15 00:00:00+00:00,27.21,27.29,26.825,26.83,48244500,22.0799927799,22.1449100685,21.7675783286,21.7716356591,48244500,0.0,1.0
2013-01-16 00:00:00+00:00,27.04,27.23,27.01,27.15,41077400,21.9420435416,22.096222102,21.9176995584,22.0313048134,41077400,0.0,1.0
2013-01-17 00:00:00+00:00,27.25,27.47,27.06,27.19,51685900,22.1124514242,22.2909739678,21.9582728638,22.0637634577,51685900,0.0,1.0
2013-01-18 00:00:00+00:00,27.25,27.29,27.04,27.1,52167700,22.1124514242,22.1449100685,21.9420435416,21.9907315081,52167700,0.0,1.0
2013-01-22 00:00:00+00:00,27.15,27.45,27.0,27.3,58650600,22.0313048134,22.2747446456,21.9095848973,22.1530247295,58650600,0.0,1.0
2013-01-23 00:00:00+00:00,27.61,27.635,27.2,27.2,50387700,22.4045792228,22.4248658755,22.0718781188,22.0718781188,50387700,0.0,1.0
2013-01-24 00:00:00+00:00,27.63,28.07,27.47,27.7,101739300,22.420808545,22.7778536322,22.2909739678,22.4776111725,101739300,0.0,1.0
2013-01-25 00:00:00+00:00,27.88,28.23,27.39,27.58,81847700,22.6236750718,22.9076882093,22.2260566792,22.3802352396,81847700,0.0,1.0
2013-01-28 00:00:00+00:00,27.911,28.225,27.76,28.01,56056500,22.6488305211,22.9036308788,22.5262991389,22.7291656657,56056500,0.0,1.0
2013-01-29 00:00:00+00:00,28.01,28.13,27.6,27.82,49242600,22.7291656657,22.8265415986,22.3964645617,22.5749871053,49242600,0.0,1.0
2013-01-30 00:00:00+00:00,27.85,28.19,27.76,28.01,43580500,22.5993310886,22.875229565,22.5262991389,22.7291656657,43580500,0.0,1.0
2013-01-31 00:00:00+00:00,27.45,27.97,27.4,27.79,50530000,22.2747446456,22.6967070214,22.2341713403,22.5506431221,50530000,0.0,1.0
2013-02-01 00:00:00+00:00,27.93,28.05,27.55,27.67,55565900,22.6642483771,22.76162431,22.3558912564,22.4532671892,55565900,0.0,1.0
2013-02-04 00:00:00+00:00,27.44,28.02,27.42,27.87,50540000,22.2666299846,22.7372803268,22.2504006624,22.6155604107,50540000,0.0,1.0
2013-02-05 00:00:00+00:00,27.495,27.66,27.36,27.62,35410400,22.3112606205,22.4451525282,22.201712696,22.4126938839,35410400,0.0,1.0
2013-02-06 00:00:00+00:00,27.34,27.54,27.25,27.3799,41889600,22.1854833738,22.3477765953,22.1124514242,22.2178608715,41889600,0.0,1.0
2013-02-07 00:00:00+00:00,27.283,27.39,27.1,27.35,38028300,22.1392298057,22.2260566792,21.9907315081,22.1935980349,38028300,0.0,1.0
2013-02-08 00:00:00+00:00,27.55,27.71,27.31,27.35,33318500,22.3558912564,22.4857258335,22.1611393906,22.1935980349,33318500,0.0,1.0
2013-02-11 00:00:00+00:00,27.86,27.92,27.5,27.65,32247700,22.6074457496,22.6561337161,22.315317951,22.4370378671,32247700,0.0,1.0
2013-02-12 00:00:00+00:00,27.88,28.0,27.75,27.88,35990900,22.6236750718,22.7210510047,22.5181844778,22.6236750718,35990900,0.0,1.0
2013-02-13 00:00:00+00:00,28.03,28.11,27.88,27.93,41715600,22.7453949879,22.8103122765,22.6236750718,22.6642483771,41715600,0.0,1.0
2013-02-14 00:00:00+00:00,28.04,28.06,27.87,27.92,32663200,22.753509649,22.7697389711,22.6155604107,22.6561337161,32663200,0.0,1.0
2013-02-15 00:00:00+00:00,28.01,28.16,27.875,28.04,49650900,22.7291656657,22.8508855818,22.6196177412,22.753509649,49650900,0.0,1.0
2013-02-19 00:00:00+00:00,28.045,28.09,27.8,27.8801,38781400,22.9442041842,22.9810196304,22.7437645327,22.8092960269,38781400,0.23,1.0
2013-02-20 00:00:00+00:00,27.87,28.2,27.83,28.13,44110200,22.8010330046,23.0710129433,22.7683081635,23.0137444714,44110200,0.0,1.0
2013-02-21 00:00:00+00:00,27.49,27.74,27.23,27.74,49078500,22.4901470145,22.6946772711,22.2774355477,22.6946772711,49078500,0.0,1.0
2013-02-22 00:00:00+00:00,27.76,27.76,27.48,27.68,31425900,22.7110396917,22.7110396917,22.4819658043,22.6455900095,31425900,0.0,1.0
2013-02-25 00:00:00+00:00,27.37,28.05,27.37,27.97,48011800,22.3919724914,22.9482947893,22.3919724914,22.8828451072,48011800,0.0,1.0
2013-02-26 00:00:00+00:00,27.37,27.6,27.34,27.38,49923300,22.3919724914,22.5801403274,22.3674288606,22.4001537016,49923300,0.0,1.0
2013-02-27 00:00:00+00:00,27.81,28.0,27.33,27.42,36394700,22.751945743,22.907388738,22.3592476503,22.4328785427,36394700,0.0,1.0
2013-02-28 00:00:00+00:00,27.8,27.97,27.74,27.88,35840200,22.7437645327,22.8828451072,22.6946772711,22.8092142148,35840200,0.0,1.0
2013-03-01 00:00:00+00:00,27.95,27.98,27.52,27.72,34849700,22.8664826867,22.8910263175,22.5146906453,22.6783148506,34849700,0.0,1.0
2013-03-04 00:00:00+00:00,28.15,28.15,27.7,27.85,38157500,23.0301068919,23.0301068919,22.6619524301,22.784670584,38157500,0.0,1.0
2013-03-05 00:00:00+00:00,28.35,28.54,28.16,28.29,41432200,23.1937310972,23.3491740922,23.0382881022,23.1446438356,41432200,0.0,1.0
2013-03-06 00:00:00+00:00,28.09,28.23,27.78,28.21,51448500,22.9810196304,23.095556574,22.7274021122,23.0791941535,51448500,0.0,1.0
2013-03-07 00:00:00+00:00,28.14,28.28,28.005,28.11,29196700,23.0219256817,23.1364626254,22.9114793431,22.9973820509,29196700,0.0,1.0
2013-03-08 00:00:00+00:00,28.0,28.33,27.96,28.25,37667800,22.907388738,23.1773686767,22.8746638969,23.1119189946,37667800,0.0,1.0
2013-03-11 00:00:00+00:00,27.87,27.97,27.67,27.94,36627500,22.8010330046,22.8828451072,22.6374087993,22.8583014764,36627500,0.0,1.0
2013-03-12 00:00:00+00:00,27.91,27.95,27.64,27.84,39255200,22.8337578456,22.8664826867,22.6128651685,22.7764893738,39255200,0.0,1.0
2013-03-13 00:00:00+00:00,27.915,28.02,27.75,27.87,29093400,22.8378484507,22.9237511585,22.7028584814,22.8010330046,29093400,0.0,1.0
2013-03-14 00:00:00+00:00,28.135,28.16,27.93,28.0,55914800,23.0178350765,23.0382881022,22.8501202661,22.907388738,55914800,0.0,1.0
2013-03-15 00:00:00+00:00,28.035,28.16,27.98,28.03,92710300,22.9360229739,23.0382881022,22.8910263175,22.9319323688,92710300,0.0,1.0
2013-03-18 00:00:00+00:00,28.1,28.28,27.81,27.88,44809400,22.9892008406,23.1364626254,22.751945743,22.8092142148,44809400,0.0,1.0
2013-03-19 00:00:00+00:00,28.18,28.22,28.03,28.12,51901600,23.0546505227,23.0873753638,22.9319323688,23.0055632611,51901600,0.0,1.0
2013-03-20 00:00:00+00:00,28.315,28.49,28.18,28.34,35447800,23.1650968613,23.3082680409,23.0546505227,23.1855498869,35447800,0.0,1.0
2013-03-21 00:00:00+00:00,28.11,28.36,28.05,28.11,34233200,22.9973820509,23.2019123075,22.9482947893,22.9973820509,34233200,0.0,1.0
2013-03-22 00:00:00+00:00,28.25,28.3379,28.1,28.19,28720900,23.1119189946,23.1838318328,22.9892008406,23.062831733,28720900,0.0,1.0
2013-03-25 00:00:00+00:00,28.16,28.35,27.96,28.3,44154000,23.0382881022,23.1937310972,22.8746638969,23.1528250459,44154000,0.0,1.0
2013-03-26 00:00:00+00:00,28.155,28.34,28.11,28.24,27824300,23.0341974971,23.1855498869,22.9973820509,23.1037377843,27824300,0.0,1.0
2013-03-27 00:00:00+00:00,28.37,28.445,28.08,28.14,36047400,23.2100935177,23.2714525947,22.9728384201,23.0219256817,36047400,0.0,1.0
2013-03-28 00:00:00+00:00,28.605,28.66,28.26,28.32,55453800,23.4023519589,23.4473486154,23.1201002048,23.1691874664,55453800,0.0,1.0
2013-04-01 00:00:00+00:00,28.61,28.66,28.36,28.64,29201100,23.4064425641,23.4473486154,23.2019123075,23.4309861949,29201100,0.0,1.0
2013-04-02 00:00:00+00:00,28.8,28.85,28.52,28.59,28456500,23.5618855591,23.6027916104,23.3328116717,23.3900801435,28456500,0.0,1.0
2013-04-03 00:00:00+00:00,28.56,28.95,28.54,28.75,35062800,23.3655365127,23.684603713,23.3491740922,23.5209795078,35062800,0.0,1.0
2013-04-04 00:00:00+00:00,28.595,28.61,28.27,28.39,45263200,23.3941707487,23.4064425641,23.1282814151,23.2264559383,45263200,0.0,1.0
2013-04-05 00:00:00+00:00,28.7,28.78,28.11,28.22,50927300,23.4800734564,23.5455231385,22.9973820509,23.0873753638,50927300,0.0,1.0
2013-04-08 00:00:00+00:00,28.59,28.73,28.47,28.73,34759500,23.3900801435,23.5046170872,23.2919056204,23.5046170872,34759500,0.0,1.0
2013-04-09 00:00:00+00:00,29.61,29.815,28.68,28.73,77733800,24.2245635904,24.3922784008,23.4637110359,23.5046170872,77733800,0.0,1.0
2013-04-10 00:00:00+00:00,30.28,30.32,29.52,29.57,71116700,24.7727046781,24.8054295191,24.150932698,24.1918387494,71116700,0.0,1.0
2013-04-11 00:00:00+00:00,28.935,29.2,28.73,29.1,130923200,23.6723318976,23.8891339696,23.5046170872,23.807321867,130923200,0.0,1.0
2013-04-12 00:00:00+00:00,28.79,29.02,28.66,28.85,62886300,23.5537043488,23.7418721849,23.4473486154,23.6027916104,62886300,0.0,1.0
2013-04-15 00:00:00+00:00,28.69,28.98,28.51,28.65,56332900,23.4718922462,23.7091473438,23.3246304614,23.4391674051,56332900,0.0,1.0
2013-04-16 00:00:00+00:00,28.97,29.14,28.695,28.9,52797300,23.7009661335,23.840046708,23.4759828513,23.6436976617,52797300,0.0,1.0
2013-04-17 00:00:00+00:00,28.825,29.04,28.6,28.85,52840700,23.5823385847,23.7582346054,23.3982613538,23.6027916104,52840700,0.0,1.0
2013-04-18 00:00:00+00:00,28.79,28.98,28.5,28.95,56906600,23.5537043488,23.7091473438,23.3164492512,23.684603713,56906600,0.0,1.0
2013-04-19 00:00:00+00:00,29.765,30.24,29.61,29.62,99790700,24.3513723495,24.739979837,24.2245635904,24.2327448007,99790700,0.0,1.0
2013-04-22 00:00:00+00:00,30.8,31.18,30.28,30.29,38621975,25.1981276118,25.5090136018,24.7727046781,24.7808858883,38621975,0.0,1.0
2013-04-23 00:00:00+00:00,30.6,30.895,30.385,30.69,15534953,25.0345034065,25.2758491093,24.8586073858,25.1081342989,15534953,0.0,1.0
2013-04-24 00:00:00+00:00,31.76,31.92,30.6,30.62,90946600,25.9835237971,26.1144231613,25.0345034065,25.050865827,90946600,0.0,1.0
2013-04-25 00:00:00+00:00,31.94,32.84,31.54,31.71,110700200,26.1307855818,26.8670945055,25.8035371713,25.9426177458,110700200,0.0,1.0
2013-04-26 00:00:00+00:00,31.79,31.98,31.45,31.9,47799300,26.0080674279,26.1635104229,25.7299062789,26.0980607408,47799300,0.0,1.0
2013-04-29 00:00:00+00:00,32.61,32.68,31.77,31.8,59116400,26.6789266695,26.7361951413,25.9917050073,26.0162486381,59116400,0.0,1.0
2013-04-30 00:00:00+00:00,33.1,33.11,32.28,32.56,75165200,27.0798059724,27.0879871827,26.4089467308,26.6380206182,75165200,0.0,1.0
2013-05-01 00:00:00+00:00,32.72,33.08,32.6,32.93,54330900,26.7689199824,27.0634435519,26.6707454592,26.9407253979,54330900,0.0,1.0
2013-05-02 00:00:00+00:00,33.16,33.17,32.39,32.63,46059500,27.128893234,27.1370744442,26.4989400437,26.69528909,46059500,0.0,1.0
2013-05-03 00:00:00+00:00,33.49,33.52,33.08,33.23,46784600,27.3988731727,27.4234168035,27.0634435519,27.1861617058,46784600,0.0,1.0
2013-05-06 00:00:00+00:00,33.75,33.91,33.25,33.42,40978300,27.6115846395,27.7424840038,27.2025241264,27.3416047008,40978300,0.0,1.0
2013-05-07 00:00:00+00:00,33.31,33.79,33.24,33.65,43078300,27.2516113879,27.6443094806,27.1943429161,27.5297725369,43078300,0.0,1.0
2013-05-08 00:00:00+00:00,32.99,33.24,32.65,33.0667,51595700,26.9898126595,27.1943429161,26.7116515105,27.0525625422,51595700,0.0,1.0
2013-05-09 00:00:00+00:00,32.66,33.0,32.59,32.85,46417800,26.7198327208,26.9979938698,26.662564249,26.8752757158,46417800,0.0,1.0
2013-05-10 00:00:00+00:00,32.69,32.72,32.32,32.67,36394900,26.7443763516,26.7689199824,26.4416715718,26.7280139311,36394900,0.0,1.0
2013-05-13 00:00:00+00:00,33.03,33.07,32.55,32.61,36027600,27.0225375006,27.0552623416,26.6298394079,26.6789266695,36027600,0.0,1.0
2013-05-14 00:00:00+00:00,33.53,33.53,32.8,32.8601,56870100,27.6197658498,27.6197658498,27.0184407955,27.0679471459,56870100,0.23,1.0
2013-05-15 00:00:00+00:00,33.845,33.9,33.43,33.45,46303900,27.8792417294,27.9245470417,27.5373925547,27.5538672137,46303900,0.0,1.0
2013-05-16 00:00:00+00:00,34.08,34.15,33.55,33.64,59382900,28.0728189729,28.1304802795,27.6362405088,27.7103764744,59382900,0.0,1.0
2013-05-17 00:00:00+00:00,34.87,34.87,34.1,34.1301,60666700,28.7235680042,28.7235680042,28.0892936319,28.1140879937,60666700,0.0,1.0
2013-05-20 00:00:00+00:00,35.08,35.095,34.68,34.73,54020800,28.896551924,28.9089079182,28.5670587435,28.6082453911,54020800,0.0,1.0
2013-05-21 00:00:00+00:00,34.85,35.2725,34.72,35.1,48702400,28.7070933452,29.0551205171,28.6000080616,28.913026583,48702400,0.0,1.0
2013-05-22 00:00:00+00:00,34.61,34.84,34.36,34.79,66047500,28.509397437,28.6988560157,28.3034641992,28.6576693682,66047500,0.0,1.0
2013-05-23 00:00:00+00:00,34.15,34.55,33.9,34.23,51102700,28.1304802795,28.4599734599,27.9245470417,28.1963789156,51102700,0.0,1.0
2013-05-24 00:00:00+00:00,34.269,34.28,33.9,33.92,33174400,28.2285045006,28.2375655631,27.9245470417,27.9410217007,33174400,0.0,1.0
2013-05-28 00:00:00+00:00,35.02,35.18,34.41,34.42,48212100,28.8471279469,28.9789252191,28.3446508467,28.3528881763,48212100,0.0,1.0
2013-05-29 00:00:00+00:00,34.88,35.02,34.57,34.74,38412200,28.7318053338,28.8471279469,28.4764481189,28.6164827206,38412200,0.0,1.0
2013-05-30 00:00:00+00:00,35.03,35.25,34.813,34.85,51131000,28.8553652764,29.0365865257,28.676615226,28.7070933452,51131000,0.0,1.0
2013-05-31 00:00:00+00:00,34.9,35.28,34.79,34.82,56165700,28.7482799928,29.0612985142,28.6576693682,28.6823813567,56165700,0.0,1.0
2013-06-03 00:00:00+00:00,35.59,35.63,34.83,34.92,51252600,29.316655729,29.3496050471,28.6906186862,28.7647546518,51252600,0.0,1.0
2013-06-04 00:00:00+00:00,34.99,35.74,34.771,35.62,65529500,28.8224159584,29.4402156717,28.6420184421,29.3413677176,65529500,0.0,1.0
2013-06-05 00:00:00+00:00,34.78,34.89,34.43,34.6,46025100,28.6494320386,28.7400426633,28.3611255058,28.5011601075,46025100,0.0,1.0
2013-06-06 00:00:00+00:00,34.96,35.11,34.49,34.84,37618500,28.7977039698,28.9212639125,28.4105494828,28.6988560157,37618500,0.0,1.0
2013-06-07 00:00:00+00:00,35.67,35.78,35.06,35.25,40757300,29.3825543651,29.4731649897,28.880077265,29.0365865257,40757300,0.0,1.0
2013-06-10 00:00:00+00:00,35.47,35.65,35.14,35.51,35994500,29.2178077749,29.3660797061,28.945975901,29.2507570929,35994500,0.0,1.0
2013-06-11 00:00:00+00:00,34.84,35.18,34.68,35.05,39435900,28.6988560157,28.9789252191,28.5670587435,28.8718399354,39435900,0.0,1.0
2013-06-12 00:00:00+00:00,35.0,35.27,34.85,35.14,37372700,28.8306532879,29.0530611847,28.7070933452,28.945975901,37372700,0.0,1.0
2013-06-13 00:00:00+00:00,34.715,35.02,34.59,34.99,45654900,28.5958893968,28.8471279469,28.4929227779,28.8224159584,45654900,0.0,1.0
2013-06-14 00:00:00+00:00,34.4,34.6901,34.25,34.55,53192600,28.3364135172,28.5753784463,28.2128535746,28.4599734599,53192600,0.0,1.0
2013-06-17 00:00:00+00:00,35.0,35.16,34.63,34.69,49670100,28.8306532879,28.9624505601,28.525872096,28.5752960731,49670100,0.0,1.0
2013-06-18 00:00:00+00:00,34.98,35.17,34.895,34.97,28616500,28.8141786289,28.9706878896,28.744161328,28.8059412994,28616500,0.0,1.0
2013-06-19 00:00:00+00:00,34.59,35.09,34.59,34.96,30816200,28.4929227779,28.9047892535,28.4929227779,28.7977039698,30816200,0.0,1.0
2013-06-20 00:00:00+00:00,33.49,34.33,33.37,34.26,54493700,27.5868165318,28.2787522107,27.4879685776,28.2210909041,54493700,0.0,1.0
2013-06-21 00:00:00+00:00,33.265,33.73,33.05,33.66,85338500,27.4014766178,27.78451244,27.2243740333,27.7268511334,85338500,0.0,1.0
2013-06-24 00:00:00+00:00,33.715,34.2,32.57,32.94,56109000,27.7721564457,28.171666927,26.8289822168,27.1337634087,56109000,0.0,1.0
2013-06-25 00:00:00+00:00,33.67,34.38,33.46,34.08,44073400,27.7350884629,28.3199388582,27.5621045432,28.0728189729,44073400,0.0,1.0
2013-06-26 00:00:00+00:00,34.35,34.48,33.8875,34.12,48665900,28.2952268697,28.4023121533,27.9142503798,28.1057682909,48665900,0.0,1.0
2013-06-27 00:00:00+00:00,34.62,34.78,34.5,34.52,28993100,28.5176347665,28.6494320386,28.4187868123,28.4352614714,28993100,0.0,1.0
2013-06-28 00:00:00+00:00,34.545,34.79,34.34,34.38,65545500,28.4558547951,28.6576693682,28.2869895402,28.3199388582,65545500,0.0,1.0
2013-07-01 00:00:00+00:00,34.36,34.99,34.33,34.75,31055400,28.3034641992,28.8224159584,28.2787522107,28.6247200501,31055400,0.0,1.0
2013-07-02 00:00:00+00:00,33.94,34.4389,33.63,34.41,37630000,27.9574963597,28.368456729,27.7021391449,28.3446508467,37630000,0.0,1.0
2013-07-03 00:00:00+00:00,34.01,34.37,33.6,33.66,15994400,28.0151576663,28.3117015287,27.6774271564,27.7268511334,15994400,0.0,1.0
2013-07-05 00:00:00+00:00,34.21,34.24,33.581,34.09,26085900,28.1799042565,28.2046162451,27.6617762303,28.0810563024,26085900,0.0,1.0
2013-07-08 00:00:00+00:00,34.325,34.59,33.98,34.35,32396900,28.2746335459,28.4929227779,27.9904456778,28.2952268697,32396900,0.0,1.0
2013-07-09 00:00:00+00:00,34.35,34.6,34.14,34.58,25318500,28.2952268697,28.5011601075,28.12224295,28.4846854484,25318500,0.0,1.0
2013-07-10 00:00:00+00:00,34.7,34.81,34.32,34.34,29658800,28.5835334026,28.6741440272,28.2705148812,28.2869895402,29658800,0.0,1.0
2013-07-11 00:00:00+00:00,35.685,35.77,34.9,35.0,53638300,29.3949103594,29.4649276602,28.7482799928,28.8306532879,53638300,0.0,1.0
2013-07-12 00:00:00+00:00,35.67,35.73,35.28,35.58,35501200,29.3825543651,29.4319783422,29.0612985142,29.3084183995,35501200,0.0,1.0
2013-07-15 00:00:00+00:00,36.17,36.22,35.58,35.66,34142600,29.7944208407,29.8356074882,29.3084183995,29.3743170356,34142600,0.0,1.0
2013-07-16 00:00:00+00:00,36.27,36.4299,35.96,36.01,36378500,29.8767941358,30.0085090346,29.6214369209,29.6626235685,36378500,0.0,1.0
2013-07-17 00:00:00+00:00,35.74,36.39,35.49,36.34,37285100,29.4402156717,29.9756420899,29.2342824339,29.9344554423,37285100,0.0,1.0
2013-07-18 00:00:00+00:00,35.44,35.89,35.22,35.72,49547100,29.1930957864,29.5637756144,29.0118745371,29.4237410127,49547100,0.0,1.0
2013-07-19 00:00:00+00:00,31.4,32.67,31.02,32.4,248428500,25.865214664,26.9113555119,25.5521961426,26.6889476151,248428500,0.0,1.0
2013-07-22 00:00:00+00:00,32.01,32.01,31.6,31.7,79040700,26.3676917642,26.3676917642,26.0299612542,26.1123345493,79040700,0.0,1.0
2013-07-23 00:00:00+00:00,31.82,32.04,31.71,31.91,65810400,26.2111825034,26.3924037527,26.1205718788,26.285318469,65810400,0.0,1.0
2013-07-24 00:00:00+00:00,31.96,32.19,31.89,32.035,52803100,26.3265051166,26.5159636953,26.26884381,26.3882850879,52803100,0.0,1.0
2013-07-25 00:00:00+00:00,31.39,31.65,31.25,31.62,63213000,25.8569773345,26.0711479018,25.7416547213,26.0464359132,63213000,0.0,1.0
2013-07-26 00:00:00+00:00,31.62,31.62,31.205,31.26,38633600,26.0464359132,26.0464359132,25.7045867385,25.7498920508,38633600,0.0,1.0
2013-07-29 00:00:00+00:00,31.54,31.6,31.4,31.47,28870700,25.9805372771,26.0299612542,25.865214664,25.9228759706,28870700,0.0,1.0
2013-07-30 00:00:00+00:00,31.85,32.12,31.55,31.78,45799500,26.235894492,26.4583023888,25.9887746067,26.1782331854,45799500,0.0,1.0
2013-07-31 00:00:00+00:00,31.84,32.05,31.71,31.97,43898400,26.2276571625,26.4006410822,26.1205718788,26.3347424461,43898400,0.0,1.0
2013-08-01 00:00:00+00:00,31.67,32.09,31.6,32.06,42557900,26.0876225608,26.4335904002,26.0299612542,26.4088784117,42557900,0.0,1.0
2013-08-02 00:00:00+00:00,31.89,31.9,31.565,31.69,29199900,26.26884381,26.2770811395,26.0011306009,26.1040972198,29199900,0.0,1.0
2013-08-05 00:00:00+00:00,31.7,32.0,31.64,31.9,30984000,26.1123345493,26.3594544346,26.0629105723,26.2770811395,30984000,0.0,1.0
2013-08-06 00:00:00+00:00,31.58,31.67,31.38,31.55,36331500,26.0134865952,26.0876225608,25.848740005,25.9887746067,36331500,0.0,1.0
2013-08-07 00:00:00+00:00,32.063,32.1,31.25,31.54,38078600,26.4113496106,26.4418277297,25.7416547213,25.9805372771,38078600,0.0,1.0
2013-08-08 00:00:00+00:00,32.89,33.07,32.05,32.24,59034400,27.0925767611,27.2408486923,26.4006410822,26.5571503429,59034400,0.0,1.0
2013-08-09 00:00:00+00:00,32.7,32.9,32.47,32.77,26800700,26.9360675004,27.1008140906,26.7466089216,26.993728807,26800700,0.0,1.0
2013-08-12 00:00:00+00:00,32.87,32.97,32.46,32.46,25493700,27.0761021021,27.1584753972,26.7383715921,26.7383715921,25493700,0.0,1.0
2013-08-13 00:00:00+00:00,32.23,32.55,32.21,32.51,39464100,26.7383715921,27.0038472021,26.7217793665,26.9706627509,39464100,0.23,1.0
2013-08-14 00:00:00+00:00,32.35,33.36,31.7,32.14,48519600,26.8379249459,27.6758323399,26.2986776131,26.6637065768,48519600,0.0,1.0
2013-08-15 00:00:00+00:00,31.79,32.18,30.84,32.0,33338000,26.3733426284,26.6968910281,25.5852119113,26.5475609975,33338000,0.0,1.0
2013-08-16 00:00:00+00:00,31.8,31.99,31.66,31.79,32866300,26.3816387412,26.5392648847,26.2654931619,26.3733426284,32866300,0.0,1.0
2013-08-19 00:00:00+00:00,31.393,31.97,31.38,31.76,27902500,26.0439869498,26.522672659,26.0332020031,26.34845429,27902500,0.0,1.0
2013-08-20 00:00:00+00:00,31.62,31.9,31.37,31.44,22979600,26.2323087106,26.4645998694,26.0249058903,26.08297868,22979600,0.0,1.0
2013-08-21 00:00:00+00:00,31.61,32.01,31.54,31.61,37409100,26.2240125978,26.5558571103,26.1659398081,26.2240125978,37409100,0.0,1.0
2013-08-22 00:00:00+00:00,32.39,32.49,32.1,32.185,31169900,26.8711093971,26.9540705252,26.6305221256,26.7010390845,31169900,0.0,1.0
2013-08-23 00:00:00+00:00,34.75,35.2,34.0,35.17,225493800,28.8289920207,29.2023170972,28.2067835598,29.1774287588,225493800,0.0,1.0
2013-08-26 00:00:00+00:00,34.15,34.67,34.03,34.4,72786800,28.331225252,28.7626231182,28.2316718982,28.5386280723,72786800,0.0,1.0
2013-08-27 00:00:00+00:00,33.26,34.1,33.15,33.515,58522300,27.5928712117,28.2897446879,27.5016139708,27.8044220884,58522300,0.0,1.0
2013-08-28 00:00:00+00:00,33.02,33.6,33.0,33.39,44257400,27.3937645043,27.8749390473,27.3771722786,27.7007206783,44257400,0.0,1.0
2013-08-29 00:00:00+00:00,33.55,33.6,32.8,32.93,45284700,27.8334584833,27.8749390473,27.2112500224,27.319099489,45284700,0.0,1.0
2013-08-30 00:00:00+00:00,33.4,33.48,33.09,33.37,42790200,27.7090167911,27.7753856936,27.4518372939,27.6841284527,42790200,0.0,1.0
2013-09-03 00:00:00+00:00,31.88,32.07,31.29,31.75,154507000,26.4480076437,26.6056337872,25.9585369878,26.3401581772,154507000,0.0,1.0
2013-09-04 00:00:00+00:00,31.195,31.47,31.11,31.39,142320600,25.8797239161,26.1078670184,25.8092069572,26.041498116,142320600,0.0,1.0
2013-09-05 00:00:00+00:00,31.235,31.44,30.95,31.1,71644900,25.9129083674,26.08297868,25.6764691522,25.8009108444,71644900,0.0,1.0
2013-09-06 00:00:00+00:00,31.152,31.39,31.13,31.31,75434900,25.844050631,26.041498116,25.8257991829,25.9751292135,75434900,0.0,1.0
2013-09-09 00:00:00+00:00,31.655,31.79,31.2,31.2208,49628500,26.2613451055,26.3733426284,25.8838719725,25.9011278872,49628500,0.0,1.0
2013-09-10 00:00:00+00:00,32.39,32.4,31.79,31.9,56881200,26.8711093971,26.8794055099,26.3733426284,26.4645998694,56881200,0.0,1.0
2013-09-11 00:00:00+00:00,32.74,32.93,32.53,32.57,39087500,27.1614733455,27.319099489,26.9872549765,27.0204394277,39087500,0.0,1.0
2013-09-12 00:00:00+00:00,32.69,32.78,32.59,32.72,32860200,27.1199927815,27.1946577968,27.0370316534,27.1448811199,32860200,0.0,1.0
2013-09-13 00:00:00+00:00,33.03,33.07,32.505,32.77,40899000,27.4020606171,27.4352450683,26.9665146945,27.186361684,40899000,0.0,1.0
2013-09-16 00:00:00+00:00,32.801,33.5,32.73,33.38,52839700,27.2120796337,27.7919779192,27.1531772327,27.6924245655,52839700,0.0,1.0
2013-09-17 00:00:00+00:00,32.93,33.47,32.9,33.42,84716500,27.319099489,27.7670895808,27.2942111505,27.7256090167,84716500,0.0,1.0
2013-09-18 00:00:00+00:00,33.32,33.4,32.83,32.99,64099900,27.6426478886,27.7090167911,27.2361383608,27.3688761658,64099900,0.0,1.0
2013-09-19 00:00:00+00:00,33.64,33.68,33.32,33.48,42026600,27.9081234986,27.9413079498,27.6426478886,27.7753856936,42026600,0.0,1.0
2013-09-20 00:00:00+00:00,32.791,33.48,32.685,33.41,102904900,27.2037835209,27.7753856936,27.1158447251,27.7173129039,102904900,0.0,1.0
2013-09-23 00:00:00+00:00,32.74,32.969,32.5,32.5401,39826100,27.1614733455,27.3514543289,26.9623666381,26.9956340504,39826100,0.0,1.0
2013-09-24 00:00:00+00:00,32.455,32.87,32.15,32.87,40685000,26.9250341304,27.2693228121,26.6720026896,27.2693228121,40685000,0.0,1.0
2013-09-25 00:00:00+00:00,32.505,32.8,32.4,32.49,28907500,26.9665146945,27.2112500224,26.8794055099,26.9540705252,28907500,0.0,1.0
2013-09-26 00:00:00+00:00,32.77,33.0,32.59,32.64,28504000,27.186361684,27.3771722786,27.0370316534,27.0785122174,28504000,0.0,1.0
2013-09-27 00:00:00+00:00,33.27,33.75,32.87,32.88,55348000,27.6011673246,27.9993807395,27.2693228121,27.2776189249,55348000,0.0,1.0
2013-09-30 00:00:00+00:00,33.28,33.31,32.7,33.0,39839500,27.6094634374,27.6343517758,27.1282888943,27.3771722786,39839500,0.0,1.0
2013-10-01 00:00:00+00:00,33.58,33.61,33.3,33.35,36718700,27.8583468217,27.8832351602,27.626055663,27.667536227,36718700,0.0,1.0
2013-10-02 00:00:00+00:00,33.92,34.03,33.29,33.36,46946800,28.1404146573,28.2316718982,27.6177595502,27.6758323399,46946800,0.0,1.0
2013-10-03 00:00:00+00:00,33.86,34.0,33.42,33.88,38703800,28.0906379804,28.2067835598,27.7256090167,28.1072302061,38703800,0.0,1.0
2013-10-04 00:00:00+00:00,33.88,33.99,33.62,33.69,33008100,28.1072302061,28.198487447,27.891531273,27.9496040626,33008100,0.0,1.0
2013-10-07 00:00:00+00:00,33.3,33.71,33.2,33.6,35069300,27.626055663,27.9661962883,27.5430945349,27.8749390473,35069300,0.0,1.0
2013-10-08 00:00:00+00:00,33.01,33.33,32.8,33.31,41017600,27.3854683915,27.6509440014,27.2112500224,27.6343517758,41017600,0.0,1.0
2013-10-09 00:00:00+00:00,33.07,33.3499,32.96,33.07,35878600,27.4352450683,27.6674532659,27.3439878274,27.4352450683,35878600,0.0,1.0
2013-10-10 00:00:00+00:00,33.76,33.89,33.26,33.31,42875100,28.0076768523,28.1155263189,27.5928712117,27.6343517758,42875100,0.0,1.0
2013-10-11 00:00:00+00:00,34.13,34.14,33.68,33.68,30033300,28.3146330264,28.3229291392,27.9413079498,27.9413079498,30033300,0.0,1.0
2013-10-14 00:00:00+00:00,34.45,34.5,33.78,33.9,27757900,28.5801086363,28.6215892004,28.024269078,28.1238224317,27757900,0.0,1.0
2013-10-15 00:00:00+00:00,34.49,34.99,34.47,34.67,47097800,28.6132930876,29.0280987282,28.596700862,28.7626231182,47097800,0.0,1.0
2013-10-16 00:00:00+00:00,34.64,34.895,34.56,34.6,35111600,28.7377347798,28.9492856565,28.6713658773,28.7045503285,35111600,0.0,1.0
2013-10-17 00:00:00+00:00,34.92,34.99,34.37,34.45,31359200,28.9700259385,29.0280987282,28.5137397338,28.5801086363,31359200,0.0,1.0
2013-10-18 00:00:00+00:00,34.96,34.99,34.33,34.82,41811700,29.0032103897,29.0280987282,28.4805552826,28.8870648104,41811700,0.0,1.0
2013-10-21 00:00:00+00:00,34.99,35.2,34.91,34.98,27433500,29.0280987282,29.2023170972,28.9617298257,29.0198026154,27433500,0.0,1.0
2013-10-22 00:00:00+00:00,34.58,35.1,34.52,35.02,40438500,28.6879581029,29.1193559691,28.638181426,29.0529870666,40438500,0.0,1.0
2013-10-23 00:00:00+00:00,33.76,34.49,33.674,34.35,58600500,28.0076768523,28.6132930876,27.9363302821,28.4971475082,58600500,0.0,1.0
2013-10-24 00:00:00+00:00,33.72,34.1,33.57,33.82,53209700,27.9744924011,28.2897446879,27.8500507089,28.0574535292,53209700,0.0,1.0
2013-10-25 00:00:00+00:00,35.73,36.29,35.47,35.88,113494000,29.6420110762,30.1065933937,29.4263121431,29.7664527684,113494000,0.0,1.0
2013-10-28 00:00:00+00:00,35.57,35.73,35.27,35.61,38383600,29.5092732712,29.6420110762,29.2603898869,29.5424577225,38383600,0.0,1.0
2013-10-29 00:00:00+00:00,35.52,35.72,35.26,35.6301,31702200,29.4677927072,29.6337149634,29.2520937741,29.5591329092,31702200,0.0,1.0
2013-10-30 00:00:00+00:00,35.54,35.79,35.43,35.53,36997700,29.4843849328,29.6917877531,29.3931276919,29.47608882,36997700,0.0,1.0
2013-10-31 00:00:00+00:00,35.405,35.69,35.34,35.66,41682300,29.3723874099,29.608826625,29.3184626766,29.5839382866,41682300,0.0,1.0
2013-11-01 00:00:00+00:00,35.525,35.69,35.39,35.67,40264600,29.4719407636,29.608826625,29.3599432406,29.5922343994,40264600,0.0,1.0
2013-11-04 00:00:00+00:00,35.94,35.98,35.55,35.59,28060700,29.8162294453,29.8494138965,29.4926810456,29.5258654969,28060700,0.0,1.0
2013-11-05 00:00:00+00:00,36.64,36.71,35.77,35.7899,51681900,30.3969573421,30.4550301318,29.6751955275,29.691704792,51681900,0.0,1.0
2013-11-06 00:00:00+00:00,38.18,38.22,37.06,37.24,88948800,31.6745587151,31.7077431664,30.7453940802,30.8947241108,88948800,0.0,1.0
2013-11-07 00:00:00+00:00,37.5,38.01,37.43,37.96,60437400,31.1104230439,31.5335247973,31.0523502542,31.4920442332,60437400,0.0,1.0
2013-11-08 00:00:00+00:00,37.78,37.78,37.34,37.67,36737800,31.3427142026,31.3427142026,30.9776852389,31.2514569617,36737800,0.0,1.0
2013-11-11 00:00:00+00:00,37.59,37.775,37.355,37.69,26872500,31.1850880592,31.3385661462,30.9901294081,31.2680491873,26872500,0.0,1.0
2013-11-12 00:00:00+00:00,37.36,37.595,37.2,37.38,31651600,30.9942774645,31.1892361156,30.8615396596,31.0108696902,31651600,0.0,1.0
2013-11-13 00:00:00+00:00,38.155,38.16,36.9,36.98,44957600,31.6538184331,31.6579664895,30.6126562752,30.6790251777,44957600,0.0,1.0
2013-11-14 00:00:00+00:00,38.021,38.13,37.72,37.87,46183700,31.5426505214,31.633078151,31.2929375258,31.4173792179,46183700,0.0,1.0
2013-11-15 00:00:00+00:00,37.841,38.02,37.72,37.95,50601300,31.3933204908,31.5418209101,31.2929375258,31.4837481204,50601300,0.0,1.0
2013-11-18 00:00:00+00:00,37.2,37.58,37.07,37.35,53277500,30.8615396596,31.1767919464,30.753690193,30.9859813517,53277500,0.0,1.0
2013-11-19 00:00:00+00:00,36.74,37.23,36.67,36.85,44275000,30.7122096289,31.1218172152,30.6536942595,30.8041623524,44275000,0.28,1.0
2013-11-20 00:00:00+00:00,37.08,37.41,36.86,36.87,32229900,30.9964271378,31.2722853081,30.8125216909,30.8208810294,32229900,0.0,1.0
2013-11-21 00:00:00+00:00,37.4,37.53,37.26,37.27,23064700,31.2639259696,31.37259737,31.1468952307,31.1552545692,23064700,0.0,1.0
2013-11-22 00:00:00+00:00,37.57,37.68,37.33,37.525,27982000,31.406034724,31.4979874474,31.2054106001,31.3684177008,27982000,0.0,1.0
2013-11-25 00:00:00+00:00,37.64,37.95,37.57,37.93,30646800,31.4645500935,31.7236895868,31.406034724,31.7069709098,30646800,0.0,1.0
2013-11-26 00:00:00+00:00,37.35,37.65,37.35,37.57,34465300,31.2221292771,31.472909432,31.2221292771,31.406034724,34465300,0.0,1.0
2013-11-27 00:00:00+00:00,37.6,37.76,37.49,37.57,26002100,31.4311127395,31.5648621554,31.339160016,31.406034724,26002100,0.0,1.0
2013-11-29 00:00:00+00:00,38.13,38.29,37.82,37.82,22090400,31.8741576797,32.0079070956,31.6150181864,31.6150181864,22090400,0.0,1.0
2013-12-02 00:00:00+00:00,38.45,38.78,38.06,38.09,42950400,32.1416565115,32.4175146818,31.8156423102,31.8407203257,42950400,0.0,1.0
2013-12-03 00:00:00+00:00,38.31,38.49,38.08,38.14,52109800,32.0246257726,32.1750938655,31.8323609872,31.8825170182,52109800,0.0,1.0
2013-12-04 00:00:00+00:00,38.94,38.98,38.12,38.21,51983600,32.5512640977,32.5847014517,31.8657983412,31.9410323876,51983600,0.0,1.0
2013-12-05 00:00:00+00:00,38.0,38.875,37.18,38.85,116305000,31.7654862793,32.4969283975,31.0800205227,32.4760300513,116305000,0.0,1.0
2013-12-06 00:00:00+00:00,38.36,38.55,37.99,38.42,36457300,32.0664224651,32.2252498965,31.7571269408,32.116578496,36457300,0.0,1.0
2013-12-09 00:00:00+00:00,38.705,38.87,38.37,38.56,30286000,32.3548196431,32.4927487283,32.0747818036,32.233609235,30286000,0.0,1.0
2013-12-10 00:00:00+00:00,38.11,38.9,38.02,38.61,37828600,31.8574390027,32.5178267438,31.7822049562,32.2754059274,37828600,0.0,1.0
2013-12-11 00:00:00+00:00,37.61,38.3,37.39,38.06,39853400,31.439472078,32.0162664341,31.2555666311,31.8156423102,39853400,0.0,1.0
2013-12-12 00:00:00+00:00,37.22,37.64,37.18,37.64,36012800,31.1134578767,31.4645500935,31.0800205227,31.4645500935,36012800,0.0,1.0
2013-12-13 00:00:00+00:00,36.69,37.45,36.62,37.42,40066100,30.6704129365,31.3057226621,30.611897567,31.2806446466,40066100,0.0,1.0
2013-12-16 00:00:00+00:00,36.885,37.0,36.54,36.73,31734200,30.8334200371,30.9295524298,30.5450228591,30.7038502905,31734200,0.0,1.0
2013-12-17 00:00:00+00:00,36.52,37.11,36.3344,36.94,45687700,30.5283041821,31.0215051532,30.3731548596,30.8793963988,45687700,0.0,1.0
2013-12-18 00:00:00+00:00,36.58,36.6,35.53,36.3601,63192100,30.578460213,30.59517889,29.7007296711,30.3946383595,63192100,0.0,1.0
2013-12-19 00:00:00+00:00,36.25,36.55,36.08,36.51,34160100,30.3026020427,30.5533821976,30.1604932883,30.5199448436,34160100,0.0,1.0
2013-12-20 00:00:00+00:00,36.8,36.93,36.185,36.2,62649100,30.7623656599,30.8710370603,30.2482663425,30.2608053502,62649100,0.0,1.0
2013-12-23 00:00:00+00:00,36.62,36.89,36.55,36.81,25128700,30.611897567,30.8375997064,30.5533821976,30.7707249984,25128700,0.0,1.0
2013-12-24 00:00:00+00:00,37.08,37.17,36.64,36.72,14243000,30.9964271378,31.0716611842,30.628616244,30.695490952,14243000,0.0,1.0
2013-12-26 00:00:00+00:00,37.44,37.49,37.17,37.2,17612800,31.2973633236,31.339160016,31.0716611842,31.0967391997,17612800,0.0,1.0
2013-12-27 00:00:00+00:00,37.29,37.62,37.17,37.58,14563000,31.1719732461,31.4478314165,31.0716611842,31.4143940625,14563000,0.0,1.0
2013-12-30 00:00:00+00:00,37.29,37.38,36.9006,37.22,16290500,31.1719732461,31.2472072926,30.8464606052,31.1134578767,16290500,0.0,1.0
2013-12-31 00:00:00+00:00,37.41,37.58,37.217,37.4,17503500,31.2722853081,31.4143940625,31.1109500751,31.2639259696,17503500,0.0,1.0
2014-01-02 00:00:00+00:00,37.16,37.4,37.1,37.35,30632200,31.0633018457,31.2639259696,31.0131458148,31.2221292771,30632200,0.0,1.0
2014-01-03 00:00:00+00:00,36.91,37.22,36.6,37.2,31134800,30.8543183834,31.1134578767,30.59517889,31.0967391997,31134800,0.0,1.0
2014-01-06 00:00:00+00:00,36.13,36.89,36.11,36.85,43603700,30.2022899808,30.8375997064,30.1855713038,30.8041623524,43603700,0.0,1.0
2014-01-07 00:00:00+00:00,36.41,36.49,36.21,36.325,35802800,30.4363514586,30.5032261666,30.2691646887,30.3652970814,35802800,0.0,1.0
2014-01-08 00:00:00+00:00,35.76,36.14,35.58,36.0,59971700,29.8929944565,30.2106493193,29.7425263636,30.0936185804,59971700,0.0,1.0
2014-01-09 00:00:00+00:00,35.53,35.91,35.4,35.88,36516300,29.7007296711,30.0183845339,29.5920582707,29.9933065184,36516300,0.0,1.0
2014-01-10 00:00:00+00:00,36.04,36.15,35.75,35.9,40548800,30.1270559343,30.2190086578,29.884635118,30.0100251954,40548800,0.0,1.0
2014-01-13 00:00:00+00:00,34.98,36.02,34.83,35.99,45901900,29.2409660539,30.1103372573,29.1155759765,30.0852592419,45901900,0.0,1.0
2014-01-14 00:00:00+00:00,35.78,35.88,34.63,34.73,41623300,29.9097131335,29.9933065184,28.9483892066,29.0319825915,41623300,0.0,1.0
2014-01-15 00:00:00+00:00,36.76,36.79,35.85,35.9,44812600,30.7289283059,30.7540063214,29.9682285029,30.0100251954,44812600,0.0,1.0
2014-01-16 00:00:00+00:00,36.89,37.0,36.31,36.69,38018700,30.8375997064,30.9295524298,30.3527580737,30.6704129365,38018700,0.0,1.0
2014-01-17 00:00:00+00:00,36.38,36.83,36.15,36.83,46267500,30.4112734431,30.7874436754,30.2190086578,30.7874436754,46267500,0.0,1.0
2014-01-21 00:00:00+00:00,36.17,36.82,36.06,36.82,31567300,30.2357273348,30.7790843369,30.1437746113,30.7790843369,31567300,0.0,1.0
2014-01-22 00:00:00+00:00,35.93,36.32,35.75,36.26,21904300,30.0351032109,30.3611174122,29.884635118,30.3109613812,21904300,0.0,1.0
2014-01-23 00:00:00+00:00,36.055,36.13,35.52,36.09,43954000,30.1395949421,30.2022899808,29.6923703326,30.1688526268,43954000,0.0,1.0
2014-01-24 00:00:00+00:00,36.805,37.55,36.53,37.45,76395500,30.7665453292,31.389316047,30.5366635206,31.3057226621,76395500,0.0,1.0
2014-01-27 00:00:00+00:00,36.03,36.89,35.98,36.87,44420800,30.1186965958,30.8375997064,30.0768999034,30.8208810294,44420800,0.0,1.0
2014-01-28 00:00:00+00:00,36.27,36.39,35.75,36.12,36205500,30.3193207197,30.4196327816,29.884635118,30.1939306423,36205500,0.0,1.0
2014-01-29 00:00:00+00:00,36.66,36.88,35.9,35.98,52745900,30.645334921,30.8292403679,30.0100251954,30.0768999034,52745900,0.0,1.0
2014-01-30 00:00:00+00:00,36.86,36.88,36.23,36.79,35036300,30.8125216909,30.8292403679,30.2858833657,30.7540063214,35036300,0.0,1.0
2014-01-31 00:00:00+00:00,37.84,37.89,36.56,36.95,93162300,31.6317368633,31.6735335558,30.561741536,30.8877557373,93162300,0.0,1.0
2014-02-03 00:00:00+00:00,36.48,37.985,36.43,37.74,64063100,30.4948668281,31.7529472715,30.4530701356,31.5481434784,64063100,0.0,1.0
2014-02-04 00:00:00+00:00,36.35,37.189,36.25,36.97,54697900,30.3861954277,31.0875439274,30.3026020427,30.9044744143,54697900,0.0,1.0
2014-02-05 00:00:00+00:00,35.82,36.47,35.8,36.29,55814400,29.9431504874,30.4865074896,29.9264318105,30.3360393967,55814400,0.0,1.0
2014-02-06 00:00:00+00:00,36.18,36.25,35.69,35.8,35351800,30.2440866733,30.3026020427,29.834479087,29.9264318105,35351800,0.0,1.0
2014-02-07 00:00:00+00:00,36.56,36.59,36.01,36.32,33260500,30.561741536,30.5868195515,30.1019779188,30.3611174122,33260500,0.0,1.0
2014-02-10 00:00:00+00:00,36.8,36.8,36.29,36.63,26767000,30.7623656599,30.7623656599,30.3360393967,30.6202569055,26767000,0.0,1.0
2014-02-11 00:00:00+00:00,37.175,37.26,36.86,36.88,32141400,31.0758408535,31.1468952307,30.8125216909,30.8292403679,32141400,0.0,1.0
2014-02-12 00:00:00+00:00,37.47,37.6,37.3,37.35,27051800,31.322441339,31.4311127395,31.1803325846,31.2221292771,27051800,0.0,1.0
2014-02-13 00:00:00+00:00,37.61,37.86,37.33,37.33,37635500,31.439472078,31.6484555403,31.2054106001,31.2054106001,37635500,0.0,1.0
2014-02-14 00:00:00+00:00,37.62,37.78,37.33,37.39,31407500,31.4478314165,31.5815808324,31.2054106001,31.2555666311,31407500,0.0,1.0
2014-02-18 00:00:00+00:00,37.42,37.78,37.41,37.63,32834000,31.5147061244,31.8178941042,31.5062842361,31.6915657793,32834000,0.28,1.0
2014-02-19 00:00:00+00:00,37.51,37.75,37.21,37.22,29750400,31.5905031194,31.7926284393,31.3378464695,31.3462683579,29750400,0.0,1.0
2014-02-20 00:00:00+00:00,37.75,37.87,37.395,37.57,27526100,31.7926284393,31.8936910992,31.4936514036,31.6410344493,27526100,0.0,1.0
2014-02-21 00:00:00+00:00,37.98,38.35,37.86,37.94,38021300,31.9863318708,32.297941739,31.8852692109,31.9526443175,38021300,0.0,1.0
2014-02-24 00:00:00+00:00,37.69,37.975,37.54,37.69,32085100,31.7420971093,31.9821209266,31.6157687844,31.7420971093,32085100,0.0,1.0
2014-02-25 00:00:00+00:00,37.54,37.85,37.35,37.61,30736500,31.6157687844,31.8768473225,31.4557529061,31.6747220027,30736500,0.0,1.0
2014-02-26 00:00:00+00:00,37.47,37.74,37.19,37.5801,41041800,31.5568155661,31.7842065509,31.3210026929,31.6495405566,41041800,0.0,1.0
2014-02-27 00:00:00+00:00,37.86,37.89,37.23,37.45,33903400,31.8852692109,31.9105348759,31.3546902462,31.5399717894,33903400,0.0,1.0
2014-02-28 00:00:00+00:00,38.31,38.46,37.82,37.98,41215000,32.2642541856,32.3905825106,31.8515816576,31.9863318708,41215000,0.0,1.0
2014-03-03 00:00:00+00:00,37.78,38.13,37.495,37.92,29717500,31.8178941042,32.1126601957,31.5778702869,31.9358005408,29717500,0.0,1.0
2014-03-04 00:00:00+00:00,38.41,38.48,38.07,38.2,26802400,32.3484730689,32.4074262872,32.0621288658,32.171613414,26802400,0.0,1.0
2014-03-05 00:00:00+00:00,38.11,38.2699,37.93,38.25,20520100,32.0958164191,32.2304824134,31.9442224292,32.2137228557,20520100,0.0,1.0
2014-03-06 00:00:00+00:00,38.15,38.24,37.89,38.14,23582200,32.1295039724,32.2053009673,31.9105348759,32.1210820841,23582200,0.0,1.0
2014-03-07 00:00:00+00:00,37.9,38.36,37.69,38.28,26591600,31.9189567642,32.3063636273,31.7420971093,32.2389885207,26591600,0.0,1.0
2014-03-10 00:00:00+00:00,37.82,38.01,37.72,37.99,19006600,31.8515816576,32.0115975358,31.7673627743,31.9947537591,19006600,0.0,1.0
2014-03-11 00:00:00+00:00,38.02,38.23,37.72,37.87,25216400,32.0200194241,32.196879079,31.7673627743,31.8936910992,25216400,0.0,1.0
2014-03-12 00:00:00+00:00,38.27,38.43,37.79,37.8,30494100,32.2305666323,32.3653168456,31.8263159926,31.8347378809,30494100,0.0,1.0
2014-03-13 00:00:00+00:00,37.89,38.45,37.6414,38.42,32169700,31.9105348759,32.3821606222,31.701166732,32.3568949573,32169700,0.0,1.0
2014-03-14 00:00:00+00:00,37.7,38.135,37.5058,37.651,27195600,31.7505189976,32.1168711399,31.5869659263,31.7092517448,27195600,0.0,1.0
2014-03-17 00:00:00+00:00,38.05,38.41,37.79,37.9,20479600,32.0452850891,32.3484730689,31.8263159926,31.9189567642,20479600,0.0,1.0
2014-03-18 00:00:00+00:00,39.55,39.9,38.22,38.26,64063900,33.3085683383,33.6033344298,32.1884571907,32.222144744,64063900,0.0,1.0
2014-03-19 00:00:00+00:00,39.27,39.55,38.91,39.47,35597200,33.0727554652,33.3085683383,32.7695674853,33.2411932317,35597200,0.0,1.0
2014-03-20 00:00:00+00:00,40.33,40.649,39.24,39.25,59269800,33.965475628,34.2341338656,33.0474898002,33.0559116885,59269800,0.0,1.0
2014-03-21 00:00:00+00:00,40.16,40.94,40.01,40.72,80721800,33.8223035264,34.479210816,33.6959752014,34.2939292728,80721800,0.0,1.0
2014-03-24 00:00:00+00:00,40.5,40.64,39.86,40.34,46098400,34.1086477295,34.2265541661,33.5696468765,33.9738975163,46098400,0.0,1.0
2014-03-25 00:00:00+00:00,40.34,40.99,39.9599,40.66,43193100,33.9738975163,34.5213202576,33.6537815409,34.2433979428,43193100,0.0,1.0
2014-03-26 00:00:00+00:00,39.79,40.705,39.6,40.48,41977500,33.5106936582,34.2812964403,33.35067778,34.0918039529,41977500,0.0,1.0
2014-03-27 00:00:00+00:00,39.36,39.97,39.34,39.74,35369200,33.1485524601,33.6622876481,33.1317086835,33.4685842166,35369200,0.0,1.0
2014-03-28 00:00:00+00:00,40.3,40.635,39.68,39.79,43472700,33.940209963,34.222343222,33.4180528866,33.5106936582,43472700,0.0,1.0
2014-03-31 00:00:00+00:00,40.99,41.5,40.4,40.43,46886300,34.5213202576,34.9508365624,34.0244288463,34.0496945112,46886300,0.0,1.0
2014-04-01 00:00:00+00:00,41.42,41.59,41.07,41.15,32605000,34.8834614557,35.0266335573,34.5886953642,34.6560704709,32605000,0.0,1.0
2014-04-02 00:00:00+00:00,41.35,41.66,41.17,41.44,28666700,34.8245082374,35.0855867756,34.6729142475,34.9003052324,28666700,0.0,1.0
2014-04-03 00:00:00+00:00,41.01,41.29,40.71,41.29,30139600,34.5381640343,34.7739769075,34.2855073844,34.7739769075,30139600,0.0,1.0
2014-04-04 00:00:00+00:00,39.87,41.39,39.64,41.25,51409600,33.5780687649,34.8581957908,33.3843653333,34.7402893542,51409600,0.0,1.0
2014-04-07 00:00:00+00:00,39.8,40.27,39.74,39.96,37559600,33.5191155466,33.914944298,33.4685842166,33.6538657598,37559600,0.0,1.0
2014-04-08 00:00:00+00:00,39.82,39.93,39.2,39.75,35918600,33.5359593232,33.6286000948,33.0138022469,33.4770061049,35918600,0.0,1.0
2014-04-09 00:00:00+00:00,40.47,40.55,39.88,39.93,27398700,34.0833820645,34.1507571712,33.5864906532,33.6286000948,27398700,0.0,1.0
2014-04-10 00:00:00+00:00,39.36,40.69,39.09,40.44,45960800,33.1485524601,34.2686636078,32.9211614752,34.0581163996,45960800,0.0,1.0
2014-04-11 00:00:00+00:00,39.209,39.79,39.0,39.0,34330200,33.0213819464,33.5106936582,32.8453644803,32.8453644803,34330200,0.0,1.0
2014-04-14 00:00:00+00:00,39.18,39.41,38.9,39.11,32006600,32.9969584702,33.1906619018,32.761145597,32.9380052519,32006600,0.0,1.0
2014-04-15 00:00:00+00:00,39.75,39.96,39.05,39.34,33968700,33.4770061049,33.6538657598,32.8874739219,33.1317086835,33968700,0.0,1.0
2014-04-16 00:00:00+00:00,40.4,40.415,39.905,40.06,30615800,34.0244288463,34.0370616787,33.607545374,33.7380846431,30615800,0.0,1.0
2014-04-17 00:00:00+00:00,40.01,40.195,39.51,40.01,36689400,33.6959752014,33.8517801355,33.274880785,33.6959752014,36689400,0.0,1.0
2014-04-21 00:00:00+00:00,39.94,40.15,39.79,40.13,22221200,33.6370219831,33.813881638,33.5106936582,33.7970378614,22221200,0.0,1.0
2014-04-22 00:00:00+00:00,39.99,40.14,39.83,39.96,27056700,33.6791314248,33.8054597497,33.5443812115,33.6538657598,27056700,0.0,1.0
2014-04-23 00:00:00+00:00,39.69,39.99,39.47,39.99,24602800,33.4264747749,33.6791314248,33.2411932317,33.6791314248,24602800,0.0,1.0
2014-04-24 00:00:00+00:00,39.86,39.97,39.3,39.74,42381600,33.5696468765,33.6622876481,33.0980211301,33.4685842166,42381600,0.0,1.0
2014-04-25 00:00:00+00:00,39.91,40.68,39.75,40.29,56876800,33.6117563182,34.2602417194,33.4770061049,33.9317880746,56876800,0.0,1.0
2014-04-28 00:00:00+00:00,40.87,41.29,40.09,40.14,50610200,34.4202575977,34.7739769075,33.7633503081,33.8054597497,50610200,0.0,1.0
2014-04-29 00:00:00+00:00,40.51,41.19,40.39,41.1,29636200,34.1170696179,34.6897580242,34.0160069579,34.6139610292,29636200,0.0,1.0
2014-04-30 00:00:00+00:00,40.4,40.5,40.1699,40.4,35458700,34.0244288463,34.1086477295,33.8306411958,34.0244288463,35458700,0.0,1.0
2014-05-01 00:00:00+00:00,40.0,40.36,39.95,40.2401,28787400,33.6875533131,33.9907412929,33.6454438715,33.8897628519,28787400,0.0,1.0
2014-05-02 00:00:00+00:00,39.69,40.34,39.66,40.31,43416600,33.4264747749,33.9738975163,33.40120911,33.9486318513,43416600,0.0,1.0
2014-05-05 00:00:00+00:00,39.43,39.6399,39.3,39.52,22460900,33.2075056784,33.3842811144,33.0980211301,33.2833026734,22460900,0.0,1.0
2014-05-06 00:00:00+00:00,39.06,39.35,38.95,39.29,27112400,32.8958958103,33.1401305718,32.8032550386,33.0895992418,27112400,0.0,1.0
2014-05-07 00:00:00+00:00,39.425,39.51,38.51,39.22,41744500,33.2032947342,33.274880785,32.4326919522,33.0306460235,41744500,0.0,1.0
2014-05-08 00:00:00+00:00,39.64,39.9,38.97,39.34,32120400,33.3843653333,33.6033344298,32.8200988153,33.1317086835,32120400,0.0,1.0
2014-05-09 00:00:00+00:00,39.54,39.85,39.37,39.54,29647600,33.30014645,33.5612249882,33.1569743484,33.30014645,29647600,0.0,1.0
2014-05-12 00:00:00+00:00,39.97,40.02,39.65,39.74,22782600,33.6622876481,33.7043970898,33.3927872216,33.4685842166,22782600,0.0,1.0
2014-05-13 00:00:00+00:00,40.42,40.5,39.85,39.92,27004800,34.2770854961,34.3449273279,33.7937124448,33.8530740476,27004800,0.28,1.0
2014-05-14 00:00:00+00:00,40.24,40.45,40.05,40.3,18818700,34.1244413746,34.302526183,33.9633170242,34.1753227485,18818700,0.0,1.0
2014-05-15 00:00:00+00:00,39.6,40.4,39.51,40.09,37793200,33.5817067206,34.2601250382,33.5053846598,33.9972379401,37793200,0.0,1.0
2014-05-16 00:00:00+00:00,39.83,39.84,39.27,39.67,29867100,33.7767519869,33.7852322158,33.3018591646,33.6410683234,29867100,0.0,1.0
2014-05-19 00:00:00+00:00,39.75,39.82,39.46,39.61,24537400,33.7089101551,33.7682717579,33.462983515,33.5901869495,24537400,0.0,1.0
2014-05-20 00:00:00+00:00,39.68,39.94,39.46,39.68,21320900,33.6495485523,33.8700345055,33.462983515,33.6495485523,21320900,0.0,1.0
2014-05-21 00:00:00+00:00,40.35,40.35,39.7399,39.8,22398700,34.2177238933,34.2177238933,33.7003451239,33.7513113,22398700,0.0,1.0
2014-05-22 00:00:00+00:00,40.1,40.35,39.85,40.29,20201800,34.0057181691,34.2177238933,33.7937124448,34.1668425195,20201800,0.0,1.0
2014-05-23 00:00:00+00:00,40.12,40.37,40.0,40.37,18020000,34.022678627,34.2346843512,33.9209158794,34.2346843512,18020000,0.0,1.0
2014-05-27 00:00:00+00:00,40.19,40.26,39.81,40.26,26160600,34.0820402298,34.1414018326,33.7597915289,34.1414018326,26160600,0.0,1.0
2014-05-28 00:00:00+00:00,40.01,40.19,39.82,40.14,25711500,33.9293961083,34.0820402298,33.7682717579,34.0396390849,25711500,0.0,1.0
2014-05-29 00:00:00+00:00,40.34,40.35,39.91,40.15,19888200,34.2092436643,34.2177238933,33.8445938186,34.0481193139,19888200,0.0,1.0
2014-05-30 00:00:00+00:00,40.94,40.97,40.25,40.45,34567600,34.7180574025,34.7434980894,34.1329216036,34.302526183,34567600,0.0,1.0
2014-06-02 00:00:00+00:00,40.79,41.09,40.68,40.95,18504300,34.590853968,34.8452608371,34.4975714493,34.7265376315,18504300,0.0,1.0
2014-06-03 00:00:00+00:00,40.29,40.68,40.25,40.6,18068900,34.1668425195,34.4975714493,34.1329216036,34.4297296176,18068900,0.0,1.0
2014-06-04 00:00:00+00:00,40.32,40.37,39.86,40.21,23209000,34.1922832064,34.2346843512,33.8021926738,34.0990006877,23209000,0.0,1.0
2014-06-05 00:00:00+00:00,41.21,41.25,40.4,40.59,31865200,34.9470235847,34.9809445006,34.2601250382,34.4212493886,31865200,0.0,1.0
2014-06-06 00:00:00+00:00,41.48,41.66,41.24,41.48,24060500,35.1759897669,35.3286338884,34.9724642716,35.1759897669,24060500,0.0,1.0
2014-06-09 00:00:00+00:00,41.27,41.48,41.02,41.39,15019200,34.9979049585,35.1759897669,34.7858992343,35.0996677062,15019200,0.0,1.0
2014-06-10 00:00:00+00:00,41.11,41.16,40.86,41.03,15117700,34.862221295,34.9046224399,34.6502155708,34.7943794633,15117700,0.0,1.0
2014-06-11 00:00:00+00:00,40.86,41.07,40.765,40.93,18040000,34.6502155708,34.8283003791,34.5696533956,34.7095771736,18040000,0.0,1.0
2014-06-12 00:00:00+00:00,40.58,40.88,40.29,40.81,29818900,34.4127691596,34.6671760287,34.1668425195,34.6078144259,29818900,0.0,1.0
2014-06-13 00:00:00+00:00,41.23,41.565,40.86,41.1,26310000,34.9639840427,35.2480717131,34.6502155708,34.853741066,26310000,0.0,1.0
2014-06-16 00:00:00+00:00,41.5,41.61,41.04,41.04,24205300,35.1929502248,35.2862327435,34.8028596922,34.8028596922,24205300,0.0,1.0
2014-06-17 00:00:00+00:00,41.68,41.91,40.335,41.29,22518600,35.3455943463,35.5406396126,34.2050035499,35.0148654165,22518600,0.0,1.0
2014-06-18 00:00:00+00:00,41.65,41.74,41.18,41.605,27097000,35.3201536594,35.3964757201,34.9215828978,35.281992629,27097000,0.0,1.0
2014-06-19 00:00:00+00:00,41.51,41.77,41.3301,41.57,19828200,35.2014304538,35.421916407,35.0488711346,35.2523118276,19828200,0.0,1.0
2014-06-20 00:00:00+00:00,41.68,41.83,41.38,41.445,47764900,35.3455943463,35.4727977808,35.0911874772,35.1463089655,47764900,0.0,1.0
2014-06-23 00:00:00+00:00,41.99,42.0,41.69,41.73,18743900,35.6084814444,35.6169616733,35.3540745753,35.3879954911,18743900,0.0,1.0
2014-06-24 00:00:00+00:00,41.745,41.94,41.56,41.83,26509100,35.4007158346,35.5660802995,35.2438315987,35.4727977808,26509100,0.0,1.0
2014-06-25 00:00:00+00:00,42.03,42.05,41.46,41.7,20049100,35.6424023602,35.6593628182,35.159029309,35.3625548042,20049100,0.0,1.0
2014-06-26 00:00:00+00:00,41.72,41.94,41.43,41.93,23604400,35.3795152622,35.5660802995,35.1335886221,35.5576000705,23604400,0.0,1.0
2014-06-27 00:00:00+00:00,42.25,42.29,41.51,41.61,74640000,35.8289673976,35.8628883135,35.2014304538,35.2862327435,74640000,0.0,1.0
2014-06-30 00:00:00+00:00,41.7,42.21,41.7,42.17,30805500,35.3625548042,35.7950464817,35.3625548042,35.7611255658,30805500,0.0,1.0
2014-07-01 00:00:00+00:00,41.87,42.15,41.69,41.86,26917000,35.5067186967,35.7441651079,35.3540745753,35.4982384678,26917000,0.0,1.0
2014-07-02 00:00:00+00:00,41.9,41.9,41.53,41.73,20208100,35.5321593836,35.5321593836,35.2183909118,35.3879954911,20208100,0.0,1.0
2014-07-03 00:00:00+00:00,41.8,41.99,41.56,41.91,15969300,35.4473570939,35.6084814444,35.2438315987,35.5406396126,15969300,0.0,1.0
2014-07-07 00:00:00+00:00,41.99,42.12,41.71,41.75,21952400,35.6084814444,35.718724421,35.3710350332,35.4049559491,21952400,0.0,1.0
2014-07-08 00:00:00+00:00,41.78,42.0,41.61,41.87,31218200,35.430396636,35.6169616733,35.2862327435,35.5067186967,31218200,0.0,1.0
2014-07-09 00:00:00+00:00,41.67,41.99,41.53,41.98,18445900,35.3371141173,35.6084814444,35.2183909118,35.6000012154,18445900,0.0,1.0
2014-07-10 00:00:00+00:00,41.685,42.0,41.05,41.37,21854700,35.3498344608,35.6169616733,34.8113399212,35.0827072482,21854700,0.0,1.0
2014-07-11 00:00:00+00:00,42.09,42.09,41.48,41.7,24083000,35.6932837341,35.6932837341,35.1759897669,35.3625548042,24083000,0.0,1.0
2014-07-14 00:00:00+00:00,42.14,42.45,42.04,42.22,21881100,35.7356848789,35.998571977,35.6508825892,35.8035267107,21881100,0.0,1.0
2014-07-15 00:00:00+00:00,42.45,42.47,42.03,42.33,28748700,35.998571977,36.0155324349,35.6424023602,35.8968092293,28748700,0.0,1.0
2014-07-16 00:00:00+00:00,44.08,44.31,42.48,42.51,63318000,37.3808492991,37.5758945654,36.0240126639,36.0494533508,63318000,0.0,1.0
2014-07-17 00:00:00+00:00,44.53,45.71,44.25,45.45,82180300,37.7624596027,38.7631266211,37.5250131915,38.5426406679,82180300,0.0,1.0
2014-07-18 00:00:00+00:00,44.69,44.84,44.25,44.65,43407500,37.8981432662,38.0253467008,37.5250131915,37.8642223503,43407500,0.0,1.0
2014-07-21 00:00:00+00:00,44.835,45.16,44.22,44.56,37604400,38.0211065863,38.2967140278,37.4995725046,37.7879002896,37604400,0.0,1.0
2014-07-22 00:00:00+00:00,44.83,45.15,44.59,45.0,43095800,38.0168664718,38.2882337988,37.8133409765,38.1610303643,43095800,0.0,1.0
2014-07-23 00:00:00+00:00,44.87,45.45,44.62,45.45,52362900,38.0507873877,38.5426406679,37.8387816634,38.5426406679,52362900,0.0,1.0
2014-07-24 00:00:00+00:00,44.4,45.0,44.32,44.93,30725300,37.6522166261,38.1610303643,37.5843747943,38.1016687615,30725300,0.0,1.0
2014-07-25 00:00:00+00:00,44.5,44.66,44.3,44.3,26737700,37.7370189158,37.8727025793,37.5674143364,37.5674143364,26737700,0.0,1.0
2014-07-28 00:00:00+00:00,43.97,44.51,43.93,44.36,29684200,37.2875667804,37.7454991448,37.2536458645,37.6182957102,29684200,0.0,1.0
2014-07-29 00:00:00+00:00,43.885,44.09,43.64,43.91,27763100,37.2154848341,37.389329528,37.0077192244,37.2366854066,27763100,0.0,1.0
2014-07-30 00:00:00+00:00,43.5785,44.1,43.29,44.07,31921400,36.9555658162,37.397809757,36.7109112104,37.3723690701,31921400,0.0,1.0
2014-07-31 00:00:00+00:00,43.16,43.69,43.08,43.38,31537500,36.6006682338,37.0501203692,36.5328264021,36.7872332712,31537500,0.0,1.0
2014-08-01 00:00:00+00:00,42.86,43.25,42.6,43.21,31170300,36.3462613647,36.6769902946,36.1257754115,36.6430693787,31170300,0.0,1.0
2014-08-04 00:00:00+00:00,43.37,43.47,42.81,42.97,34277400,36.7787530422,36.8635553319,36.3038602199,36.4395438834,34277400,0.0,1.0
2014-08-05 00:00:00+00:00,43.08,43.46,42.83,43.31,26266400,36.5328264021,36.8550751029,36.3208206778,36.7278716684,26266400,0.0,1.0
2014-08-06 00:00:00+00:00,42.74,43.17,42.21,42.74,24634000,36.2444986171,36.6091484628,35.7950464817,36.2444986171,24634000,0.0,1.0
2014-08-07 00:00:00+00:00,43.23,43.45,42.65,42.84,30314900,36.6600298366,36.846594874,36.1681765564,36.3293009068,30314900,0.0,1.0
2014-08-08 00:00:00+00:00,43.2,43.315,42.91,43.23,28942700,36.6345891497,36.7321117829,36.3886625096,36.6600298366,28942700,0.0,1.0
2014-08-11 00:00:00+00:00,43.2,43.45,43.02,43.26,20351600,36.6345891497,36.846594874,36.4819450283,36.6854705235,20351600,0.0,1.0
2014-08-12 00:00:00+00:00,43.52,43.59,43.0,43.04,21431100,36.9059564767,36.9653180795,36.4649845703,36.4989054862,21431100,0.0,1.0
2014-08-13 00:00:00+00:00,44.08,44.18,43.52,43.68,22889500,37.3808492991,37.4656515888,36.9059564767,37.0416401403,22889500,0.0,1.0
2014-08-14 00:00:00+00:00,44.27,44.417,44.01,44.08,19313200,37.5419736495,37.6666330153,37.3214876963,37.3808492991,19313200,0.0,1.0
2014-08-15 00:00:00+00:00,44.79,44.895,44.4,44.58,41611300,37.9829455559,38.0719879601,37.6522166261,37.8048607476,41611300,0.0,1.0
2014-08-18 00:00:00+00:00,45.11,45.11,44.68,44.94,26891100,38.254312883,38.254312883,37.8896630373,38.1101489905,26891100,0.0,1.0
2014-08-19 00:00:00+00:00,45.33,45.34,44.83,44.97,28139500,38.6783243314,38.6868569422,38.2516937961,38.371150346,28139500,0.28,1.0
2014-08-20 00:00:00+00:00,44.95,45.4,44.9,45.34,24770500,38.3540851246,38.7380526064,38.3114220711,38.6868569422,24770500,0.0,1.0
2014-08-21 00:00:00+00:00,45.22,45.25,44.83,44.84,22272000,38.5844656137,38.6100634458,38.2516937961,38.2602264068,22272000,0.0,1.0
2014-08-22 00:00:00+00:00,45.15,45.47,45.07,45.35,18294500,38.5247373387,38.7977808813,38.4564764531,38.6953895529,18294500,0.0,1.0
2014-08-25 00:00:00+00:00,45.17,45.44,45.04,45.4,16898100,38.5418025601,38.7721830492,38.430878621,38.7380526064,16898100,0.0,1.0
2014-08-26 00:00:00+00:00,45.005,45.395,44.94,45.31,14873100,38.4010144835,38.733786301,38.3455525139,38.66125911,14873100,0.0,1.0
2014-08-27 00:00:00+00:00,44.87,45.0,44.76,44.9,20823000,38.285824239,38.3967481781,38.1919655212,38.3114220711,20823000,0.0,1.0
2014-08-28 00:00:00+00:00,44.88,44.98,44.61,44.75,17657600,38.2943568497,38.3796829567,38.0639763606,38.1834329105,17657600,0.0,1.0
2014-08-29 00:00:00+00:00,45.43,45.44,44.855,45.09,21607600,38.7636504385,38.7721830492,38.2730253229,38.4735416745,21607600,0.0,1.0
2014-09-02 00:00:00+00:00,45.09,45.46,44.85,45.43,22956800,38.4735416745,38.7892482706,38.2687590175,38.7636504385,22956800,0.0,1.0
2014-09-03 00:00:00+00:00,44.96,45.11,44.53,44.53,33684500,38.3626177353,38.4906068959,37.9957154749,37.9957154749,33684500,0.0,1.0
2014-09-04 00:00:00+00:00,45.26,45.27,44.72,44.74,26475500,38.6185960565,38.6271286672,38.1578350784,38.1749002998,26475500,0.0,1.0
2014-09-05 00:00:00+00:00,45.91,45.93,45.11,45.11,36882700,39.1732157524,39.1902809738,38.4906068959,38.4906068959,36882700,0.0,1.0
2014-09-08 00:00:00+00:00,46.47,46.8,45.99,46.02,45719000,39.651041952,39.9326181053,39.2414766381,39.2670744702,45719000,0.0,1.0
2014-09-09 00:00:00+00:00,46.76,46.97,46.42,46.47,40255500,39.8984876624,40.0776724873,39.6083788984,39.651041952,40255500,0.0,1.0
2014-09-10 00:00:00+00:00,46.84,46.94,46.28,46.8201,27302400,39.9667485481,40.0520746552,39.4889223485,39.9497686528,27302400,0.0,1.0
2014-09-11 00:00:00+00:00,47.0,47.0,46.47,46.74,29216400,40.1032703194,40.1032703194,39.651041952,39.881422441,29216400,0.0,1.0
2014-09-12 00:00:00+00:00,46.695,47.02,46.6,46.91,38244700,39.8430256929,40.1203355408,39.7619658911,40.026476823,38244700,0.0,1.0
2014-09-15 00:00:00+00:00,46.24,46.71,46.1,46.54,37630700,39.4547919057,39.8558246089,39.3353353558,39.7107702269,37630700,0.0,1.0
2014-09-16 00:00:00+00:00,46.76,46.85,46.29,46.39,27865200,39.8984876624,39.9752811588,39.4974549592,39.5827810663,27865200,0.0,1.0
2014-09-17 00:00:00+00:00,46.52,46.69,46.23,46.26,38249200,39.6937050055,39.8387593875,39.446259295,39.4718571271,38249200,0.0,1.0
2014-09-18 00:00:00+00:00,46.68,46.83,46.46,46.59,35533100,39.8302267768,39.9582159374,39.6425093413,39.7534332804,35533100,0.0,1.0
2014-09-19 00:00:00+00:00,47.52,47.57,46.6,46.81,202522400,40.5469660761,40.5896291296,39.7619658911,39.941150716,202522400,0.0,1.0
2014-09-22 00:00:00+00:00,47.06,47.38,46.98,47.3,38655900,40.1544659836,40.4275095262,40.086205098,40.3592486406,38655900,0.0,1.0
2014-09-23 00:00:00+00:00,46.56,46.98,46.47,46.85,33430300,39.7278354483,40.086205098,39.651041952,39.9752811588,33430300,0.0,1.0
2014-09-24 00:00:00+00:00,47.08,47.11,46.34,46.63,26480359,40.171531205,40.1971290372,39.5401180128,39.7875637233,26480359,0.0,1.0
2014-09-25 00:00:00+00:00,46.04,47.09,46.03,46.88,32777043,39.2841396916,40.1800638157,39.2756070809,40.0008789909,32777043,0.0,1.0
2014-09-26 00:00:00+00:00,46.41,46.62,45.76,45.93,27078764,39.5998462877,39.7790311126,39.0452265918,39.1902809738,27078764,0.0,1.0
2014-09-29 00:00:00+00:00,46.44,46.56,45.76,45.98,26090980,39.6254441198,39.7278354483,39.0452265918,39.2329440274,26090980,0.0,1.0
2014-09-30 00:00:00+00:00,46.36,46.4763,46.01,46.37,33033086,39.5571832342,39.6564174967,39.2585418595,39.5657158449,33033086,0.0,1.0
2014-10-01 00:00:00+00:00,45.9,46.53,45.845,46.27,38088355,39.1646831417,39.7022376162,39.1177537828,39.4803897378,38088355,0.0,1.0
2014-10-02 00:00:00+00:00,45.76,46.1,45.64,45.83,25119508,39.0452265918,39.3353353558,38.9428352633,39.1049548668,25119508,0.0,1.0
2014-10-03 00:00:00+00:00,46.09,46.3,45.61,45.98,32453273,39.3268027451,39.50598757,38.9172374312,39.2329440274,32453273,0.0,1.0
2014-10-06 00:00:00+00:00,46.09,46.3,45.9199,46.12,20603960,39.3268027451,39.50598757,39.181663037,39.3524005772,20603960,0.0,1.0
2014-10-07 00:00:00+00:00,45.53,45.93,45.42,45.86,25724544,38.8489765456,39.1902809738,38.7551178278,39.1305526989,25724544,0.0,1.0
2014-10-08 00:00:00+00:00,46.78,46.89,45.34,45.48,33030972,39.9155528839,40.0094116016,38.6868569422,38.806313492,33030972,0.0,1.0
2014-10-09 00:00:00+00:00,45.85,46.8,45.74,46.5,34426595,39.1220200882,39.9326181053,39.0281613704,39.6766397841,34426595,0.0,1.0
2014-10-10 00:00:00+00:00,44.03,46.12,43.95,45.6,51978146,37.5690849396,39.3524005772,37.500824054,38.9087048205,51978146,0.0,1.0
2014-10-13 00:00:00+00:00,43.65,44.56,43.49,43.82,37100207,37.2448457328,38.0213133071,37.1083239615,37.3899001148,37100207,0.0,1.0
2014-10-14 00:00:00+00:00,43.73,44.38,43.56,43.87,38120558,37.3131066184,37.8677263144,37.1680522364,37.4325631683,38120558,0.0,1.0
2014-10-15 00:00:00+00:00,43.22,43.39,42.1,43.0,60220961,36.8779434724,37.0229978544,35.9222910733,36.6902260369,60220961,0.0,1.0
2014-10-16 00:00:00+00:00,42.74,43.08,42.22,42.53,49040989,36.4683781585,36.7584869225,36.0246824018,36.2891933337,49040989,0.0,1.0
2014-10-17 00:00:00+00:00,43.63,43.935,42.79,43.2,40683346,37.2277805114,37.4880251379,36.5110412121,36.860878251,40683346,0.0,1.0
2014-10-20 00:00:00+00:00,44.08,44.14,42.81,43.06,34530887,37.6117479932,37.6629436574,36.5281064335,36.7414217011,34530887,0.0,1.0
2014-10-21 00:00:00+00:00,44.88,44.975,44.19,44.36,36433824,38.2943568497,38.3754166514,37.7056067109,37.8506610929,36433824,0.0,1.0
2014-10-22 00:00:00+00:00,44.38,45.07,44.225,45.0,33579817,37.8677263144,38.4564764531,37.7354708484,38.3967481781,33579817,0.0,1.0
2014-10-23 00:00:00+00:00,45.02,45.445,44.53,44.62,45451869,38.4138133996,38.7764493546,37.9957154749,38.0725089713,45451869,0.0,1.0
2014-10-24 00:00:00+00:00,46.13,46.9,45.18,46.83,61081039,39.3609331879,40.0179442123,38.5503351709,39.9582159374,61081039,0.0,1.0
2014-10-27 00:00:00+00:00,45.91,46.1,45.71,45.71,30371308,39.1732157524,39.3353353558,39.0025635383,39.0025635383,30371308,0.0,1.0
2014-10-28 00:00:00+00:00,46.49,46.5,45.77,45.86,29049750,39.6681071734,39.6766397841,39.0537592025,39.1305526989,29049750,0.0,1.0
2014-10-29 00:00:00+00:00,46.62,46.7,46.34,46.44,30283622,39.7790311126,39.8472919982,39.5401180128,39.6254441198,30283622,0.0,1.0
2014-10-30 00:00:00+00:00,46.05,46.32,45.77,46.32,30073873,39.2926723023,39.5230527914,39.0537592025,39.5230527914,30073873,0.0,1.0
2014-10-31 00:00:00+00:00,46.95,46.97,46.48,46.94,35849656,40.0606072659,40.0776724873,39.6595745627,40.0520746552,35849656,0.0,1.0
2014-11-03 00:00:00+00:00,47.44,47.46,46.73,46.89,23130397,40.4787051905,40.4957704119,39.8728898303,40.0094116016,23130397,0.0,1.0
2014-11-04 00:00:00+00:00,47.57,47.73,47.25,47.301,21530813,40.5896291296,40.7261509009,40.316585587,40.3601019016,21530813,0.0,1.0
2014-11-05 00:00:00+00:00,47.86,47.9,47.26,47.8,22449594,40.8370748401,40.871205283,40.3251181978,40.7858791759,22449594,0.0,1.0
2014-11-06 00:00:00+00:00,48.7,48.86,47.79,47.86,33037841,41.5538141395,41.6903359108,40.7773465652,40.8370748401,33037841,0.0,1.0
2014-11-07 00:00:00+00:00,48.68,48.92,48.2901,48.92,28000598,41.536748918,41.741531575,41.2040624266,41.741531575,28000598,0.0,1.0
2014-11-10 00:00:00+00:00,48.89,49.15,48.55,48.65,36370067,41.7159337429,41.9377816212,41.4258249789,41.5111510859,36370067,0.0,1.0
2014-11-11 00:00:00+00:00,48.87,48.93,48.645,48.85,23445239,41.6988685215,41.7500641857,41.5068847806,41.6818033,23445239,0.0,1.0
2014-11-12 00:00:00+00:00,48.78,48.92,48.52,48.56,22722123,41.6220750251,41.741531575,41.4002271467,41.4343575896,22722123,0.0,1.0
2014-11-13 00:00:00+00:00,49.61,49.645,48.705,48.81,26210433,42.3302817137,42.3601458512,41.5580804448,41.6476728572,26210433,0.0,1.0
2014-11-14 00:00:00+00:00,49.58,50.045,49.39,49.74,29081657,42.3046838816,42.7014502794,42.1425642782,42.4412056529,29081657,0.0,1.0
2014-11-17 00:00:00+00:00,49.46,49.705,49.14,49.41,30318648,42.2022925531,42.4113415154,41.9292490105,42.1596294996,30318648,0.0,1.0
2014-11-18 00:00:00+00:00,48.74,49.325,48.7,49.13,23996457,41.8524555142,42.3547880229,41.8181079922,42.1873438533,23996457,0.31,1.0
2014-11-19 00:00:00+00:00,48.22,48.7549,47.93,48.66,26177450,41.4059377286,41.8652499661,41.1569181944,41.7837604702,26177450,0.0,1.0
2014-11-20 00:00:00+00:00,48.7,48.7,47.87,48.0,21510587,41.8181079922,41.8181079922,41.1053969114,41.2170263578,21510587,0.0,1.0
2014-11-21 00:00:00+00:00,47.98,49.05,47.57,49.02,42884795,41.1998525968,42.1186488094,40.8477904967,42.0928881679,42884795,0.0,1.0
2014-11-24 00:00:00+00:00,47.59,48.0,47.39,47.99,35434245,40.8649642577,41.2170263578,40.6932266479,41.2084394773,35434245,0.0,1.0
2014-11-25 00:00:00+00:00,47.47,47.97,47.45,47.66,28007993,40.7619216918,41.1912657163,40.7447479308,40.9250724211,28007993,0.0,1.0
2014-11-26 00:00:00+00:00,47.75,47.99,47.28,47.49,27164877,41.0023543455,41.2084394773,40.5987709625,40.7790954528,27164877,0.0,1.0
2014-11-28 00:00:00+00:00,47.81,48.195,47.61,47.95,21534426,41.0538756285,41.3844705274,40.8821380187,41.1740919554,21534426,0.0,1.0
2014-12-01 00:00:00+00:00,48.62,48.78,47.71,47.88,31191575,41.7494129483,41.8868030361,40.9680068236,41.1139837919,31191575,0.0,1.0
2014-12-02 00:00:00+00:00,48.46,49.05,48.2,48.84,25773478,41.6120228604,42.1186488094,41.3887639676,41.9383243191,25773478,0.0,1.0
2014-12-03 00:00:00+00:00,48.08,48.5,47.805,48.44,23534752,41.2857214018,41.6463703824,41.0495821882,41.5948490994,23534752,0.0,1.0
2014-12-04 00:00:00+00:00,48.84,49.06,48.2,48.39,30345132,41.9383243191,42.1272356899,41.3887639676,41.551914697,30345132,0.0,1.0
2014-12-05 00:00:00+00:00,48.42,48.97,48.38,48.82,27313449,41.5776753385,42.0499537655,41.5433278165,41.9211505581,27313449,0.0,1.0
2014-12-08 00:00:00+00:00,47.695,48.35,47.445,48.26,26663107,40.9551265028,41.517567175,40.7404544906,41.4402852506,26663107,0.0,1.0
2014-12-09 00:00:00+00:00,47.59,47.92,47.05,47.11,24330506,40.8649642577,41.1483313139,40.4012727112,40.4527939941,24330506,0.0,1.0
2014-12-10 00:00:00+00:00,46.9,47.66,46.7001,47.58,30431788,40.2724695038,40.9250724211,40.1008177628,40.8563773772,30431788,0.0,1.0
2014-12-11 00:00:00+00:00,47.17,47.74,46.68,47.08,29061918,40.5043152771,40.9937674651,40.083558133,40.4270333526,29061918,0.0,1.0
2014-12-12 00:00:00+00:00,46.95,47.73,46.67,46.78,34248371,40.3154039062,40.9851805846,40.0749712525,40.1694269379,34248371,0.0,1.0
2014-12-15 00:00:00+00:00,46.67,47.67,46.55,47.2,29247761,40.0749712525,40.9336593016,39.9719286866,40.5300759185,29247761,0.0,1.0
2014-12-16 00:00:00+00:00,45.16,46.34,45.13,45.9,47801392,38.7783522983,39.7916041963,38.7525916568,39.4137814547,47801392,0.0,1.0
2014-12-17 00:00:00+00:00,45.74,45.945,44.9,45.05,34970865,39.2763913668,39.4524224169,38.5550934055,38.6838966129,34970865,0.0,1.0
2014-12-18 00:00:00+00:00,47.52,47.52,46.3386,46.58,40105550,40.8048560942,40.8048560942,39.790402033,39.9976893281,40105550,0.0,1.0
2014-12-19 00:00:00+00:00,47.66,48.1,47.17,47.63,64551182,40.9250724211,41.3028951627,40.5043152771,40.8993117796,64551182,0.0,1.0
2014-12-22 00:00:00+00:00,47.98,48.12,47.71,47.78,26565984,41.1998525968,41.3200689237,40.9680068236,41.028114987,26565984,0.0,1.0
2014-12-23 00:00:00+00:00,48.45,48.8,48.13,48.37,23656529,41.6034359799,41.9039767971,41.3286558042,41.534740936,23656529,0.0,1.0
2014-12-24 00:00:00+00:00,48.14,48.64,48.08,48.64,11442790,41.3372426847,41.7665867093,41.2857214018,41.7665867093,11442790,0.0,1.0
2014-12-26 00:00:00+00:00,47.88,48.41,47.82,48.41,13197817,41.1139837919,41.569088458,41.062462509,41.569088458,13197817,0.0,1.0
2014-12-29 00:00:00+00:00,47.45,47.78,47.26,47.7,14439518,40.7447479308,41.028114987,40.5815972015,40.9594199431,14439518,0.0,1.0
2014-12-30 00:00:00+00:00,47.02,47.62,46.84,47.44,16384692,40.3755120697,40.8907248992,40.2209482208,40.7361610503,16384692,0.0,1.0
2014-12-31 00:00:00+00:00,46.45,47.44,46.45,46.73,21552450,39.8860598817,40.7361610503,39.8860598817,40.1264925354,21552450,0.0,1.0
2015-01-02 00:00:00+00:00,46.76,47.42,46.54,46.66,27913852,40.1522531769,40.7189872893,39.9633418061,40.066384372,27913852,0.0,1.0
2015-01-05 00:00:00+00:00,46.325,46.73,46.25,46.37,39673865,39.7787238755,40.1264925354,39.7143222719,39.8173648378,39673865,0.0,1.0
2015-01-06 00:00:00+00:00,45.65,46.749,45.54,46.38,36447854,39.1991094424,40.1428076084,39.104653757,39.8259517182,36447854,0.0,1.0
2015-01-07 00:00:00+00:00,46.23,46.46,45.49,45.98,29114061,39.6971485109,39.8946467622,39.0617193545,39.4824764986,29114061,0.0,1.0
2015-01-08 00:00:00+00:00,47.59,47.7499,46.72,46.75,29645202,40.8649642577,41.0022684767,40.1179056549,40.1436662964,29645202,0.0,1.0
2015-01-09 00:00:00+00:00,47.19,47.82,46.9,47.61,23715642,40.521489038,41.062462509,40.2724695038,40.8821380187,23715642,0.0,1.0
2015-01-12 00:00:00+00:00,46.6,47.54,46.36,47.42,23651887,40.0148630891,40.8220298552,39.8087779573,40.7189872893,23651887,0.0,1.0
2015-01-13 00:00:00+00:00,46.355,47.91,46.06,46.97,35270601,39.804484517,41.1397444334,39.5511715425,40.3325776672,35270601,0.0,1.0
2015-01-14 00:00:00+00:00,45.955,46.24,45.62,45.96,29719580,39.4610092974,39.7057353914,39.1733488009,39.4653027376,29719580,0.0,1.0
2015-01-15 00:00:00+00:00,45.48,46.38,45.41,46.22,32750779,39.053132474,39.8259517182,38.9930243106,39.6885616304,32750779,0.0,1.0
2015-01-16 00:00:00+00:00,46.24,46.28,45.17,45.31,35695289,39.7057353914,39.7400829133,38.7869391788,38.9071555057,35695289,0.0,1.0
2015-01-20 00:00:00+00:00,46.39,46.65,45.57,46.3,36161860,39.8345385987,40.0577974915,39.1304143985,39.7572566743,36161860,0.0,1.0
2015-01-21 00:00:00+00:00,45.92,46.14,45.48,45.94,39081143,39.4309552157,39.6198665865,39.053132474,39.4481289766,39081143,0.0,1.0
2015-01-22 00:00:00+00:00,47.13,47.135,46.08,46.38,35898035,40.4699677551,40.4742611953,39.5683453035,39.8259517182,35898035,0.0,1.0
2015-01-23 00:00:00+00:00,47.18,47.39,46.8,47.36,26211594,40.5129021575,40.6932266479,40.1866006989,40.6674660064,26211594,0.0,1.0
2015-01-26 00:00:00+00:00,47.01,47.1339,46.2399,47.0,42525530,40.3669251892,40.4733166385,39.7056495226,40.3583383087,42525530,0.0,1.0
2015-01-27 00:00:00+00:00,42.66,43.2,42.105,42.95,169163953,36.6316321755,37.095323722,36.1550603083,36.8806517098,169163953,0.0,1.0
2015-01-28 00:00:00+00:00,41.19,42.79,41.16,42.74,84507078,35.3693607433,36.7432616219,35.3436001018,36.7003272194,84507078,0.0,1.0
2015-01-29 00:00:00+00:00,42.01,42.12,40.79,40.93,63585273,36.0734849436,36.167940629,35.0258855237,35.1461018505,63585273,0.0,1.0
2015-01-30 00:00:00+00:00,40.4,41.58,40.35,41.55,78004944,34.6909971845,35.7042490825,34.648062782,35.678488441,78004944,0.0,1.0
2015-02-02 00:00:00+00:00,41.28,41.37,40.23,40.59,50352532,35.4466426677,35.5239245921,34.5450202162,34.8541479138,50352532,0.0,1.0
2015-02-03 00:00:00+00:00,41.6,41.93,41.045,41.63,52082448,35.7214228434,36.0047898997,35.2448509762,35.7471834849,52082448,0.0,1.0
2015-02-04 00:00:00+00:00,41.84,42.21,41.36,41.94,41614812,35.9275079752,36.2452225534,35.5153377117,36.0133767801,41614812,0.0,1.0
2015-02-05 00:00:00+00:00,42.45,42.64,41.855,42.22,36548168,36.4513076852,36.6144584145,35.940388296,36.2538094339,36548168,0.0,1.0
2015-02-06 00:00:00+00:00,42.41,42.79,42.15,42.68,34616554,36.4169601632,36.7432616219,36.1937012705,36.6488059365,34616554,0.0,1.0
2015-02-09 00:00:00+00:00,42.36,42.74,42.21,42.24,31381061,36.3740257608,36.7003272194,36.2452225534,36.2709831949,31381061,0.0,1.0
2015-02-10 00:00:00+00:00,42.6,42.77,42.18,42.74,29670676,36.5801108926,36.7260878609,36.2194619119,36.7003272194,29670676,0.0,1.0
2015-02-11 00:00:00+00:00,42.38,42.65,42.21,42.65,38262509,36.3911995218,36.623045295,36.2452225534,36.623045295,38262509,0.0,1.0
2015-02-12 00:00:00+00:00,43.09,43.09,42.51,42.66,33268831,37.0008680366,37.0008680366,36.5028289681,36.6316321755,33268831,0.0,1.0
2015-02-13 00:00:00+00:00,43.87,43.87,43.15,43.38,40264887,37.670644715,37.670644715,37.0523893196,37.2498875709,40264887,0.0,1.0
2015-02-17 00:00:00+00:00,43.58,44.0,43.19,43.97,33695749,37.6878184759,38.0510328807,37.3505479572,38.0250889946,33695749,0.31,1.0
2015-02-18 00:00:00+00:00,43.53,43.7,43.39,43.63,27111657,37.6445786658,37.7915940202,37.5235071976,37.731058286,27111657,0.0,1.0
2015-02-19 00:00:00+00:00,43.5,43.5263,43.05,43.18,27603420,37.6186347798,37.6413789199,37.229476489,37.3418999952,27603420,0.0,1.0
2015-02-20 00:00:00+00:00,43.855,43.88,43.29,43.51,29721133,37.9256374314,37.9472573365,37.4370275774,37.6272827418,29721133,0.0,1.0
2015-02-23 00:00:00+00:00,44.15,44.19,43.65,43.7,32518754,38.180752311,38.2153441591,37.7483542101,37.7915940202,32518754,0.0,1.0
2015-02-24 00:00:00+00:00,44.09,44.3,43.92,44.15,25271747,38.1288645389,38.3104717413,37.9818491846,38.180752311,25271747,0.0,1.0
2015-02-25 00:00:00+00:00,43.99,44.09,43.8,43.95,29759820,38.0423849187,38.1288645389,37.8780736403,38.0077930706,29759820,0.0,1.0
2015-02-26 00:00:00+00:00,44.055,44.23,43.89,43.99,28957329,38.0985966718,38.2499360071,37.9559052985,38.0423849187,28957329,0.0,1.0
2015-02-27 00:00:00+00:00,43.85,44.2,43.66,44.13,33807740,37.9213134504,38.2239921211,37.7570021721,38.1634563869,33807740,0.0,1.0
2015-03-02 00:00:00+00:00,43.88,44.19,43.55,43.67,31924049,37.9472573365,38.2153441591,37.6618745899,37.7656501341,31924049,0.0,1.0
2015-03-03 00:00:00+00:00,43.28,43.825,43.09,43.56,31748648,37.4283796154,37.8996935454,37.264068337,37.6705225519,31748648,0.0,1.0
2015-03-04 00:00:00+00:00,43.055,43.21,42.88,43.01,25748692,37.23380047,37.3678438813,37.0824611347,37.1948846409,25748692,0.0,1.0
2015-03-05 00:00:00+00:00,43.11,43.24,42.82,43.07,23193541,37.2813642611,37.3937877673,37.0305733625,37.246772413,23193541,0.0,1.0
2015-03-06 00:00:00+00:00,42.36,43.11,42.15,43.0,36248785,36.6327671097,37.2813642611,36.4511599073,37.1862366789,36248785,0.0,1.0
2015-03-09 00:00:00+00:00,42.85,43.125,42.19,42.19,32107957,37.0565172486,37.2943362041,36.4857517554,36.4857517554,32107957,0.0,1.0
2015-03-10 00:00:00+00:00,42.03,42.71,42.03,42.35,39159730,36.3473843631,36.9354457803,36.3473843631,36.6241191477,39159730,0.0,1.0
2015-03-11 00:00:00+00:00,41.98,42.37,41.84,42.31,32215314,36.304144553,36.6414150717,36.1830730847,36.5895272996,32215314,0.0,1.0
2015-03-12 00:00:00+00:00,41.02,41.65,40.86,41.33,59992502,35.4739401992,36.0187618064,35.3355728069,35.7420270218,59992502,0.0,1.0
2015-03-13 00:00:00+00:00,41.38,41.47,40.61,40.7,58007705,35.7852668319,35.8630984901,35.1193737565,35.1972054147,58007705,0.0,1.0
2015-03-16 00:00:00+00:00,41.56,41.64,41.28,41.47,35273452,35.9409301482,36.0101138444,35.6987872117,35.8630984901,35273452,0.0,1.0
2015-03-17 00:00:00+00:00,41.695,41.83,41.15,41.37,31673448,36.0576776355,36.1744251227,35.5863637055,35.7766188699,31673448,0.0,1.0
2015-03-18 00:00:00+00:00,42.5,42.83,41.33,41.43,44194771,36.753838578,37.0392213246,35.7420270218,35.828506642,44194771,0.0,1.0
2015-03-19 00:00:00+00:00,42.285,42.59,42.22,42.26,33879066,36.5679073946,36.8316702361,36.5116956414,36.5462874895,33879066,0.0,1.0
2015-03-20 00:00:00+00:00,42.88,42.98,42.49,42.56,71904529,37.0824611347,37.1689407548,36.7451906159,36.8057263501,71904529,0.0,1.0
2015-03-23 00:00:00+00:00,42.855,43.13,42.78,42.88,26246086,37.0608412296,37.2986601851,36.9959815145,37.0824611347,26246086,0.0,1.0
2015-03-24 00:00:00+00:00,42.9,43.17,42.75,42.78,25513252,37.0997570587,37.3332520332,36.9700376284,36.9959815145,25513252,0.0,1.0
2015-03-25 00:00:00+00:00,41.46,42.925,41.44,42.92,43469907,35.854450528,37.1213769637,35.837154604,37.1170529827,43469907,0.0,1.0
2015-03-26 00:00:00+00:00,41.21,41.61,40.92,41.22,37495627,35.6382514776,35.9841699583,35.3874605791,35.6468994396,37495627,0.0,1.0
2015-03-27 00:00:00+00:00,40.97,41.43,40.83,41.12,34401398,35.4307003891,35.828506642,35.3096289209,35.5604198194,34401398,0.0,1.0
2015-03-30 00:00:00+00:00,40.96,41.54,40.91,41.1,35049662,35.4220524271,35.9236342242,35.378812617,35.5431238954,35049662,0.0,1.0
2015-03-31 00:00:00+00:00,40.655,41.03,40.54,40.78,34887219,35.1582895856,35.4825881613,35.0588380224,35.2663891108,34887219,0.0,1.0
2015-04-01 00:00:00+00:00,40.72,40.76,40.31,40.6,36865322,35.2145013387,35.2490931868,34.8599348959,35.1107257945,36865322,0.0,1.0
2015-04-02 00:00:00+00:00,40.29,40.74,40.12,40.66,37487476,34.8426389719,35.2317972627,34.6956236176,35.1626135666,37487476,0.0,1.0
2015-04-06 00:00:00+00:00,41.545,41.78,40.18,40.34,39223692,35.9279582052,36.1311853126,34.7475113897,34.885878782,39223692,0.0,1.0
2015-04-07 00:00:00+00:00,41.53,41.91,41.31,41.61,28809375,35.9149862622,36.2436088189,35.7247310978,35.9841699583,28809375,0.0,1.0
2015-04-08 00:00:00+00:00,41.42,41.69,41.04,41.46,24753438,35.81985868,36.0533536545,35.4912361233,35.854450528,24753438,0.0,1.0
2015-04-09 00:00:00+00:00,41.48,41.62,41.25,41.25,25723861,35.8717464521,35.9928179203,35.6728433257,35.6728433257,25723861,0.0,1.0
2015-04-10 00:00:00+00:00,41.72,41.95,41.41,41.63,28022002,36.0792975405,36.2782006669,35.811210718,36.0014658824,28022002,0.0,1.0
2015-04-13 00:00:00+00:00,41.76,42.06,41.39,41.4,30276692,36.1138893886,36.3733282491,35.7939147939,35.8025627559,30276692,0.0,1.0
2015-04-14 00:00:00+00:00,41.65,42.03,41.39,41.8,24244382,36.0187618064,36.3473843631,35.7939147939,36.1484812367,24244382,0.0,1.0
2015-04-15 00:00:00+00:00,42.255,42.46,41.68,41.76,27343581,36.5419635085,36.7192467299,36.0447056924,36.1138893886,27343581,0.0,1.0
2015-04-16 00:00:00+00:00,42.16,42.34,41.82,41.95,22509652,36.4598078693,36.6154711857,36.1657771607,36.2782006669,22509652,0.0,1.0
2015-04-17 00:00:00+00:00,41.615,41.74,41.16,41.67,42387608,35.9884939393,36.0965934646,35.5950116675,36.0360577304,42387608,0.0,1.0
2015-04-20 00:00:00+00:00,42.905,43.17,41.68,41.73,46057733,37.1040810397,37.3332520332,36.0447056924,36.0879455025,46057733,0.0,1.0
2015-04-21 00:00:00+00:00,42.635,43.15,42.53,43.0,26013844,36.8705860652,37.3159561091,36.779782464,37.1862366789,26013844,0.0,1.0
2015-04-22 00:00:00+00:00,42.985,43.13,42.55,42.67,25064273,37.1732647358,37.2986601851,36.797078388,36.9008539323,25064273,0.0,1.0
2015-04-23 00:00:00+00:00,43.34,43.61,42.8,42.89,46309530,37.4802673875,37.713762362,37.0132774385,37.0911090967,46309530,0.0,1.0
2015-04-24 00:00:00+00:00,47.87,48.14,45.65,45.66,130933665,41.3977941818,41.6312891563,39.4779466137,39.4865945757,130933665,0.0,1.0
2015-04-27 00:00:00+00:00,48.03,48.13,47.22,47.23,59248172,41.5361615741,41.6226411943,40.8356766506,40.8443246126,59248172,0.0,1.0
2015-04-28 00:00:00+00:00,49.155,49.21,47.7,47.78,60730778,42.5090573012,42.5566210923,41.2507788275,41.3199625236,60730778,0.0,1.0
2015-04-29 00:00:00+00:00,49.06,49.31,48.5,48.72,47804562,42.426901662,42.6431007124,41.942615789,42.1328709534,47804562,0.0,1.0
2015-04-30 00:00:00+00:00,48.64,49.54,48.6,48.7,64725457,42.0636872572,42.8420038389,42.0290954091,42.1155750293,64725457,0.0,1.0
2015-05-01 00:00:00+00:00,48.655,48.875,48.4,48.58,38937336,42.0766592002,42.2669143646,41.8561361688,42.0117994851,38937336,0.0,1.0
2015-05-04 00:00:00+00:00,48.24,48.87,48.18,48.37,34039485,41.7177687765,42.2625903836,41.6658810044,41.8301922827,34039485,0.0,1.0
2015-05-05 00:00:00+00:00,47.6,48.16,47.31,47.82,50369191,41.1642992073,41.6485850803,40.9135083088,41.3545543717,50369191,0.0,1.0
2015-05-06 00:00:00+00:00,46.28,47.77,46.02,47.57,52433020,40.0227682209,41.3113145616,39.7979212084,41.1383553213,52433020,0.0,1.0
2015-05-07 00:00:00+00:00,46.7,47.085,46.16,46.27,32971654,40.3859826257,40.7189291634,39.9189926767,40.0141202589,32971654,0.0,1.0
2015-05-08 00:00:00+00:00,47.75,47.98,47.52,47.55,35364911,41.2940186376,41.492921764,41.0951155112,41.1210593972,35364911,0.0,1.0
2015-05-11 00:00:00+00:00,47.37,47.91,47.37,47.55,24609416,40.9653960809,41.4323860299,40.9653960809,41.1210593972,24609416,0.0,1.0
2015-05-12 00:00:00+00:00,47.35,47.68,46.42,46.85,29928264,40.9481001568,41.2334829035,40.1438396891,40.5157020559,29928264,0.0,1.0
2015-05-13 00:00:00+00:00,47.625,48.32,47.57,48.19,34184613,41.1859191124,41.7869524726,41.1383553213,41.6745289664,34184613,0.0,1.0
2015-05-14 00:00:00+00:00,48.72,48.82,48.03,48.0301,32980892,42.1328709534,42.2193505735,41.5361615741,41.5362480537,32980892,0.0,1.0
2015-05-15 00:00:00+00:00,48.295,48.905,48.05,48.87,28642694,41.7653325676,42.2928582507,41.5534574981,42.2625903836,28642694,0.0,1.0
2015-05-18 00:00:00+00:00,48.01,48.22,47.61,47.98,24136502,41.5188656501,41.7004728524,41.1729471693,41.492921764,24136502,0.0,1.0
2015-05-19 00:00:00+00:00,47.58,47.81,47.18,47.56,28574813,41.4150901058,41.6152891543,41.0669178477,41.3976814929,28574813,0.31,1.0
2015-05-20 00:00:00+00:00,47.58,47.93,47.27,47.39,25047919,41.4150901058,41.7197408317,41.1452566058,41.2497082832,25047919,0.0,1.0
2015-05-21 00:00:00+00:00,47.42,47.6,47.005,47.28,22410698,41.2758212026,41.4324987187,40.9145924848,41.1539609122,22410698,0.0,1.0
2015-05-22 00:00:00+00:00,46.9,47.35,46.82,47.3,25720583,40.823197267,41.2148910574,40.7535628154,41.1713695251,25720583,0.0,1.0
2015-05-26 00:00:00+00:00,46.59,46.88,46.19,46.83,29581860,40.5533637669,40.8057886541,40.2051915088,40.7622671218,29581860,0.0,1.0
2015-05-27 00:00:00+00:00,47.61,47.77,46.62,46.82,27335639,41.4412030252,41.5804719285,40.5794766863,40.7535628154,27335639,0.0,1.0
2015-05-28 00:00:00+00:00,47.45,48.02,47.39,47.5,19283666,41.3019341219,41.7980795898,41.2497082832,41.3454556542,19283666,0.0,1.0
2015-05-29 00:00:00+00:00,46.86,47.57,46.59,47.43,36519594,40.7883800412,41.4063857994,40.5533637669,41.284525509,36519594,0.0,1.0
2015-06-01 00:00:00+00:00,47.23,47.77,46.62,47.06,28837332,41.11043938,41.5804719285,40.5794766863,40.9624661703,28837332,0.0,1.0
2015-06-02 00:00:00+00:00,46.92,47.35,46.62,46.93,21498326,40.8406058799,41.2148910574,40.5794766863,40.8493101864,21498326,0.0,1.0
2015-06-03 00:00:00+00:00,46.85,47.735,46.82,47.37,28002154,40.7796757347,41.5500068559,40.7535628154,41.2322996703,28002154,0.0,1.0
2015-06-04 00:00:00+00:00,46.36,47.16,46.2,46.79,27745512,40.3531647185,41.0495092348,40.2138958153,40.727449896,27745512,0.0,1.0
2015-06-05 00:00:00+00:00,46.14,46.52,45.84,46.31,25438086,40.1616699765,40.4924336218,39.9005407829,40.3096431862,25438086,0.0,1.0
2015-06-08 00:00:00+00:00,45.73,46.43,45.67,46.3,22121634,39.8047934119,40.4140948637,39.7525675732,40.3009388798,22121634,0.0,1.0
2015-06-09 00:00:00+00:00,45.65,45.94,45.46,45.76,24406057,39.7351589603,39.9875838475,39.5697771377,39.8309063313,24406057,0.0,1.0
2015-06-10 00:00:00+00:00,46.61,46.83,45.69,45.79,28417405,40.5707723798,40.7622671218,39.7699761861,39.8570192507,28417405,0.0,1.0
2015-06-11 00:00:00+00:00,46.44,46.92,46.13,46.66,27347758,40.4227991701,40.8406058799,40.1529656701,40.6142939121,27347758,0.0,1.0
2015-06-12 00:00:00+00:00,45.97,46.47,45.9,46.22,23930972,40.0136967668,40.4489120895,39.9527666216,40.2313044282,23930972,0.0,1.0
2015-06-15 00:00:00+00:00,45.475,45.65,45.0201,45.45,33254517,39.5828335974,39.7351589603,39.1868746968,39.5610728312,33254517,0.0,1.0
2015-06-16 00:00:00+00:00,45.83,46.24,45.3,45.35,27070306,39.8918364765,40.2487130411,39.4305082344,39.4740297667,27070306,0.0,1.0
2015-06-17 00:00:00+00:00,45.97,46.07,45.36,45.73,28704061,40.0136967668,40.1007398314,39.4827340732,39.8047934119,28704061,0.0,1.0
2015-06-18 00:00:00+00:00,46.72,46.8,46.17,46.22,32658343,40.6665197508,40.7361542025,40.1877828959,40.2313044282,32658343,0.0,1.0
2015-06-19 00:00:00+00:00,46.1,46.825,45.99,46.79,63837036,40.1268527507,40.7579149686,40.0311053797,40.727449896,63837036,0.0,1.0
2015-06-22 00:00:00+00:00,46.23,46.72,46.16,46.33,20318055,40.2400087346,40.6665197508,40.1790785894,40.3270517991,20318055,0.0,1.0
2015-06-23 00:00:00+00:00,45.91,46.28,45.62,46.13,25896473,39.9614709281,40.2835302669,39.709046041,40.1529656701,25896473,0.0,1.0
2015-06-24 00:00:00+00:00,45.635,46.245,45.55,45.67,34890901,39.7221025006,40.2530651943,39.6481158958,39.7525675732,34890901,0.0,1.0
2015-06-25 00:00:00+00:00,45.65,46.06,45.5,46.03,20615995,39.7351589603,40.0920355249,39.6045943635,40.0659226055,20615995,0.0,1.0
2015-06-26 00:00:00+00:00,45.26,46.28,45.03,45.65,49835287,39.3956910086,40.2835302669,39.1954919602,39.7351589603,49835287,0.0,1.0
2015-06-29 00:00:00+00:00,44.37,45.23,44.36,45.04,34081746,38.6210077343,39.3695780893,38.6123034278,39.2041962666,34081746,0.0,1.0
2015-06-30 00:00:00+00:00,44.15,44.72,43.94,44.71,35945384,38.4295129923,38.9256584601,38.2467225568,38.9169541537,35945384,0.0,1.0
2015-07-01 00:00:00+00:00,44.445,45.23,44.1,44.46,28343907,38.6862900327,39.3695780893,38.38599146,38.6993464923,28343907,0.0,1.0
2015-07-02 00:00:00+00:00,44.4,44.75,44.06,44.48,21752013,38.6471206536,38.9517713795,38.3511742342,38.7167551052,21752013,0.0,1.0
2015-07-06 00:00:00+00:00,44.39,44.48,43.95,43.96,23033961,38.6384163472,38.7167551052,38.2554268632,38.2641311697,23033961,0.0,1.0
2015-07-07 00:00:00+00:00,44.3,44.49,43.32,44.34,36435827,38.5600775891,38.7254594117,37.7070555566,38.5948948149,36435827,0.0,1.0
2015-07-08 00:00:00+00:00,44.24,44.9,44.03,44.44,39785901,38.5078517504,39.0823359763,38.3250613148,38.6819378794,39785901,0.0,1.0
2015-07-09 00:00:00+00:00,44.52,45.22,44.5,44.75,32424672,38.7515723311,39.3608737828,38.7341637182,38.9517713795,32424672,0.0,1.0
2015-07-10 00:00:00+00:00,44.61,45.14,44.57,45.01,25465757,38.8299110891,39.2912393312,38.7950938633,39.1780833473,25465757,0.0,1.0
2015-07-13 00:00:00+00:00,45.54,45.62,44.9501,44.975,28178329,39.6394115893,39.709046041,39.1259445516,39.1476182747,28178329,0.0,1.0
2015-07-14 00:00:00+00:00,45.62,45.96,45.31,45.45,22880260,39.709046041,40.0049924604,39.4392125409,39.5610728312,22880260,0.0,1.0
2015-07-15 00:00:00+00:00,45.76,45.89,45.43,45.68,26629615,39.8309063313,39.9440623152,39.5436642183,39.7612718797,26629615,0.0,1.0
2015-07-16 00:00:00+00:00,46.66,46.69,45.965,46.01,26271673,40.6142939121,40.6404068315,40.0093446136,40.0485139926,26271673,0.0,1.0
2015-07-17 00:00:00+00:00,46.62,46.78,46.26,46.55,29467107,40.5794766863,40.7187455896,40.266121654,40.5185465411,29467107,0.0,1.0
2015-07-20 00:00:00+00:00,46.92,47.13,46.44,46.65,30631905,40.8406058799,41.0233963154,40.4227991701,40.6055896057,30631905,0.0,1.0
2015-07-21 00:00:00+00:00,47.28,47.33,46.48,46.78,42781899,41.1539609122,41.1974824445,40.457616396,40.7187455896,42781899,0.0,1.0
2015-07-22 00:00:00+00:00,45.54,46.93,45.203,45.44,59152427,39.6394115893,40.8493101864,39.3460764618,39.5523685248,59152427,0.0,1.0
2015-07-23 00:00:00+00:00,46.11,46.23,45.1,45.27,33934010,40.1355570572,40.2400087346,39.2564221054,39.4043953151,33934010,0.0,1.0
2015-07-24 00:00:00+00:00,45.94,46.32,45.8,45.91,32333244,39.9875838475,40.3183474927,39.8657235571,39.9614709281,32333244,0.0,1.0
2015-07-27 00:00:00+00:00,45.35,46.01,45.25,45.94,39701420,39.4740297667,40.0485139926,39.3869867022,39.9875838475,39701420,0.0,1.0
2015-07-28 00:00:00+00:00,45.34,45.639,44.79,45.58,34328948,39.4653254603,39.7255842232,38.9865886053,39.6742288151,34328948,0.0,1.0
2015-07-29 00:00:00+00:00,46.29,46.78,45.26,45.4,40945864,40.2922345733,40.7187455896,39.3956910086,39.517551299,40945864,0.0,1.0
2015-07-30 00:00:00+00:00,46.88,47.4,45.93,46.26,39777883,40.8057886541,41.2584125897,39.978879541,40.266121654,39777883,0.0,1.0
2015-07-31 00:00:00+00:00,46.7,47.37,46.5,47.29,31201480,40.6491111379,41.2322996703,40.4750250089,41.1626652187,31201480,0.0,1.0
2015-08-03 00:00:00+00:00,46.81,47.0,46.45,46.98,24125886,40.7448585089,40.9102403315,40.4315034766,40.8928317186,24125886,0.0,1.0
2015-08-04 00:00:00+00:00,47.54,47.71,46.68,46.75,33403916,41.38027288,41.5282460897,40.631702525,40.6926326702,33403916,0.0,1.0
2015-08-05 00:00:00+00:00,47.58,48.41,47.54,47.98,26739584,41.4150901058,42.1375475415,41.38027288,41.763262364,26739584,0.0,1.0
2015-08-06 00:00:00+00:00,46.62,47.77,46.33,47.71,27368000,40.5794766863,41.5804719285,40.3270517991,41.5282460897,27368000,0.0,1.0
2015-08-07 00:00:00+00:00,46.74,46.78,46.26,46.39,19163038,40.6839283637,40.7187455896,40.266121654,40.3792776379,19163038,0.0,1.0
2015-08-10 00:00:00+00:00,47.33,47.49,46.84,46.95,23079870,41.1974824445,41.3367513478,40.7709714283,40.8667187993,23079870,0.0,1.0
2015-08-11 00:00:00+00:00,46.41,46.94,45.9,46.82,29237402,40.3966862508,40.8580144928,39.9527666216,40.7535628154,29237402,0.0,1.0
2015-08-12 00:00:00+00:00,46.74,46.9,45.705,46.19,30198532,40.6839283637,40.823197267,39.7830326458,40.2051915088,30198532,0.0,1.0
2015-08-13 00:00:00+00:00,46.73,47.1,46.49,47.06,22627241,40.6752240573,40.9972833961,40.4663207024,40.9624661703,22627241,0.0,1.0
2015-08-14 00:00:00+00:00,47.0,47.1,46.52,46.53,21473402,40.9102403315,40.9972833961,40.4924336218,40.5011379282,21473402,0.0,1.0
2015-08-17 00:00:00+00:00,47.32,47.45,46.57,46.81,21099746,41.188778138,41.3019341219,40.535955154,40.7448585089,21099746,0.0,1.0
2015-08-18 00:00:00+00:00,47.27,47.43,46.7,46.84,23574104,41.4150901058,41.5552723444,40.915690881,41.0383503397,23574104,0.31,1.0
2015-08-19 00:00:00+00:00,46.61,47.08,46.3,46.78,31485511,40.8368383718,41.2486236975,40.5652352845,40.9857820002,31485511,0.0,1.0
2015-08-20 00:00:00+00:00,45.66,46.47,45.66,46.07,36238227,40.0045063303,40.714178913,40.0045063303,40.3637233166,36238227,0.0,1.0
2015-08-21 00:00:00+00:00,43.07,45.48,43.07,45.3,70053084,37.7353063435,39.8468013119,37.7353063435,39.6890962935,70053084,0.0,1.0
2015-08-24 00:00:00+00:00,41.68,43.31,39.72,40.45,88753660,36.517473146,37.9455797014,34.8002407236,35.439822187,88753660,0.0,1.0
2015-08-25 00:00:00+00:00,40.47,43.24,40.39,42.565,70616597,35.4573449669,37.884249972,35.3872538476,37.2928561531,70616597,0.0,1.0
2015-08-26 00:00:00+00:00,42.71,42.84,41.06,42.01,63407996,37.4198963068,37.5337943756,35.9742669716,36.806599013,63407996,0.0,1.0
2015-08-27 00:00:00+00:00,43.9,43.95,42.925,43.14,50943211,38.4625017061,38.5063086556,37.6082661898,37.7966360729,50943211,0.0,1.0
2015-08-28 00:00:00+00:00,43.93,44.15,43.39,43.47,28246725,38.4887858758,38.6815364538,38.0156708207,38.0857619399,28246725,0.0,1.0
2015-08-31 00:00:00+00:00,43.52,43.93,43.1,43.74,34441662,38.1295688895,38.4887858758,37.7615905133,38.3223194675,34441662,0.0,1.0
2015-09-01 00:00:00+00:00,41.82,42.59,41.66,42.23,49688896,36.6401326047,37.3147596278,36.4999503662,36.9993495911,49688896,0.0,1.0
2015-09-02 00:00:00+00:00,43.36,43.38,41.88,42.24,37671518,37.9893866509,38.0069094307,36.6927009442,37.008110981,37671518,0.0,1.0
2015-09-03 00:00:00+00:00,43.5,43.98,43.28,43.41,28285205,38.1120461097,38.5325928254,37.9192955316,38.0331936005,28285205,0.0,1.0
2015-09-04 00:00:00+00:00,42.61,43.04,42.195,42.81,37138775,37.3322824077,37.7090221738,36.9686847264,37.5075102059,37138775,0.0,1.0
2015-09-08 00:00:00+00:00,43.89,44.0,43.2,43.3,32469766,38.4537403162,38.5501156052,37.8492044124,37.9368183115,32469766,0.0,1.0
2015-09-09 00:00:00+00:00,43.07,44.4,42.91,44.21,33469485,37.7353063435,38.9005712016,37.595124105,38.7341047933,33469485,0.0,1.0
2015-09-10 00:00:00+00:00,43.29,43.79,42.745,43.12,31366630,37.9280569216,38.3661264171,37.4505611714,37.7791132931,31366630,0.0,1.0
2015-09-11 00:00:00+00:00,43.48,43.59,42.9399,43.14,27132527,38.0945233298,38.1908986189,37.6213206608,37.7966360729,27132527,0.0,1.0
2015-09-14 00:00:00+00:00,43.04,43.44,42.86,43.43,23656048,37.7090221738,38.0594777702,37.5513171554,38.0507163803,23656048,0.0,1.0
2015-09-15 00:00:00+00:00,43.98,44.29,43.08,43.19,28882206,38.5325928254,38.8041959126,37.7440677334,37.8404430225,28882206,0.0,1.0
2015-09-16 00:00:00+00:00,44.3,44.38,43.84,43.97,23372162,38.8129573025,38.8830484218,38.4099333666,38.5238314355,23372162,0.0,1.0
2015-09-17 00:00:00+00:00,44.25,45.0,44.08,44.29,32768161,38.7691503529,39.4262545962,38.6202067245,38.8041959126,32768161,0.0,1.0
2015-09-18 00:00:00+00:00,43.48,43.99,43.33,43.5,63143684,38.0945233298,38.5413542153,37.9631024812,38.1120461097,63143684,0.0,1.0
2015-09-21 00:00:00+00:00,44.11,44.47,43.6,43.62,26177224,38.6464908942,38.961900931,38.1996600088,38.2171827886,26177224,0.0,1.0
2015-09-22 00:00:00+00:00,43.9,44.05,43.31,43.38,28085903,38.4625017061,38.5939225547,37.9455797014,38.0069094307,28085903,0.0,1.0
2015-09-23 00:00:00+00:00,43.87,44.17,43.51,43.93,17145238,38.4362175363,38.6990592337,38.1208074996,38.4887858758,17145238,0.0,1.0
2015-09-24 00:00:00+00:00,43.91,44.13,43.27,43.45,27905607,38.471263096,38.664013674,37.9105341417,38.0682391601,27905607,0.0,1.0
2015-09-25 00:00:00+00:00,43.94,44.73,43.76,44.48,29384601,38.4975472657,39.1896970686,38.3398422473,38.9706623209,29384601,0.0,1.0
2015-09-28 00:00:00+00:00,43.29,44.085,43.205,43.83,27099680,37.9280569216,38.6245874194,37.8535851073,38.4011719767,27099680,0.0,1.0
2015-09-29 00:00:00+00:00,43.44,43.57,43.05,43.37,32763557,38.0594777702,38.173375839,37.7177835637,37.9981480408,32763557,0.0,1.0
2015-09-30 00:00:00+00:00,44.2,44.3,43.66,43.88,33172693,38.7253434034,38.8129573025,38.2522283482,38.4449789263,33172693,0.0,1.0
2015-10-01 00:00:00+00:00,44.61,44.75,43.75,44.75,28657859,39.0845603897,39.2072198485,38.3310808574,39.2072198485,28657859,0.0,1.0
2015-10-02 00:00:00+00:00,45.57,45.57,43.92,44.27,41839035,39.9256538211,39.9256538211,38.4800244859,38.7866731328,41839035,0.0,1.0
2015-10-05 00:00:00+00:00,46.63,46.89,45.7,45.745,34369286,40.8543611516,41.0821572892,40.0395518899,40.0789781445,34369286,0.0,1.0
2015-10-06 00:00:00+00:00,46.75,47.175,46.22,46.33,27510808,40.9594978305,41.3318569017,40.4951441653,40.5915194543,27510808,0.0,1.0
2015-10-07 00:00:00+00:00,46.8,47.35,45.95,47.1,27711492,41.0033047801,41.4851812251,40.2585866377,41.2661464774,27711492,0.0,1.0
2015-10-08 00:00:00+00:00,47.45,47.515,46.5,46.56,33772709,41.5727951242,41.6297441586,40.7404630827,40.7930314222,33772709,0.0,1.0
2015-10-09 00:00:00+00:00,47.11,47.54,46.92,47.45,28600632,41.2749078673,41.6516476334,41.108441459,41.5727951242,28600632,0.0,1.0
2015-10-12 00:00:00+00:00,47.0,47.07,46.5,46.98,19769066,41.1785325783,41.2398623076,40.7404630827,41.1610097984,19769066,0.0,1.0
2015-10-13 00:00:00+00:00,46.89,47.1299,46.56,46.56,19987816,41.0821572892,41.2923430332,40.7930314222,40.7930314222,19987816,0.0,1.0
2015-10-14 00:00:00+00:00,46.68,47.1,46.53,46.65,24697766,40.8981681011,41.2661464774,40.7667472525,40.8718839314,24697766,0.0,1.0
2015-10-15 00:00:00+00:00,47.01,47.03,46.53,47.01,27189370,41.1872939682,41.204816748,40.7667472525,41.1872939682,27189370,0.0,1.0
2015-10-16 00:00:00+00:00,47.51,47.54,46.897,47.02,26450334,41.6253634637,41.6516476334,41.0882902622,41.1960553581,26450334,0.0,1.0
2015-10-19 00:00:00+00:00,47.62,47.88,47.02,47.42,29387581,41.7217387527,41.9495348904,41.1960553581,41.5465109545,29387581,0.0,1.0
2015-10-20 00:00:00+00:00,47.77,47.81,47.02,47.44,30802235,41.8531596014,41.888205161,41.1960553581,41.5640337343,30802235,0.0,1.0
2015-10-21 00:00:00+00:00,47.2,47.99,47.11,47.92,25264710,41.3537603765,42.0459101794,41.2749078673,41.98458045,25264710,0.0,1.0
2015-10-22 00:00:00+00:00,48.03,48.95,47.09,47.53,56637074,42.080955739,42.8870036108,41.2573850875,41.6428862435,56637074,0.0,1.0
2015-10-23 00:00:00+00:00,52.87,54.07,52.25,52.3,135227059,46.3214684556,47.3728352448,45.7782622812,45.8220692307,135227059,0.0,1.0
2015-10-26 00:00:00+00:00,54.25,54.32,52.5,52.53,64633324,47.5305402632,47.5918699926,45.9972970289,46.0235811986,64633324,0.0,1.0
2015-10-27 00:00:00+00:00,53.69,54.37,53.58,53.99,50999907,47.0399024282,47.6356769421,46.9435271392,47.3027441255,50999907,0.0,1.0
2015-10-28 00:00:00+00:00,53.98,53.98,52.86,53.54,47000753,47.2939827356,47.2939827356,46.3127070657,46.9084815796,47000753,0.0,1.0
2015-10-29 00:00:00+00:00,53.36,53.83,53.22,53.54,30202078,46.7507765612,47.162561887,46.6281171024,46.9084815796,30202078,0.0,1.0
2015-10-30 00:00:00+00:00,52.64,53.99,52.62,53.32,46619761,46.1199564877,47.3027441255,46.1024337078,46.7157310016,46619761,0.0,1.0
2015-11-02 00:00:00+00:00,53.24,53.36,52.62,52.85,30284982,46.6456398823,46.7507765612,46.1024337078,46.3039456758,30284982,0.0,1.0
2015-11-03 00:00:00+00:00,54.15,54.39,52.9,52.93,36596931,47.4429263641,47.653199722,46.3477526253,46.3740367951,36596931,0.0,1.0
2015-11-04 00:00:00+00:00,54.4,54.88,54.06,54.18,37087849,47.6619611119,48.0825078276,47.3640738549,47.4692105338,37087849,0.0,1.0
2015-11-05 00:00:00+00:00,54.38,54.7,54.0,54.49,31468485,47.644438332,47.9248028092,47.3115055155,47.7408136211,31468485,0.0,1.0
2015-11-06 00:00:00+00:00,54.92,54.98,53.964,54.085,32851204,48.1175533872,48.1701217267,47.2799645118,47.3859773297,32851204,0.0,1.0
2015-11-09 00:00:00+00:00,54.16,54.87,53.56,54.55,32513067,47.451687754,48.0737464376,46.9260043594,47.7933819605,32513067,0.0,1.0
2015-11-10 00:00:00+00:00,53.51,54.13,53.27,54.07,55283697,46.8821974098,47.4254035843,46.671924052,47.3728352448,55283697,0.0,1.0
2015-11-11 00:00:00+00:00,53.65,54.2,53.46,53.7,36516260,47.0048568686,47.4867333137,46.8383904603,47.0486638181,36516260,0.0,1.0
2015-11-12 00:00:00+00:00,53.32,53.9791,53.19,53.48,35361095,46.7157310016,47.2931942105,46.6018329327,46.8559132401,35361095,0.0,1.0
2015-11-13 00:00:00+00:00,52.84,53.29,52.53,53.07,36848175,46.2951842859,46.6894468318,46.0235811986,46.4966962538,36848175,0.0,1.0
2015-11-16 00:00:00+00:00,53.765,53.89,52.85,53.08,32165198,47.1056128526,47.2151302264,46.3039456758,46.5054576437,32165198,0.0,1.0
2015-11-17 00:00:00+00:00,52.97,53.53,52.85,53.17,31546754,46.7244923915,47.2184647483,46.6186411722,46.9009110903,31546754,0.36,1.0
2015-11-18 00:00:00+00:00,53.85,53.98,52.9799,53.0,29710030,47.5007346664,47.6154068207,46.7332251171,46.7509551963,29710030,0.0,1.0
2015-11-19 00:00:00+00:00,53.94,54.66,53.781,53.99,28149228,47.5801230809,48.2152303968,47.4398702153,47.6242277556,28149228,0.0,1.0
2015-11-20 00:00:00+00:00,54.19,54.3,53.265,54.25,37147608,47.8006464545,47.8976767388,46.9847099723,47.8535720641,37147608,0.0,1.0
2015-11-23 00:00:00+00:00,54.19,54.46,53.75,54.25,28235918,47.8006464545,48.0388116979,47.412525317,47.8535720641,28235918,0.0,1.0
2015-11-24 00:00:00+00:00,54.25,54.44,53.58,53.92,24600043,47.8535720641,48.021169828,47.262569423,47.562481211,24600043,0.0,1.0
2015-11-25 00:00:00+00:00,53.69,54.23,53.69,54.09,21005147,47.3595997073,47.8359301942,47.3595997073,47.712437105,21005147,0.0,1.0
2015-11-27 00:00:00+00:00,53.93,54.08,53.79,53.8,9009132,47.571302146,47.7036161701,47.4478090568,47.4566299917,9009132,0.0,1.0
2015-11-30 00:00:00+00:00,54.35,54.96,53.9999,54.54,56241417,47.9417814136,48.4798584451,47.6329604812,48.1093791775,56241417,0.0,1.0
2015-12-01 00:00:00+00:00,55.22,55.23,54.3,54.41,39952779,48.7092027536,48.7180236885,47.8976767388,47.9947070232,39952779,0.0,1.0
2015-12-02 00:00:00+00:00,55.21,55.96,55.06,55.32,47274879,48.7003818186,49.3619519393,48.5680677945,48.797412103,47274879,0.0,1.0
2015-12-03 00:00:00+00:00,54.2,55.77,53.93,55.49,38627835,47.8094673894,49.1943541754,47.571302146,48.947367997,38627835,0.0,1.0
2015-12-04 00:00:00+00:00,55.91,56.23,54.1,54.12,43963662,49.3178472646,49.6001171828,47.72125804,47.7388999099,43963662,0.0,1.0
2015-12-07 00:00:00+00:00,55.81,55.97,55.29,55.79,30709765,49.2296379152,49.3707728743,48.7709492982,49.2119960453,30709765,0.0,1.0
2015-12-08 00:00:00+00:00,55.79,56.1,54.99,55.47,32878026,49.2119960453,49.4854450285,48.5063212499,48.9297261271,32878026,0.0,1.0
2015-12-09 00:00:00+00:00,54.98,55.87,54.51,55.37,36373209,48.4975003149,49.2825635248,48.0829163726,48.8415167777,36373209,0.0,1.0
2015-12-10 00:00:00+00:00,55.27,55.655,55.01,55.39,31775826,48.7533074283,49.0929134236,48.5239631198,48.8591586476,31775826,0.0,1.0
2015-12-11 00:00:00+00:00,54.06,55.1,54.01,54.71,39549497,47.6859743002,48.6033515343,47.6418696255,48.2593350715,39549497,0.0,1.0
2015-12-14 00:00:00+00:00,55.14,55.21,53.68,54.33,47006491,48.638635274,48.7003818186,47.3507787724,47.9241395437,47006491,0.0,1.0
2015-12-15 00:00:00+00:00,55.2,55.9,55.09,55.66,39842998,48.6915608837,49.3090263297,48.5945305993,49.097323891,39842998,0.0,1.0
2015-12-16 00:00:00+00:00,56.13,56.245,54.76,55.54,37503300,49.5119078334,49.6133485852,48.3034397462,48.9914726717,37503300,0.0,1.0
2015-12-17 00:00:00+00:00,55.7,56.79,55.5348,56.36,41280907,49.1326076308,50.0940895396,48.9868857856,49.714789337,41280907,0.0,1.0
2015-12-18 00:00:00+00:00,54.13,56.0,54.03,55.77,84684164,47.7477208448,49.3972356791,47.6595114954,49.1943541754,84684164,0.0,1.0
2015-12-21 00:00:00+00:00,54.83,55.35,54.2262,54.88,37246325,48.3651862908,48.8238749078,47.832578239,48.4092909655,37246325,0.0,1.0
2015-12-22 00:00:00+00:00,55.35,55.48,54.5,54.99,28322241,48.8238749078,48.9385470621,48.0740954377,48.5063212499,28322241,0.0,1.0
2015-12-23 00:00:00+00:00,55.82,55.88,55.44,55.7,27279832,49.2384588501,49.2913844598,48.9032633223,49.1326076308,27279832,0.0,1.0
2015-12-24 00:00:00+00:00,55.67,55.96,55.43,55.86,9570002,49.106144826,49.3619519393,48.8944423874,49.2737425899,9570002,0.0,1.0
2015-12-28 00:00:00+00:00,55.95,55.95,54.98,55.35,22458293,49.3531310044,49.3531310044,48.4975003149,48.8238749078,22458293,0.0,1.0
2015-12-29 00:00:00+00:00,56.55,56.85,56.06,56.29,27731403,49.8823871009,50.1470151492,49.4501612888,49.6530427924,27731403,0.0,1.0
2015-12-30 00:00:00+00:00,56.31,56.78,56.2875,56.47,21704505,49.6706846623,50.0852686046,49.6508375587,49.8118196214,21704505,0.0,1.0
2015-12-31 00:00:00+00:00,55.48,56.19,55.42,56.04,27334061,48.9385470621,49.564833443,48.8856214524,49.4325194189,27334061,0.0,1.0
2016-01-04 00:00:00+00:00,54.8,54.8,53.39,54.32,53777963,48.338723486,48.338723486,47.0949716591,47.9153186087,53777963,0.0,1.0
2016-01-05 00:00:00+00:00,55.05,55.39,54.54,54.93,34079674,48.5592468595,48.8591586476,48.1093791775,48.4533956402,34079674,0.0,1.0
2016-01-06 00:00:00+00:00,54.05,54.4001,53.64,54.32,39518863,47.6771533653,47.9859742976,47.3154950326,47.9153186087,39518863,0.0,1.0
2016-01-07 00:00:00+00:00,52.17,53.485,52.07,52.7,56564852,46.018817596,47.178770541,45.9306082466,46.486327148,56564852,0.0,1.0
2016-01-08 00:00:00+00:00,52.33,53.28,52.15,52.37,48753969,46.1599525551,46.9979413747,46.0011757262,46.1952362949,48753969,0.0,1.0
2016-01-11 00:00:00+00:00,52.3,52.85,51.46,52.51,36943756,46.1334897503,46.6186411722,45.3925312151,46.3187293841,36943756,0.0,1.0
2016-01-12 00:00:00+00:00,52.78,53.1,52.06,52.76,36095539,46.5568946276,46.8391645457,45.9217873117,46.5392527577,36095539,0.0,1.0
2016-01-13 00:00:00+00:00,51.64,54.07,51.3038,53.8,66883571,45.5513080441,47.6947952352,45.2547482113,47.4566299917,66883571,0.0,1.0
2016-01-14 00:00:00+00:00,53.11,53.4163,51.57,52.0,52381918,46.8479854807,47.118170718,45.4895614995,45.868861702,52381918,0.0,1.0
2016-01-15 00:00:00+00:00,50.99,51.97,50.34,51.31,71820697,44.9779472728,45.8423988972,44.4045865015,45.260217191,71820697,0.0,1.0
2016-01-19 00:00:00+00:00,50.56,51.68,50.06,51.48,43564538,44.5986470703,45.5865917839,44.1576003231,45.410173085,43564538,0.0,1.0
2016-01-20 00:00:00+00:00,50.79,51.38,49.1,49.98,63272993,44.801528574,45.3219637356,43.3107905686,44.0870328436,63272993,0.0,1.0
2016-01-21 00:00:00+00:00,50.48,51.58,50.3,51.0,40191157,44.5280795907,45.4983824344,44.3693027618,44.9867682078,40191157,0.0,1.0
2016-01-22 00:00:00+00:00,52.29,52.33,51.26,51.41,37555789,46.1246688154,46.1599525551,45.2161125163,45.3484265404,37555789,0.0,1.0
2016-01-25 00:00:00+00:00,51.79,52.65,51.65,51.94,34707717,45.6836220682,46.4422224733,45.560128979,45.8159360924,34707717,0.0,1.0
2016-01-26 00:00:00+00:00,52.17,52.44,51.55,51.79,28900820,46.018817596,46.2569828395,45.4719196296,45.6836220682,28900820,0.0,1.0
2016-01-27 00:00:00+00:00,51.22,52.2,51.0201,52.01,36775194,45.1808287765,46.0452804009,45.004498287,45.877682637,36775194,0.0,1.0
2016-01-28 00:00:00+00:00,52.055,52.21,51.25,51.86,62513789,45.9173768442,46.0541013358,45.2072915813,45.7453686128,62513789,0.0,1.0
2016-01-29 00:00:00+00:00,55.09,55.09,54.0,54.73,83611686,48.5945305993,48.5945305993,47.6330486906,48.2769769414,83611686,0.0,1.0
2016-02-01 00:00:00+00:00,54.71,55.09,54.495,54.88,44208542,48.2593350715,48.5945305993,48.0696849702,48.4092909655,44208542,0.0,1.0
2016-02-02 00:00:00+00:00,53.0,54.26,52.65,54.17,56313753,46.7509551963,47.8623929991,46.4422224733,47.7830045846,56313753,0.0,1.0
2016-02-03 00:00:00+00:00,52.16,53.39,51.26,53.25,57559814,46.0099966611,47.0949716591,45.2161125163,46.9714785699,57559814,0.0,1.0
2016-02-04 00:00:00+00:00,52.0,52.81,51.37,52.1,46987123,45.868861702,46.5833574324,45.3131428006,45.9570710514,46987123,0.0,1.0
2016-02-05 00:00:00+00:00,50.16,52.0,49.56,51.94,62008994,44.2458096726,45.868861702,43.716553576,45.8159360924,62008994,0.0,1.0
2016-02-08 00:00:00+00:00,49.41,49.57,48.19,49.55,59290497,43.5842395519,43.7253745109,42.5080854889,43.7077326411,59290497,0.0,1.0
2016-02-09 00:00:00+00:00,49.28,50.24,48.67,49.02,46740474,43.4695673976,44.3163771521,42.9314903661,43.2402230891,46740474,0.0,1.0
2016-02-10 00:00:00+00:00,49.71,50.39,49.52,49.89,38236954,43.8488676001,44.4486911762,43.6812698362,44.0076444291,38236954,0.0,1.0
2016-02-11 00:00:00+00:00,49.69,50.11,48.51,48.68,48878571,43.8312257303,44.2017049979,42.790355407,42.940311301,48878571,0.0,1.0
2016-02-12 00:00:00+00:00,50.5,50.68,49.75,50.25,34243324,44.5457214606,44.7044982896,43.8841513399,44.325198087,34243324,0.0,1.0
2016-02-16 00:00:00+00:00,51.09,51.09,50.13,50.9,37291208,45.3837102802,45.3837102802,44.530933575,45.2149315573,37291208,0.36,1.0
2016-02-17 00:00:00+00:00,52.42,52.77,51.45,51.49,40788968,46.5651613405,46.8760695143,45.7035015446,45.7390339073,40788968,0.0,1.0
2016-02-18 00:00:00+00:00,52.19,52.95,52.1,52.33,27176035,46.3608502549,47.0359651465,46.2809024388,46.4852135244,27176035,0.0,1.0
2016-02-19 00:00:00+00:00,51.82,52.28,51.53,51.97,33559073,46.0321758998,46.440798071,45.7745662701,46.1654222599,33559073,0.0,1.0
2016-02-22 00:00:00+00:00,52.65,53.0,52.28,52.28,25008291,46.7694724261,47.0803805999,46.440798071,46.440798071,25008291,0.0,1.0
2016-02-23 00:00:00+00:00,51.18,52.37,50.98,52.34,28895274,45.4636580963,46.5207458871,45.2859962827,46.4940966151,28895274,0.0,1.0
2016-02-24 00:00:00+00:00,51.36,51.5,50.2,50.69,33014457,45.6235537285,45.747916998,44.5931152097,45.028386653,33014457,0.0,1.0
2016-02-25 00:00:00+00:00,52.1,52.1,50.61,51.73,26939467,46.2809024388,46.2809024388,44.9573219276,45.9522280836,26939467,0.0,1.0
2016-02-26 00:00:00+00:00,51.3,52.68,51.1,52.6,35975925,45.5702551844,46.7961216982,45.3925933709,46.7250569727,35975925,0.0,1.0
2016-02-29 00:00:00+00:00,50.88,51.65,50.66,51.35,31654036,45.1971653759,45.8811633582,45.001737381,45.6146706378,31654036,0.0,1.0
2016-03-01 00:00:00+00:00,52.58,52.59,50.9199,50.97,33024535,46.7072907914,46.7161738821,45.2326089077,45.277113192,33024535,0.0,1.0
2016-03-02 00:00:00+00:00,52.95,52.96,52.155,52.41,29289884,47.0359651465,47.0448482372,46.3297594375,46.5562782498,29289884,0.0,1.0
2016-03-03 00:00:00+00:00,52.35,52.97,51.78,52.97,24427813,46.5029797058,47.0537313279,45.996643537,47.0537313279,24427813,0.0,1.0
2016-03-04 00:00:00+00:00,52.03,52.45,51.71,52.4,33034150,46.218720804,46.5918106125,45.9344619023,46.5473951592,33034150,0.0,1.0
2016-03-07 00:00:00+00:00,51.03,51.8,50.58,51.56,38428816,45.3304117361,46.0144097184,44.9306726555,45.8012155421,38428816,0.0,1.0
2016-03-08 00:00:00+00:00,51.65,52.13,50.595,50.8,33075517,45.8811633582,46.3075517108,44.9439972916,45.1261006505,33075517,0.0,1.0
2016-03-09 00:00:00+00:00,52.84,52.85,51.855,51.89,28251588,46.938251149,46.9471342397,46.0632667171,46.0943575345,28251588,0.0,1.0
2016-03-10 00:00:00+00:00,52.05,52.94,51.16,52.93,38387804,46.2364869854,47.0270820558,45.4458919149,47.0181989652,38387804,0.0,1.0
2016-03-11 00:00:00+00:00,53.07,53.07,52.38,53.0,32275677,47.1425622347,47.1425622347,46.5296289778,47.0803805999,32275677,0.0,1.0
2016-03-14 00:00:00+00:00,53.17,53.59,52.63,52.71,24083616,47.2313931415,47.60448295,46.7517062448,46.8227709702,24083616,0.0,1.0
2016-03-15 00:00:00+00:00,53.59,53.59,52.74,52.75,21104763,47.60448295,47.60448295,46.8494202422,46.8583033329,21104763,0.0,1.0
2016-03-16 00:00:00+00:00,54.35,54.6,53.4,53.45,31691742,48.2795978416,48.5016751086,47.4357042271,47.4801196805,31691742,0.0,1.0
2016-03-17 00:00:00+00:00,54.66,55.0,54.0,54.21,28223947,48.5549736527,48.8569987358,47.9686896678,48.1552345721,28223947,0.0,1.0
2016-03-18 00:00:00+00:00,53.49,54.97,53.445,54.92,67625518,47.5156520432,48.8303494637,47.4756781351,48.7859340103,67625518,0.0,1.0
2016-03-21 00:00:00+00:00,53.86,53.9298,52.93,53.25,23925716,47.8443263983,47.9063303713,47.0181989652,47.3024578669,23925716,0.0,1.0
2016-03-22 00:00:00+00:00,54.07,54.25,53.46,53.61,23124143,48.0308713026,48.1907669348,47.4890027711,47.6222491313,23124143,0.0,1.0
2016-03-23 00:00:00+00:00,53.97,54.24,53.74,54.11,20129015,47.9420403958,48.1818838441,47.7377293102,48.0664036653,20129015,0.0,1.0
2016-03-24 00:00:00+00:00,54.21,54.33,53.73,53.84,19949972,48.1552345721,48.2618316602,47.7288462195,47.826560217,19949972,0.0,1.0
2016-03-28 00:00:00+00:00,53.54,54.29,53.33,54.21,17025050,47.5600674966,48.2262992975,47.3735225923,48.1552345721,17025050,0.0,1.0
2016-03-29 00:00:00+00:00,54.71,54.86,53.45,53.66,23924329,48.5993891061,48.7326354662,47.4801196805,47.6666645847,23924329,0.0,1.0
2016-03-30 00:00:00+00:00,55.05,55.64,54.9,54.93,23008260,48.9014141891,49.4255165392,48.768167829,48.794817101,23008260,0.0,1.0
2016-03-31 00:00:00+00:00,55.23,55.59,54.86,54.95,26360495,49.0613098214,49.3811010858,48.7326354662,48.8125832824,26360495,0.0,1.0
2016-04-01 00:00:00+00:00,55.57,55.61,54.57,55.05,24399193,49.3633349045,49.3988672672,48.4750258365,48.9014141891,24399193,0.0,1.0
2016-04-04 00:00:00+00:00,55.43,55.66,55.0,55.43,18928810,49.238971635,49.4432827206,48.8569987358,49.238971635,18928810,0.0,1.0
2016-04-05 00:00:00+00:00,54.56,55.3,54.46,55.19,19272255,48.4661427459,49.1234914561,48.3773118391,49.0257774587,19272255,0.0,1.0
2016-04-06 00:00:00+00:00,55.12,55.2,54.21,54.36,21188682,48.9635958239,49.0346605493,48.1552345721,48.2884809323,21188682,0.0,1.0
2016-04-07 00:00:00+00:00,54.46,54.91,54.23,54.87,19225092,48.3773118391,48.7770509196,48.1730007535,48.7415185569,19225092,0.0,1.0
2016-04-08 00:00:00+00:00,54.42,55.28,54.32,54.67,22167223,48.3417794764,49.1057252748,48.2529485696,48.5638567433,22167223,0.0,1.0
2016-04-11 00:00:00+00:00,54.31,55.15,54.3,54.49,21414227,48.2440654789,48.9902450959,48.2351823882,48.4039611111,21414227,0.0,1.0
2016-04-12 00:00:00+00:00,54.65,54.78,53.76,54.37,24944288,48.546090562,48.6615707408,47.7554954915,48.297364023,24944288,0.0,1.0
2016-04-13 00:00:00+00:00,55.35,55.4375,54.89,55.12,20817961,49.1679069095,49.245633953,48.7592847383,48.9635958239,20817961,0.0,1.0
2016-04-14 00:00:00+00:00,55.36,55.575,55.07,55.22,20877108,49.1767900002,49.3677764498,48.9191803705,49.0524267307,20877108,0.0,1.0
2016-04-15 00:00:00+00:00,55.65,55.92,55.11,55.3,28793753,49.4343996299,49.6742430782,48.9547127332,49.1234914561,28793753,0.0,1.0
2016-04-18 00:00:00+00:00,56.46,56.59,55.21,55.49,23785950,50.1539299749,50.2694101537,49.04354364,49.292270179,23785950,0.0,1.0
2016-04-19 00:00:00+00:00,56.39,56.77,55.68,56.63,29596827,50.0917483402,50.429305786,49.4610489019,50.3049425165,29596827,0.0,1.0
2016-04-20 00:00:00+00:00,55.59,56.5,55.485,56.29,36195714,49.3811010858,50.1894623376,49.2878286337,50.0029174334,36195714,0.0,1.0
2016-04-21 00:00:00+00:00,55.78,56.23,55.415,55.8,38909096,49.5498798087,49.9496188893,49.2256469989,49.5676459901,38909096,0.0,1.0
2016-04-22 00:00:00+00:00,51.78,52.4297,50.77,51.91,126834091,45.996643537,46.5737779385,45.0994513784,46.1121237159,126834091,0.0,1.0
2016-04-25 00:00:00+00:00,52.11,52.13,51.63,51.78,33226948,46.2897855295,46.3075517108,45.8633971769,45.996643537,33226948,0.0,1.0
2016-04-26 00:00:00+00:00,51.44,52.35,51.09,52.26,33532636,45.6946184539,46.5029797058,45.3837102802,46.4230318896,33532636,0.0,1.0
2016-04-27 00:00:00+00:00,50.94,51.5,50.55,51.48,43369256,45.25046392,45.747916998,44.9040233835,45.7301508167,43369256,0.0,1.0
2016-04-28 00:00:00+00:00,49.9,50.77,49.56,50.62,43134846,44.3266224893,45.0994513784,44.0245974063,44.9662050182,43134846,0.0,1.0
2016-04-29 00:00:00+00:00,49.87,50.25,49.35,49.35,48411684,44.2999732173,44.6375306631,43.838052502,43.838052502,48411684,0.0,1.0
2016-05-02 00:00:00+00:00,50.61,50.75,49.7799,50.0,33114539,44.9573219276,45.0816851971,44.2199365703,44.4154533961,33114539,0.0,1.0
2016-05-03 00:00:00+00:00,49.78,50.41,49.6,50.34,26460244,44.2200254012,44.779660114,44.060129769,44.7174784792,26460244,0.0,1.0
2016-05-04 00:00:00+00:00,49.87,50.06,49.46,49.84,24257556,44.2999732173,44.4687519402,43.9357664995,44.2733239453,24257556,0.0,1.0
2016-05-05 00:00:00+00:00,49.94,50.3,49.73,49.87,25390718,44.3621548521,44.6819461165,44.1756099478,44.2999732173,25390718,0.0,1.0
2016-05-06 00:00:00+00:00,50.39,50.39,49.66,49.92,24787301,44.7618939326,44.7618939326,44.113428313,44.3443886707,24787301,0.0,1.0
2016-05-09 00:00:00+00:00,50.07,50.585,50.0,50.49,17951598,44.4776350309,44.9351142009,44.4154533961,44.8507248394,17951598,0.0,1.0
2016-05-10 00:00:00+00:00,51.02,51.1,50.19,50.33,22890966,45.3215286454,45.3925933709,44.584232119,44.7085953886,22890966,0.0,1.0
2016-05-11 00:00:00+00:00,51.05,51.78,51.0,51.13,24039140,45.3481779175,45.996643537,45.3037624641,45.4192426429,24039140,0.0,1.0
2016-05-12 00:00:00+00:00,51.51,51.81,50.92,51.2,24102781,45.7568000887,46.0232928091,45.2326977386,45.4814242776,24102781,0.0,1.0
2016-05-13 00:00:00+00:00,51.08,51.895,51.04,51.44,22592342,45.3748271895,46.0987990799,45.3392948268,45.6946184539,22592342,0.0,1.0
2016-05-16 00:00:00+00:00,51.83,51.96,50.75,50.8,20032017,46.0410589904,46.1565391693,45.0816851971,45.1261006505,20032017,0.0,1.0
2016-05-17 00:00:00+00:00,50.51,51.73,50.36,51.72,27803514,45.1882822852,46.2797434689,45.0540862381,46.2707970658,27803514,0.36,1.0
2016-05-18 00:00:00+00:00,50.81,51.14,50.3,50.48,24907532,45.4566743796,45.7519056834,45.0004078192,45.1614430758,24907532,0.0,1.0
2016-05-19 00:00:00+00:00,50.32,50.62,49.82,50.47,23842358,45.0183006255,45.2866927198,44.5709804682,45.1524966726,23842358,0.0,1.0
2016-05-20 00:00:00+00:00,50.62,51.22,50.4,50.48,23905769,45.2866927198,45.8234769085,45.0898718506,45.1614430758,23905769,0.0,1.0
2016-05-23 00:00:00+00:00,50.03,50.68,49.98,50.6,26118720,44.7588549343,45.3403711387,44.7141229185,45.2687999135,26118720,0.0,1.0
2016-05-24 00:00:00+00:00,51.59,51.71,50.4,50.7,34757944,46.1544938249,46.2618506626,45.0898718506,45.358263945,34757944,0.0,1.0
2016-05-25 00:00:00+00:00,52.12,52.49,51.79,51.92,24204566,46.6286531916,46.9596701079,46.3334218878,46.4497251287,24204566,0.0,1.0
2016-05-26 00:00:00+00:00,51.89,51.9793,51.36,51.93,24335223,46.4228859192,46.5027772993,45.9487265526,46.4586715318,24335223,0.0,1.0
2016-05-27 00:00:00+00:00,52.32,52.32,51.77,51.92,17721438,46.8075812545,46.8075812545,46.3155290815,46.4497251287,17721438,0.0,1.0
2016-05-31 00:00:00+00:00,53.0,53.0,52.08,52.26,37653081,47.4159366683,47.4159366683,46.592867579,46.7539028356,37653081,0.0,1.0
2016-06-01 00:00:00+00:00,52.85,52.95,52.44,52.44,25324828,47.2817406212,47.3712046526,46.9149380922,46.9149380922,25324828,0.0,1.0
2016-06-02 00:00:00+00:00,52.48,52.74,51.835,52.64,22840779,46.9507237048,47.1833301866,46.3736807019,47.0938661551,22840779,0.0,1.0
2016-06-03 00:00:00+00:00,51.79,52.42,51.6,52.38,23368291,46.3334218878,46.8970452859,46.163440228,46.8612596733,23368291,0.0,1.0
2016-06-06 00:00:00+00:00,52.13,52.35,51.89,51.99,18243271,46.6375995947,46.8344204639,46.4228859192,46.5123499507,18243271,0.0,1.0
2016-06-07 00:00:00+00:00,52.1,52.73,52.1,52.24,20866770,46.6107603853,47.1743837834,46.6107603853,46.7360100293,20866770,0.0,1.0
2016-06-08 00:00:00+00:00,52.04,52.44,51.87,52.02,21149438,46.5570819664,46.9149380922,46.4049931129,46.5391891601,21149438,0.0,1.0
2016-06-09 00:00:00+00:00,51.62,52.0,51.49,52.0,20305664,46.1813330343,46.5212963538,46.0650297934,46.5212963538,20305664,0.0,1.0
2016-06-10 00:00:00+00:00,51.48,52.05,51.04,51.05,25833151,46.0560833903,46.5660283696,45.6624416519,45.6713880551,25833151,0.0,1.0
2016-06-13 00:00:00+00:00,50.14,50.715,49.06,49.58,83217844,44.8572653689,45.3716835497,43.8910538292,44.3562667927,83217844,0.0,1.0
2016-06-14 00:00:00+00:00,49.83,50.1,49.57,49.9,42577106,44.5799268714,44.8214797563,44.3473203896,44.6425516934,42577106,0.0,1.0
2016-06-15 00:00:00+00:00,49.69,50.12,49.69,49.78,33757639,44.4546772273,44.8393725626,44.4546772273,44.5351948556,33757639,0.0,1.0
2016-06-16 00:00:00+00:00,50.39,50.47,49.5068,49.52,31188605,45.0809254475,45.1524966726,44.2907791217,44.3025883739,31188605,0.0,1.0
2016-06-17 00:00:00+00:00,50.13,50.43,49.82,50.41,45710516,44.8483189657,45.1167110601,44.5709804682,45.0988182538,45710516,0.0,1.0
2016-06-20 00:00:00+00:00,50.07,50.83,50.03,50.64,35607946,44.7946405469,45.4745671859,44.7588549343,45.3045855261,35607946,0.0,1.0
2016-06-21 00:00:00+00:00,51.19,51.43,50.16,50.2,34097825,45.7966376991,46.0113513746,44.8751581752,44.9109437877,34097825,0.0,1.0
2016-06-22 00:00:00+00:00,50.99,51.46,50.9525,51.08,28816848,45.6177096362,46.038190584,45.5841606244,45.6982272645,28816848,0.0,1.0
2016-06-23 00:00:00+00:00,51.91,52.06,51.15,51.28,29028833,46.4407787255,46.5749747727,45.7608520865,45.8771553274,29028833,0.0,1.0
2016-06-24 00:00:00+00:00,49.83,50.94,49.52,49.81,133502985,44.5799268714,45.5729776205,44.3025883739,44.5620340651,133502985,0.0,1.0
2016-06-27 00:00:00+00:00,48.43,49.1466,48.035,49.1,50576699,43.3274304311,43.9685296804,42.9740475069,43.9268394418,50576699,0.0,1.0
2016-06-28 00:00:00+00:00,49.44,49.47,48.67,48.92,38140658,44.2310171487,44.2578563582,43.5421441066,43.7658041852,38140658,0.0,1.0
2016-06-29 00:00:00+00:00,50.54,50.72,49.8,49.91,31304021,45.2151214947,45.3761567513,44.5530876619,44.6514980965,31304021,0.0,1.0
2016-06-30 00:00:00+00:00,51.17,51.3,50.5,50.72,28527781,45.7787448928,45.8950481337,45.1793358821,45.3761567513,28527781,0.0,1.0
2016-07-01 00:00:00+00:00,51.16,51.72,51.07,51.13,21400392,45.7697984897,46.2707970658,45.6892808613,45.7429592802,21400392,0.0,1.0
2016-07-05 00:00:00+00:00,51.17,51.28,50.74,50.83,24806351,45.7787448928,45.8771553274,45.3940495576,45.4745671859,24806351,0.0,1.0
2016-07-06 00:00:00+00:00,51.38,51.54,50.39,50.78,28167461,45.9666193588,46.1097618092,45.0809254475,45.4298351701,28167461,0.0,1.0
2016-07-07 00:00:00+00:00,51.38,51.61,51.07,51.42,19585194,45.9666193588,46.1723866312,45.6892808613,46.0024049714,19585194,0.0,1.0
2016-07-08 00:00:00+00:00,52.3,52.36,51.55,51.73,28391026,46.7896884482,46.843366867,46.1187082123,46.2797434689,28391026,0.0,1.0
2016-07-11 00:00:00+00:00,52.59,52.83,52.47,52.5,22269203,47.0491341394,47.2638478149,46.9417773016,46.9686165111,22269203,0.0,1.0
2016-07-12 00:00:00+00:00,53.21,53.4,52.785,52.94,27317555,47.6038111344,47.7737927941,47.2235890007,47.3622582495,27317555,0.0,1.0
2016-07-13 00:00:00+00:00,53.51,53.86,53.18,53.56,25356841,47.8722032287,48.1853273388,47.5769719249,47.9169352444,25356841,0.0,1.0
2016-07-14 00:00:00+00:00,53.74,53.99,53.58,53.84,24545520,48.0779705011,48.3016305797,47.9348280507,48.1674345325,24545520,0.0,1.0
2016-07-15 00:00:00+00:00,53.7,54.0,53.21,53.95,32024385,48.0421848885,48.3105769828,47.6038111344,48.2658449671,32024385,0.0,1.0
2016-07-18 00:00:00+00:00,53.96,54.34,53.55,53.7,31433864,48.2747913702,48.6147546898,47.9079888413,48.0421848885,31433864,0.0,1.0
2016-07-19 00:00:00+00:00,53.09,53.9,52.93,53.71,53336533,47.4964542966,48.2211129514,47.3533118463,48.0511312916,53336533,0.0,1.0
2016-07-20 00:00:00+00:00,55.91,56.84,55.53,56.15,89893301,50.0193399835,50.851355476,49.679376664,50.234053659,89893301,0.0,1.0
2016-07-21 00:00:00+00:00,55.8,56.23,55.76,55.98,32776653,49.9209295489,50.3056248842,49.8851439363,50.0819648055,32776653,0.0,1.0
2016-07-22 00:00:00+00:00,56.57,56.6275,55.78,56.08,32157167,50.6098025911,50.6612444092,49.9030367426,50.171428837,32157167,0.0,1.0
2016-07-25 00:00:00+00:00,56.73,56.74,56.255,56.47,25610587,50.7529450414,50.7618914445,50.327990892,50.5203385596,25610587,0.0,1.0
2016-07-26 00:00:00+00:00,56.76,57.29,56.51,56.52,28078995,50.7797842508,51.2539436175,50.5561241722,50.5650705754,28078995,0.0,1.0
2016-07-27 00:00:00+00:00,56.19,56.8,56.11,56.61,32327477,50.2698392716,50.8155698634,50.1982680464,50.6455882037,32327477,0.0,1.0
2016-07-28 00:00:00+00:00,56.21,56.37,55.72,56.0,37550411,50.2877320779,50.4308745282,49.8493583238,50.0998576118,37550411,0.0,1.0
2016-07-29 00:00:00+00:00,56.68,56.76,56.05,56.26,30558718,50.7082130257,50.7797842508,50.1445896275,50.3324640936,30558718,0.0,1.0
2016-08-01 00:00:00+00:00,56.58,56.75,56.14,56.6,26003419,50.6187489942,50.7708378477,50.2251072558,50.6366418005,26003419,0.0,1.0
2016-08-02 00:00:00+00:00,56.58,56.9,56.31,56.85,35121958,50.6187489942,50.9050338949,50.3771961093,50.8603018791,35121958,0.0,1.0
2016-08-03 00:00:00+00:00,56.97,57.11,56.49,56.68,22075616,50.9676587169,51.0929083609,50.5382313659,50.7082130257,22075616,0.0,1.0
2016-08-04 00:00:00+00:00,57.39,57.5193,56.67,56.8,26587749,51.343407649,51.4590846416,50.6992666225,50.8155698634,26587749,0.0,1.0
2016-08-05 00:00:00+00:00,57.96,58.21,57.45,57.65,29335221,51.8533526282,52.0770127069,51.3970860678,51.5760141307,29335221,0.0,1.0
2016-08-08 00:00:00+00:00,58.06,58.085,57.78,58.055,19473499,51.9428166597,51.9651826675,51.6923173716,51.9383434581,19473499,0.0,1.0
2016-08-09 00:00:00+00:00,58.2,58.5,58.02,58.17,16920721,52.0680663037,52.3364583981,51.9070310471,52.0412270943,16920721,0.0,1.0
2016-08-10 00:00:00+00:00,58.02,58.32,57.82,58.16,15756913,51.9070310471,52.1754231414,51.7281029842,52.0322806911,15756913,0.0,1.0
2016-08-11 00:00:00+00:00,58.3,58.45,58.03,58.03,18162301,52.1575303352,52.2917263823,51.9159774502,51.9159774502,18162301,0.0,1.0
2016-08-12 00:00:00+00:00,57.94,58.19,57.62,58.03,21655161,51.8354598219,52.0591199006,51.5491749213,51.9159774502,21655161,0.0,1.0
2016-08-15 00:00:00+00:00,58.12,58.5,57.96,58.01,19283902,51.9964950785,52.3364583981,51.8533526282,51.898084644,19283902,0.0,1.0
2016-08-16 00:00:00+00:00,57.44,57.62,57.27,57.61,20523493,51.7102101779,51.8722547084,51.5571681213,51.8632522345,20523493,0.36,1.0
2016-08-17 00:00:00+00:00,57.56,57.68,57.23,57.54,18856423,51.8182398649,51.9262695519,51.5211582257,51.8002349171,18856423,0.0,1.0
2016-08-18 00:00:00+00:00,57.6,57.7,57.27,57.42,14214341,51.8542497606,51.9442744997,51.5571681213,51.6922052301,14214341,0.0,1.0
2016-08-19 00:00:00+00:00,57.62,57.73,57.2,57.43,17271044,51.8722547084,51.9712819215,51.4941508039,51.701207704,17271044,0.0,1.0
2016-08-22 00:00:00+00:00,57.67,57.75,57.26,57.6,15221922,51.917267078,51.9892868693,51.5481656474,51.8542497606,15221922,0.0,1.0
2016-08-23 00:00:00+00:00,57.89,58.18,57.85,57.9,18732373,52.1153215042,52.3763932478,52.0793116085,52.1243239781,18732373,0.0,1.0
2016-08-24 00:00:00+00:00,57.95,58.04,57.715,57.8,18151506,52.1693363477,52.2503586129,51.9577782106,52.0342992389,18151506,0.0,1.0
2016-08-25 00:00:00+00:00,58.17,58.29,57.78,57.88,18552579,52.3673907738,52.4754204608,52.0162942911,52.1063190302,18552579,0.0,1.0
2016-08-26 00:00:00+00:00,58.03,58.7,57.69,58.28,20971202,52.241356139,52.8445218914,51.9352720258,52.4664179869,20971202,0.0,1.0
2016-08-29 00:00:00+00:00,58.1,58.6,58.1,58.18,16417207,52.3043734564,52.7544971523,52.3043734564,52.3763932478,16417207,0.0,1.0
2016-08-30 00:00:00+00:00,57.89,58.19,57.61,57.98,16930185,52.1153215042,52.3853957217,51.8632522345,52.1963437694,16930185,0.0,1.0
2016-08-31 00:00:00+00:00,57.46,57.8,57.3,57.65,20860269,51.7282151257,52.0342992389,51.5841755431,51.8992621302,20860269,0.0,1.0
2016-09-01 00:00:00+00:00,57.59,57.82,57.01,57.01,26075363,51.8452472867,52.0523041867,51.3231037995,51.3231037995,26075363,0.0,1.0
2016-09-02 00:00:00+00:00,57.67,58.19,57.42,57.67,18900489,51.917267078,52.3853957217,51.6922052301,51.917267078,18900489,0.0,1.0
2016-09-06 00:00:00+00:00,57.61,57.8,57.21,57.78,16278416,51.8632522345,52.0342992389,51.5031532778,52.0162942911,16278416,0.0,1.0
2016-09-07 00:00:00+00:00,57.66,57.84,57.405,57.47,17493359,51.9082646041,52.0703091346,51.6787015192,51.7372175997,17493359,0.0,1.0
2016-09-08 00:00:00+00:00,57.43,57.79,57.18,57.63,20146083,51.701207704,52.025296765,51.4761458561,51.8812571823,20146083,0.0,1.0
2016-09-09 00:00:00+00:00,56.21,57.52,56.21,56.79,35113934,50.6029058861,51.7822299692,50.6029058861,51.1250493733,35113934,0.0,1.0
2016-09-12 00:00:00+00:00,57.05,57.205,55.61,56.0,29302962,51.3591136952,51.4986520409,50.0627574511,50.4138539339,29302962,0.0,1.0
2016-09-13 00:00:00+00:00,56.53,56.65,56.05,56.5,30130213,50.8909850515,50.9990147385,50.4588663035,50.8639776297,30130213,0.0,1.0
2016-09-14 00:00:00+00:00,56.26,56.63,56.03,56.39,24274273,50.6479182557,50.9810097907,50.4408613556,50.7649504167,24274273,0.0,1.0
2016-09-15 00:00:00+00:00,57.19,57.35,55.98,56.15,27062614,51.48514833,51.6291879127,50.3958489861,50.5488910426,27062614,0.0,1.0
2016-09-16 00:00:00+00:00,57.25,57.63,56.75,57.63,44606965,51.5391631735,51.8812571823,51.0890394777,51.8812571823,44606965,0.0,1.0
2016-09-19 00:00:00+00:00,56.93,57.75,56.85,57.27,20937104,51.2510840082,51.9892868693,51.1790642168,51.5571681213,20937104,0.0,1.0
2016-09-20 00:00:00+00:00,56.81,57.35,56.75,57.35,17383982,51.1430543212,51.6291879127,51.0890394777,51.6291879127,17383982,0.0,1.0
2016-09-21 00:00:00+00:00,57.76,57.85,57.08,57.51,33707272,51.9982893432,52.0793116085,51.3861211169,51.7732274953,33707272,0.0,1.0
2016-09-22 00:00:00+00:00,57.82,58.0,57.63,57.92,19822203,52.0523041867,52.2143487172,51.8812571823,52.1423289259,19822203,0.0,1.0
2016-09-23 00:00:00+00:00,57.43,57.91,57.38,57.87,19955336,51.701207704,52.133326452,51.6561953344,52.0973165563,19955336,0.0,1.0
2016-09-26 00:00:00+00:00,56.9,57.14,56.83,57.08,21688720,51.2240765864,51.4401359604,51.161059269,51.3861211169,21688720,0.0,1.0
2016-09-27 00:00:00+00:00,57.95,58.06,56.681,56.93,28065071,52.1693363477,52.2683635608,51.0269224076,51.2510840082,28065071,0.0,1.0
2016-09-28 00:00:00+00:00,58.03,58.06,57.67,57.88,20536400,52.241356139,52.2683635608,51.917267078,52.1063190302,20536400,0.0,1.0
2016-09-29 00:00:00+00:00,57.4,58.1679,57.21,57.81,25463536,51.6742002822,52.3655002543,51.5031532778,52.0433017128,25463536,0.0,1.0
2016-09-30 00:00:00+00:00,57.6,57.77,57.34,57.57,29910788,51.8542497606,52.0072918172,51.6201854387,51.8272423388,29910788,0.0,1.0
2016-10-03 00:00:00+00:00,57.42,57.55,57.06,57.405,19189515,51.6922052301,51.809237391,51.3681161691,51.6787015192,19189515,0.0,1.0
2016-10-04 00:00:00+00:00,57.24,57.595,56.97,57.27,20085874,51.5301606996,51.8497485236,51.2870939038,51.5571681213,20085874,0.0,1.0
2016-10-05 00:00:00+00:00,57.64,57.9601,57.26,57.29,16726411,51.8902596562,52.1784288463,51.5481656474,51.5751730692,16726411,0.0,1.0
2016-10-06 00:00:00+00:00,57.74,57.86,57.28,57.74,16212611,51.9802843954,52.0883140824,51.5661705952,51.9802843954,16212611,0.0,1.0
2016-10-07 00:00:00+00:00,57.8,57.98,57.42,57.85,20089020,52.0342992389,52.1963437694,51.6922052301,52.0793116085,20089020,0.0,1.0
2016-10-10 00:00:00+00:00,58.04,58.39,57.87,57.91,18196509,52.2503586129,52.5654452,52.0973165563,52.133326452,18196509,0.0,1.0
2016-10-11 00:00:00+00:00,57.19,58.02,56.89,57.89,26497418,51.48514833,52.2323536651,51.2150741125,52.1153215042,26497418,0.0,1.0
2016-10-12 00:00:00+00:00,57.11,57.27,56.4,57.11,22177464,51.4131285387,51.5571681213,50.7739528906,51.4131285387,22177464,0.0,1.0
2016-10-13 00:00:00+00:00,56.92,57.3,56.315,56.7,25313748,51.2420815342,51.5841755431,50.6974318623,51.0440271081,25313748,0.0,1.0
2016-10-14 00:00:00+00:00,57.42,57.74,57.12,57.12,27402451,51.6922052301,51.9802843954,51.4221310126,51.4221310126,27402451,0.0,1.0
2016-10-17 00:00:00+00:00,57.22,57.46,56.87,57.36,23830014,51.5121557517,51.7282151257,51.1970691647,51.6381903866,23830014,0.0,1.0
2016-10-18 00:00:00+00:00,57.66,57.945,57.41,57.53,19149538,51.9082646041,52.1648351107,51.6832027562,51.7912324432,19149538,0.0,1.0
2016-10-19 00:00:00+00:00,57.53,57.84,57.395,57.47,22878397,51.7912324432,52.0703091346,51.6696990453,51.7372175997,22878397,0.0,1.0
2016-10-20 00:00:00+00:00,57.25,57.52,56.66,57.5,49455612,51.5391631735,51.7822299692,51.0080172124,51.7642250214,49455612,0.0,1.0
2016-10-21 00:00:00+00:00,59.66,60.45,59.485,60.28,80032206,53.7087593874,54.4199548269,53.5512160939,54.2669127703,80032206,0.0,1.0
2016-10-24 00:00:00+00:00,61.0,61.0,59.93,59.94,54066978,54.9150908923,54.9150908923,53.9518261832,53.9608286571,54066978,0.0,1.0
2016-10-25 00:00:00+00:00,60.99,61.3699,60.8,60.85,35137164,54.9060884184,55.2480924025,54.7350414139,54.7800537835,35137164,0.0,1.0
2016-10-26 00:00:00+00:00,60.63,61.2,60.47,60.81,29911608,54.5819993574,55.0951403706,54.4379597747,54.7440438879,29911608,0.0,1.0
2016-10-27 00:00:00+00:00,60.1,60.83,60.09,60.61,28479856,54.1048682398,54.7620488357,54.0958657659,54.5639944095,28479856,0.0,1.0
2016-10-28 00:00:00+00:00,59.87,60.52,59.58,60.01,33574684,53.8978113397,54.4829721443,53.6367395961,54.0238459745,33574684,0.0,1.0
2016-10-31 00:00:00+00:00,59.92,60.42,59.92,60.16,26434697,53.9428237093,54.3929474051,53.9428237093,54.1588830833,26434697,0.0,1.0
2016-11-01 00:00:00+00:00,59.8,60.02,59.25,59.97,24532986,53.8347940223,54.0328484484,53.3396579568,53.9878360789,24532986,0.0,1.0
2016-11-02 00:00:00+00:00,59.43,59.93,59.3,59.82,22147005,53.5017024873,53.9518261832,53.3846703264,53.8527989701,22147005,0.0,1.0
2016-11-03 00:00:00+00:00,59.21,59.64,59.11,59.53,21600427,53.3036480612,53.6907544396,53.213623322,53.5917272265,21600427,0.0,1.0
2016-11-04 00:00:00+00:00,58.71,59.28,58.52,58.65,28697016,52.8535243653,53.3666653786,52.6824773609,52.7995095218,28697016,0.0,1.0
2016-11-07 00:00:00+00:00,60.42,60.52,59.78,59.78,31664798,54.3929474051,54.4829721443,53.8167890744,53.8167890744,31664798,0.0,1.0
2016-11-08 00:00:00+00:00,60.47,60.78,60.15,60.55,22935355,54.4379597747,54.7170364661,54.1498806094,54.509979566,22935355,0.0,1.0
2016-11-09 00:00:00+00:00,60.17,60.59,59.2,60.0,49632479,54.1678855572,54.5459894617,53.2946455873,54.0148435006,49632479,0.0,1.0
2016-11-10 00:00:00+00:00,58.7,60.49,57.6302,60.48,57822394,52.8445218914,54.4559647225,51.8814372318,54.4469622486,57822394,0.0,1.0
2016-11-11 00:00:00+00:00,59.02,59.116,58.01,58.23,38767843,53.1326010568,53.2190248064,52.2233511912,52.4214056173,38767843,0.0,1.0
2016-11-14 00:00:00+00:00,58.12,59.08,57.28,59.02,41328422,52.3223784043,53.1866159003,51.5661705952,53.1326010568,41328422,0.0,1.0
2016-11-15 00:00:00+00:00,58.87,59.49,58.315,58.33,35904126,53.3486604308,53.9105114494,52.845713148,52.8593063178,35904126,0.39,1.0
2016-11-16 00:00:00+00:00,59.65,59.66,58.81,58.94,27332475,54.0555052607,54.0645673739,53.2942877515,53.4120952232,27332475,0.0,1.0
2016-11-17 00:00:00+00:00,60.64,60.95,59.965,60.41,32132728,54.9526544678,55.2335799772,54.3409618266,54.7442258641,32132728,0.0,1.0
2016-11-18 00:00:00+00:00,60.35,61.14,60.3,60.78,27686311,54.6898531849,55.405760128,54.6445426189,55.0795240527,27686311,0.0,1.0
2016-11-21 00:00:00+00:00,60.86,60.97,60.42,60.5,19652595,55.1520209583,55.2517042036,54.7532879774,54.825784883,19652595,0.0,1.0
2016-11-22 00:00:00+00:00,61.12,61.26,60.805,60.98,23206700,55.3876359016,55.5145054865,55.1021793357,55.2607663168,23206700,0.0,1.0
2016-11-23 00:00:00+00:00,60.4,61.1,60.25,61.01,21848913,54.7351637509,55.3695116752,54.5992320529,55.2879526564,21848913,0.0,1.0
2016-11-25 00:00:00+00:00,60.53,60.53,60.13,60.3,8409616,54.8529712226,54.8529712226,54.4904866944,54.6445426189,8409616,0.0,1.0
2016-11-28 00:00:00+00:00,60.61,61.02,60.21,60.34,20732619,54.9254681282,55.2970147696,54.5629836001,54.6807910717,20732619,0.0,1.0
2016-11-29 00:00:00+00:00,61.09,61.41,60.52,60.65,22366721,55.360449562,55.6504371845,54.8439091094,54.961716581,22366721,0.0,1.0
2016-11-30 00:00:00+00:00,60.26,61.18,60.215,60.86,34655435,54.6082941661,55.4420085808,54.5675146567,55.1520209583,34655435,0.0,1.0
2016-12-01 00:00:00+00:00,59.2,60.15,58.935,60.11,34542121,53.6477101665,54.5086109208,53.4075641666,54.472362468,34542121,0.0,1.0
2016-12-02 00:00:00+00:00,59.25,59.47,58.8,59.08,25515665,53.6930207325,53.892387223,53.2852256383,53.538964808,25515665,0.0,1.0
2016-12-05 00:00:00+00:00,60.22,60.585,59.56,59.7,23552658,54.5720457133,54.9028128452,53.9739462418,54.1008158267,23552658,0.0,1.0
2016-12-06 00:00:00+00:00,59.95,60.46,59.8,60.43,19907035,54.3273686568,54.7895364302,54.1914369587,54.7623500906,19907035,0.0,1.0
2016-12-07 00:00:00+00:00,61.37,61.38,59.8,60.01,30808969,55.6141887317,55.6232508449,54.1914369587,54.381741336,30808969,0.0,1.0
2016-12-08 00:00:00+00:00,61.01,61.58,60.84,61.3,21220753,55.2879526564,55.804493109,55.1338967319,55.5507539393,21220753,0.0,1.0
2016-12-09 00:00:00+00:00,61.97,61.99,61.125,61.18,27349356,56.1579155239,56.1760397503,55.3921669582,55.4420085808,27349356,0.0,1.0
2016-12-12 00:00:00+00:00,62.17,62.3,61.72,61.82,20198081,56.339157788,56.4569652597,55.9313626938,56.0219838259,20198081,0.0,1.0
2016-12-13 00:00:00+00:00,62.98,63.42,62.24,62.5,35718868,57.0731889575,57.4719219385,56.4025925804,56.6382075237,35718868,0.0,1.0
2016-12-14 00:00:00+00:00,62.68,63.45,62.53,63.0,30352654,56.8013255614,57.4991082781,56.6653938634,57.0913131839,30352654,0.0,1.0
2016-12-15 00:00:00+00:00,62.58,63.1535,62.3,62.7,27669868,56.7107044294,57.2304166216,56.4569652597,56.8194497878,27669868,0.0,1.0
2016-12-16 00:00:00+00:00,62.3,62.95,62.115,62.95,42453083,56.4569652597,57.0460026179,56.2893161654,57.0460026179,42453083,0.0,1.0
2016-12-19 00:00:00+00:00,63.62,63.77,62.42,62.56,34338219,57.6531642026,57.7890959006,56.5657106181,56.692580203,34338219,0.0,1.0
2016-12-20 00:00:00+00:00,63.54,63.8,63.025,63.69,26028379,57.5806672969,57.8162822402,57.1139684669,57.716598995,26028379,0.0,1.0
2016-12-21 00:00:00+00:00,63.54,63.7,63.12,63.43,17096304,57.5806672969,57.7256611082,57.2000585424,57.4809840517,17096304,0.0,1.0
2016-12-22 00:00:00+00:00,63.55,64.1,63.405,63.84,22176585,57.5897294101,58.0881456363,57.4583287687,57.8525306931,22176585,0.0,1.0
2016-12-23 00:00:00+00:00,63.24,63.54,62.8,63.45,12403819,57.3088039008,57.5806672969,56.9100709199,57.4991082781,12403819,0.0,1.0
2016-12-27 00:00:00+00:00,63.28,64.07,63.21,63.21,11763173,57.3450523536,58.0609592967,57.2816175612,57.2816175612,11763173,0.0,1.0
2016-12-28 00:00:00+00:00,62.99,63.4,62.83,63.4,14653348,57.0822510707,57.4537977121,56.9372572595,57.4537977121,14653348,0.0,1.0
2016-12-29 00:00:00+00:00,62.9,63.2,62.73,62.86,10250582,57.0006920519,57.272555448,56.8466361274,56.9644435991,10250582,0.0,1.0
2016-12-30 00:00:00+00:00,62.14,62.99,62.03,62.96,25579908,56.3119714484,57.0822510707,56.2122882032,57.0550647311,25579908,0.0,1.0
2017-01-03 00:00:00+00:00,62.58,62.84,62.125,62.79,20694101,56.7107044294,56.9463193727,56.2983782786,56.9010088067,20694101,0.0,1.0
2017-01-04 00:00:00+00:00,62.3,62.75,62.12,62.48,21339969,56.4569652597,56.8647603538,56.293847222,56.6200832973,21339969,0.0,1.0
2017-01-05 00:00:00+00:00,62.3,62.66,62.03,62.19,24875968,56.4569652597,56.783201335,56.2122882032,56.3572820144,24875968,0.0,1.0
2017-01-06 00:00:00+00:00,62.84,63.15,62.04,62.3,19922919,56.9463193727,57.227244882,56.2213503164,56.4569652597,19922919,0.0,1.0
2017-01-09 00:00:00+00:00,62.64,63.08,62.54,62.76,20382730,56.7650771086,57.1638100896,56.6744559766,56.873822467,20382730,0.0,1.0
2017-01-10 00:00:00+00:00,62.62,63.07,62.28,62.73,18593004,56.7469528822,57.1547479764,56.4388410333,56.8466361274,18593004,0.0,1.0
2017-01-11 00:00:00+00:00,63.19,63.23,62.43,62.61,21517335,57.2634933348,57.2997417876,56.5747727313,56.737890769,21517335,0.0,1.0
2017-01-12 00:00:00+00:00,62.61,63.4,61.95,63.06,20968223,56.737890769,57.4537977121,56.1397912975,57.1456858632,20968223,0.0,1.0
2017-01-13 00:00:00+00:00,62.7,62.865,62.35,62.62,19422310,56.8194497878,56.9689746557,56.5022758257,56.7469528822,19422310,0.0,1.0
2017-01-17 00:00:00+00:00,62.53,62.7,62.03,62.68,20663983,56.6653938634,56.8194497878,56.2122882032,56.8013255614,20663983,0.0,1.0
2017-01-18 00:00:00+00:00,62.5,62.7,62.12,62.67,19670102,56.6382075237,56.8194497878,56.293847222,56.7922634482,19670102,0.0,1.0
2017-01-19 00:00:00+00:00,62.3,62.98,62.195,62.24,18451655,56.4569652597,57.0731889575,56.361813071,56.4025925804,18451655,0.0,1.0
2017-01-20 00:00:00+00:00,62.74,62.82,62.37,62.67,30213462,56.8556982406,56.9281951463,56.5204000521,56.7922634482,30213462,0.0,1.0
2017-01-23 00:00:00+00:00,62.96,63.1159,62.57,62.7,23097581,57.0550647311,57.196343076,56.7016423162,56.8194497878,23097581,0.0,1.0
2017-01-24 00:00:00+00:00,63.52,63.735,62.94,63.2,24672940,57.5625430705,57.7573785044,57.0369405047,57.272555448,24672940,0.0,1.0
2017-01-25 00:00:00+00:00,63.68,64.1,63.45,63.95,24654933,57.7075368818,58.0881456363,57.4991082781,57.9522139383,24654933,0.0,1.0
2017-01-26 00:00:00+00:00,64.27,64.535,63.55,64.12,43554645,58.2422015608,58.4823475607,57.5897294101,58.1062698628,43554645,0.0,1.0
2017-01-27 00:00:00+00:00,65.78,65.91,64.89,65.39,44817972,59.6105806546,59.7283881262,58.8040525794,59.2571582396,44817972,0.0,1.0
2017-01-30 00:00:00+00:00,65.13,65.79,64.8,65.69,31651445,59.0215432963,59.6196427678,58.7224935606,59.5290216358,31651445,0.0,1.0
2017-01-31 00:00:00+00:00,64.65,65.15,64.26,64.86,25270549,58.5865618626,59.0396675227,58.2331394476,58.7768662398,25270549,0.0,1.0
2017-02-01 00:00:00+00:00,63.58,64.62,63.47,64.355,39671528,57.6169157498,58.5593755229,57.5172325045,58.319229523,39671528,0.0,1.0
2017-02-02 00:00:00+00:00,63.17,63.41,62.75,63.25,45827013,57.2453691084,57.4628598253,56.8647603538,57.317866014,45827013,0.0,1.0
2017-02-03 00:00:00+00:00,63.68,63.7,63.07,63.5,30301759,57.7075368818,57.7256611082,57.1547479764,57.5444188441,30301759,0.0,1.0
2017-02-06 00:00:00+00:00,63.64,63.65,63.14,63.5,19796360,57.671288429,57.6803505422,57.2181827688,57.5444188441,19796360,0.0,1.0
2017-02-07 00:00:00+00:00,63.43,63.78,63.23,63.74,20277226,57.4809840517,57.7981580138,57.2997417876,57.761909561,20277226,0.0,1.0
2017-02-08 00:00:00+00:00,63.34,63.81,63.22,63.57,18096358,57.3994250329,57.8253443534,57.2906796744,57.6078536365,18096358,0.0,1.0
2017-02-09 00:00:00+00:00,64.06,64.435,63.32,63.52,22644443,58.0518971835,58.3917264287,57.3813008065,57.5625430705,22644443,0.0,1.0
2017-02-10 00:00:00+00:00,64.0,64.3,63.975,64.25,18170729,57.9975245043,58.2693879004,57.9748692213,58.2240773344,18170729,0.0,1.0
2017-02-13 00:00:00+00:00,64.72,64.86,64.13,64.24,22920101,58.649996655,58.7768662398,58.115331976,58.2150152212,22920101,0.0,1.0
2017-02-14 00:00:00+00:00,64.57,64.72,64.02,64.41,23108426,58.8674873719,59.0042400915,58.3660607333,58.7216178043,23108426,0.39,1.0
2017-02-15 00:00:00+00:00,64.53,64.57,64.155,64.5,17005157,58.83101998,58.8674873719,58.4891381809,58.8036694361,17005157,0.0,1.0
2017-02-16 00:00:00+00:00,64.52,65.24,64.44,64.74,20546345,58.821903132,59.4783161862,58.7489683482,59.0224737874,20546345,0.0,1.0
2017-02-17 00:00:00+00:00,64.62,64.69,64.3,64.47,21248818,58.9130716117,58.9768895476,58.6213324766,58.7763188921,21248818,0.0,1.0
2017-02-21 00:00:00+00:00,64.49,64.95,64.45,64.61,20655869,58.7945525881,59.2139275949,58.7580851962,58.9039547638,20655869,0.0,1.0
2017-02-22 00:00:00+00:00,64.36,64.39,64.05,64.33,19292651,58.6760335644,58.7033841083,58.3934112772,58.6486830205,19292651,0.0,1.0
2017-02-23 00:00:00+00:00,64.62,64.7285,64.195,64.42,20273128,58.9130716117,59.0119894123,58.5256055728,58.7307346523,20273128,0.0,1.0
2017-02-24 00:00:00+00:00,64.62,64.8,64.135,64.53,21796800,58.9130716117,59.0771748753,58.470904485,58.83101998,21796800,0.0,1.0
2017-02-27 00:00:00+00:00,64.23,64.54,64.045,64.54,15871507,58.5575145407,58.840136828,58.3888528532,58.840136828,15871507,0.0,1.0
2017-02-28 00:00:00+00:00,63.98,64.2,63.76,64.08,23239825,58.3295933414,58.5301639968,58.1290226859,58.4207618211,23239825,0.0,1.0
2017-03-01 00:00:00+00:00,64.94,64.99,64.0218,64.13,26937459,59.2048107469,59.2503949868,58.3677017659,58.466346061,26937459,0.0,1.0
2017-03-02 00:00:00+00:00,64.01,64.75,63.88,64.69,24539597,58.3569438853,59.0315906354,58.2384248616,58.9768895476,24539597,0.0,1.0
2017-03-03 00:00:00+00:00,64.25,64.28,63.62,63.99,18139405,58.5757482367,58.6030987806,58.0013868143,58.3387101894,18139405,0.0,1.0
2017-03-06 00:00:00+00:00,64.27,64.56,63.81,63.97,18750255,58.5939819326,58.8583705239,58.1746069258,58.3204764934,18750255,0.0,1.0
2017-03-07 00:00:00+00:00,64.4,64.775,64.19,64.19,18520987,58.7125009563,59.0543827554,58.5210471488,58.5210471488,18520987,0.0,1.0
2017-03-08 00:00:00+00:00,64.99,65.085,64.25,64.26,21510907,59.2503949868,59.3370050426,58.5757482367,58.5848650847,21510907,0.0,1.0
2017-03-09 00:00:00+00:00,64.73,65.2,64.48,65.19,19846832,59.0133569395,59.4418487943,58.7854357401,59.4327319463,19846832,0.0,1.0
2017-03-10 00:00:00+00:00,64.93,65.26,64.75,65.11,19538245,59.195693899,59.4965498821,59.0315906354,59.3597971625,19538245,0.0,1.0
2017-03-13 00:00:00+00:00,64.71,65.195,64.57,65.01,20100035,58.9951232435,59.4372903703,58.8674873719,59.2686286828,20100035,0.0,1.0
2017-03-14 00:00:00+00:00,64.41,64.55,64.15,64.53,14280202,58.7216178043,58.8492536759,58.4845797569,58.83101998,14280202,0.0,1.0
2017-03-15 00:00:00+00:00,64.75,64.92,64.25,64.55,24833810,59.0315906354,59.186577051,58.5757482367,58.8492536759,24833810,0.0,1.0
2017-03-16 00:00:00+00:00,64.64,64.76,64.3,64.75,20674296,58.9313053077,59.0407074834,58.6213324766,59.0315906354,20674296,0.0,1.0
2017-03-17 00:00:00+00:00,64.87,65.24,64.68,64.91,49219686,59.1409928111,59.4783161862,58.9677726996,59.177460203,49219686,0.0,1.0
2017-03-20 00:00:00+00:00,64.93,65.175,64.72,64.91,14598083,59.195693899,59.4190566743,59.0042400915,59.177460203,14598083,0.0,1.0
2017-03-21 00:00:00+00:00,64.21,65.5,64.13,65.19,26640480,58.5392808448,59.7153542335,58.466346061,59.4327319463,26640480,0.0,1.0
2017-03-22 00:00:00+00:00,65.03,65.14,64.12,64.12,20680015,59.2868623787,59.3871477064,58.457229213,58.457229213,20680015,0.0,1.0
2017-03-23 00:00:00+00:00,64.87,65.235,64.765,64.94,19269203,59.1409928111,59.4737577622,59.0452659074,59.2048107469,19269203,0.0,1.0
2017-03-24 00:00:00+00:00,64.98,65.45,64.76,65.36,22617105,59.2412781388,59.6697699936,59.0407074834,59.5877183619,22617105,0.0,1.0
2017-03-27 00:00:00+00:00,65.1,65.22,64.35,64.63,18614662,59.3506803145,59.4600824902,58.6669167164,58.9221884597,18614662,0.0,1.0
2017-03-28 00:00:00+00:00,65.29,65.47,64.65,64.96,20080358,59.523900426,59.6880036896,58.9404221557,59.2230444429,20080358,0.0,1.0
2017-03-29 00:00:00+00:00,65.47,65.5,64.9475,65.12,13618424,59.6880036896,59.7153542335,59.2116483829,59.3689140105,13618424,0.0,1.0
2017-03-30 00:00:00+00:00,65.71,65.98,65.36,65.42,15122823,59.906808041,60.1529629363,59.5877183619,59.6424194497,15122823,0.0,1.0
2017-03-31 00:00:00+00:00,65.86,66.19,65.45,65.65,21040331,60.0435607606,60.3444167438,59.6697699936,59.8521069531,21040331,0.0,1.0
2017-04-03 00:00:00+00:00,65.55,65.94,65.19,65.81,20400871,59.7609384734,60.1164955444,59.4327319463,59.9979765207,20400871,0.0,1.0
2017-04-04 00:00:00+00:00,65.73,65.81,65.28,65.39,12997449,59.9250417369,59.9979765207,59.5147835781,59.6150689058,12997449,0.0,1.0
2017-04-05 00:00:00+00:00,65.56,66.35,65.4443,66.3,21448594,59.7700553214,60.4902863114,59.6645733903,60.4447020715,21448594,0.0,1.0
2017-04-06 00:00:00+00:00,65.73,66.055,65.48,65.6,18103453,59.9250417369,60.2213392961,59.6971205376,59.8065227133,18103453,0.0,1.0
2017-04-07 00:00:00+00:00,65.68,65.96,65.44,65.85,14089274,59.8794574971,60.1347292403,59.6606531457,60.0344439126,14089274,0.0,1.0
2017-04-10 00:00:00+00:00,65.53,65.82,65.36,65.61,17952742,59.7427047774,60.0070933687,59.5877183619,59.8156395612,17952742,0.0,1.0
2017-04-11 00:00:00+00:00,65.48,65.61,64.85,65.6,18791533,59.6971205376,59.8156395612,59.1227591152,59.8065227133,18791533,0.0,1.0
2017-04-12 00:00:00+00:00,65.23,65.51,65.11,65.42,17108513,59.4691993382,59.7244710815,59.3597971625,59.6424194497,17108513,0.0,1.0
2017-04-13 00:00:00+00:00,64.95,65.86,64.95,65.29,17896483,59.2139275949,60.0435607606,59.2139275949,59.523900426,17896483,0.0,1.0
2017-04-17 00:00:00+00:00,65.48,65.49,65.01,65.04,16689265,59.6971205376,59.7062373855,59.2686286828,59.2959792267,16689265,0.0,1.0
2017-04-18 00:00:00+00:00,65.39,65.71,65.16,65.33,15155611,59.6150689058,59.906808041,59.4053814024,59.5603678179,15155611,0.0,1.0
2017-04-19 00:00:00+00:00,65.04,65.75,64.89,65.65,26992771,59.2959792267,59.9432754329,59.1592265071,59.8521069531,26992771,0.0,1.0
2017-04-20 00:00:00+00:00,65.5,65.75,65.14,65.46,22299477,59.7153542335,59.9432754329,59.3871477064,59.6788868416,22299477,0.0,1.0
2017-04-21 00:00:00+00:00,66.4,66.7,65.45,65.67,32522645,60.5358705512,60.8093759905,59.6697699936,59.8703406491,32522645,0.0,1.0
2017-04-24 00:00:00+00:00,67.53,67.66,67.1,67.48,29721254,61.5660743724,61.684593396,61.1740499094,61.5204901325,29721254,0.0,1.0
2017-04-25 00:00:00+00:00,67.92,68.04,67.6,67.9,29983174,61.9216314434,62.0310336191,61.6298923082,61.9033977474,29983174,0.0,1.0
2017-04-26 00:00:00+00:00,67.83,68.31,67.62,68.08,25544417,61.8395798116,62.2771885144,61.6481260041,62.067501011,25544417,0.0,1.0
2017-04-27 00:00:00+00:00,68.27,68.38,67.58,68.15,32219234,62.2407211225,62.3410064502,61.6116586122,62.1313189468,32219234,0.0,1.0
2017-04-28 00:00:00+00:00,68.46,69.14,67.69,68.91,38940853,62.413941234,63.0338868963,61.7119439399,62.8241993928,38940853,0.0,1.0
2017-05-01 00:00:00+00:00,69.41,69.55,68.5,68.68,31304672,63.2800417916,63.4076776632,62.4504086259,62.6145118894,31304672,0.0,1.0
2017-05-02 00:00:00+00:00,69.3,69.71,69.13,69.71,23000828,63.1797564639,63.5535472308,63.0247700483,63.5535472308,23000828,0.0,1.0
2017-05-03 00:00:00+00:00,69.08,69.38,68.71,69.38,28725646,62.9791858084,63.2526912476,62.6418624334,63.2526912476,28725646,0.0,1.0
2017-05-04 00:00:00+00:00,68.81,69.08,68.64,69.03,21421413,62.7330309131,62.9791858084,62.5780444975,62.9336015685,21421413,0.0,1.0
2017-05-05 00:00:00+00:00,69.0,69.03,68.485,68.9,18882845,62.9062510246,62.9336015685,62.4367333539,62.8150825449,18882845,0.0,1.0
2017-05-08 00:00:00+00:00,68.94,69.05,68.42,68.97,18446053,62.8515499368,62.9518352645,62.3774738421,62.8789004807,18446053,0.0,1.0
2017-05-09 00:00:00+00:00,69.04,69.28,68.68,68.86,22318181,62.9427184165,63.1615227679,62.6145118894,62.778615153,22318181,0.0,1.0
2017-05-10 00:00:00+00:00,69.31,69.56,68.92,68.99,17842038,63.1888733118,63.4167945112,62.8333162408,62.8971341766,17842038,0.0,1.0
2017-05-11 00:00:00+00:00,68.46,68.73,68.12,68.36,27985424,62.413941234,62.6600961293,62.1039684029,62.3227727542,27985424,0.0,1.0
2017-05-12 00:00:00+00:00,68.38,68.61,68.04,68.61,17073013,62.3410064502,62.5506939536,62.0310336191,62.5506939536,17073013,0.0,1.0
2017-05-15 00:00:00+00:00,68.43,68.48,67.57,68.14,30705323,62.3865906901,62.4321749299,61.6025417643,62.1222020988,30705323,0.0,1.0
2017-05-16 00:00:00+00:00,69.41,69.44,68.16,68.23,33250702,63.6355988626,63.6631030834,62.4895896625,62.5537661777,33250702,0.39,1.0
2017-05-17 00:00:00+00:00,67.48,69.1,67.43,68.89,29964198,61.8661606576,63.351388581,61.8203202896,63.1588590353,29964198,0.0,1.0
2017-05-18 00:00:00+00:00,67.71,68.13,67.14,67.4,24789790,62.0770263505,62.4620854417,61.5544461552,61.7928160688,24789790,0.0,1.0
2017-05-19 00:00:00+00:00,67.69,68.095,67.43,67.5,26496478,62.0586902033,62.4299971841,61.8203202896,61.8844968048,26496478,0.0,1.0
2017-05-22 00:00:00+00:00,68.45,68.5,67.5,67.89,15484530,62.7554637969,62.8013041649,61.8844968048,62.2420516753,15484530,0.0,1.0
2017-05-23 00:00:00+00:00,68.68,68.75,68.38,68.72,15347877,62.9663294897,63.0305060049,62.6912872817,63.0030017841,15347877,0.0,1.0
2017-05-24 00:00:00+00:00,68.77,68.88,68.45,68.87,14422965,63.0488421521,63.1496909617,62.7554637969,63.1405228881,14422965,0.0,1.0
2017-05-25 00:00:00+00:00,69.62,69.88,68.91,68.97,21702912,63.8281284082,64.0664983218,63.1771951825,63.2322036242,21702912,0.0,1.0
2017-05-26 00:00:00+00:00,69.96,70.22,69.52,69.8,19644260,64.1398429106,64.3782128242,63.7364476722,63.993153733,19644260,0.0,1.0
2017-05-30 00:00:00+00:00,70.41,70.41,69.77,69.79,16901792,64.5524062227,64.5524062227,63.9656495122,63.9839856594,16901792,0.0,1.0
2017-05-31 00:00:00+00:00,69.84,70.74,69.81,70.53,29538356,64.0298260274,64.8549526515,64.0023218066,64.6624231059,29538356,0.0,1.0
2017-06-01 00:00:00+00:00,70.1,70.61,69.451,70.24,21066468,64.268195941,64.7357676947,63.6731879643,64.3965489714,21066468,0.0,1.0
2017-06-02 00:00:00+00:00,71.76,71.86,70.24,70.44,34586054,65.7900961588,65.8817768948,64.3965489714,64.5799104435,34586054,0.0,1.0
2017-06-05 00:00:00+00:00,72.28,72.89,71.81,71.97,29507429,66.266835986,66.8260884756,65.8359365268,65.9826257044,29507429,0.0,1.0
2017-06-06 00:00:00+00:00,72.52,72.62,72.27,72.3,31220057,66.4868697524,66.5785504884,66.2576679124,66.2851721332,31220057,0.0,1.0
2017-06-07 00:00:00+00:00,72.39,72.77,71.95,72.635,21895156,66.3676847956,66.7160715924,65.9642895572,66.5923025988,21895156,0.0,1.0
2017-06-08 00:00:00+00:00,71.95,72.52,71.5,72.51,23982410,65.9642895572,66.4868697524,65.5517262451,66.4777016788,23982410,0.0,1.0
2017-06-09 00:00:00+00:00,70.32,72.08,68.59,72.035,48619420,64.4698935602,66.083474514,62.8838168273,66.0422181828,48619420,0.0,1.0
2017-06-12 00:00:00+00:00,69.78,69.94,68.13,69.25,47363986,63.9748175858,64.1215067634,62.4620854417,63.488909685,47363986,0.0,1.0
2017-06-13 00:00:00+00:00,70.65,70.82,69.96,70.02,24815455,64.7724399891,64.9282972403,64.1398429106,64.1948513522,24815455,0.0,1.0
2017-06-14 00:00:00+00:00,70.27,71.1,69.43,70.91,25271276,64.4240531922,65.1850033011,63.6539350098,65.0108099027,25271276,0.0,1.0
2017-06-15 00:00:00+00:00,69.9,70.21,68.8,69.27,25701569,64.084834469,64.3690447506,63.0763463729,63.5072458322,25701569,0.0,1.0
2017-06-16 00:00:00+00:00,70.0,70.0252,69.22,69.73,46911637,64.176515205,64.1996187505,63.4614054642,63.9289772178,46911637,0.0,1.0
2017-06-19 00:00:00+00:00,70.87,70.945,70.35,70.5,23146852,64.9741376083,65.0428981603,64.497397781,64.6349188851,23146852,0.0,1.0
2017-06-20 00:00:00+00:00,69.91,70.87,69.87,70.82,20775590,64.0940025426,64.9741376083,64.0573302482,64.9282972403,20775590,0.0,1.0
2017-06-21 00:00:00+00:00,70.27,70.62,69.94,70.21,19190623,64.4240531922,64.7449357683,64.1215067634,64.3690447506,19190623,0.0,1.0
2017-06-22 00:00:00+00:00,70.26,70.59,69.71,70.54,22222851,64.4148851186,64.7174315475,63.9106410706,64.6715911795,22222851,0.0,1.0
2017-06-23 00:00:00+00:00,71.21,71.25,69.92,70.09,23176418,65.2858521107,65.3225244051,64.1031706162,64.2590278674,23176418,0.0,1.0
2017-06-26 00:00:00+00:00,70.53,71.71,70.445,71.4,19308122,64.6624231059,65.7442557907,64.5844944803,65.4600455091,19308122,0.0,1.0
2017-06-27 00:00:00+00:00,69.21,70.18,69.18,70.11,24862560,63.4522373906,64.3415405298,63.4247331698,64.2773640146,24862560,0.0,1.0
2017-06-28 00:00:00+00:00,69.8,69.841,68.79,69.21,25226070,63.993153733,64.0307428348,63.0671782993,63.4522373906,25226070,0.0,1.0
2017-06-29 00:00:00+00:00,68.49,69.49,68.09,69.38,28231562,62.7921360913,63.7089434514,62.4254131473,63.6080946418,28231562,0.0,1.0
2017-06-30 00:00:00+00:00,68.93,69.38,68.74,68.78,23039328,63.1955313297,63.6080946418,63.0213379313,63.0580102257,23039328,0.0,1.0
2017-07-03 00:00:00+00:00,68.17,69.6,68.02,69.33,16165500,62.4987577361,63.809792261,62.3612366321,63.5622542738,16165500,0.0,1.0
2017-07-05 00:00:00+00:00,69.08,69.44,68.22,68.255,20174523,63.3330524338,63.6631030834,62.5445981041,62.5766863617,20174523,0.0,1.0
2017-07-06 00:00:00+00:00,68.57,68.78,68.12,68.27,20776555,62.8654806801,63.0580102257,62.4529173681,62.5904384721,20776555,0.0,1.0
2017-07-07 00:00:00+00:00,69.46,69.84,68.7,68.7,15897154,63.6814392306,64.0298260274,62.9846656369,62.9846656369,15897154,0.0,1.0
2017-07-10 00:00:00+00:00,69.98,70.25,69.2,69.46,14903400,64.1581790578,64.405717045,63.443069317,63.6814392306,14903400,0.0,1.0
2017-07-11 00:00:00+00:00,69.99,70.68,69.75,70.0,16880205,64.1673471314,64.7999442099,63.947313365,64.176515205,16880205,0.0,1.0
2017-07-12 00:00:00+00:00,71.15,71.28,70.55,70.69,17382861,65.2308436691,65.3500286259,64.6807592531,64.8091122835,17382861,0.0,1.0
2017-07-13 00:00:00+00:00,71.77,72.0399,71.31,71.5,20149208,65.7992642324,66.0467105388,65.3775328467,65.5517262451,20149208,0.0,1.0
2017-07-14 00:00:00+00:00,72.78,73.27,71.96,72.24,25689303,66.725239666,67.1744752725,65.9734576308,66.2301636916,25689303,0.0,1.0
2017-07-17 00:00:00+00:00,73.35,73.45,72.72,72.8,21481069,67.2478198613,67.3395005973,66.6702312244,66.7435758132,21481069,0.0,1.0
2017-07-18 00:00:00+00:00,73.3,73.39,72.66,73.09,26150272,67.2019794933,67.2844921557,66.6152227828,67.0094499476,26150272,0.0,1.0
2017-07-19 00:00:00+00:00,73.86,74.04,73.45,73.5,21769229,67.7153916149,67.8804169397,67.3395005973,67.3853409653,21769229,0.0,1.0
2017-07-20 00:00:00+00:00,74.22,74.3,73.28,74.18,34174677,68.0454422645,68.1187868533,67.1836433461,68.0087699701,34174677,0.0,1.0
2017-07-21 00:00:00+00:00,73.79,74.29,73.17,73.45,45302930,67.6512150997,68.1096187797,67.0827945365,67.3395005973,45302930,0.0,1.0
2017-07-24 00:00:00+00:00,73.6,73.75,73.13,73.53,20836422,67.4770217013,67.6145428053,67.046122242,67.4128451861,20836422,0.0,1.0
2017-07-25 00:00:00+00:00,74.19,74.31,73.5,73.8,21522189,68.0179380437,68.1279549269,67.3853409653,67.6603831733,21522189,0.0,1.0
2017-07-26 00:00:00+00:00,74.05,74.38,73.81,74.34,15850344,67.8895850133,68.1921314421,67.6695512469,68.1554591477,15850344,0.0,1.0
2017-07-27 00:00:00+00:00,73.16,74.42,72.32,73.76,35518251,67.0736264629,68.2288037365,66.3035082804,67.6237108789,35518251,0.0,1.0
2017-07-28 00:00:00+00:00,73.04,73.31,72.54,72.67,17472880,66.9636095796,67.2111475669,66.5052058996,66.6243908564,17472880,0.0,1.0
2017-07-31 00:00:00+00:00,72.7,73.44,72.41,73.3,23151962,66.6518950772,67.3303325237,66.3860209428,67.2019794933,23151962,0.0,1.0
2017-08-01 00:00:00+00:00,72.58,73.42,72.49,73.1,19060885,66.541878194,67.3119963765,66.4593655316,67.0186180212,19060885,0.0,1.0
2017-08-02 00:00:00+00:00,72.26,72.56,71.445,72.55,26405096,66.2484998388,66.5235420468,65.5013018403,66.5143739732,26405096,0.0,1.0
2017-08-03 00:00:00+00:00,72.15,72.44,71.845,72.19,17937522,66.1476510292,66.4135251636,65.8680247844,66.1843233236,17937522,0.0,1.0
2017-08-04 00:00:00+00:00,72.68,73.04,72.24,72.4,22579000,66.63355893,66.9636095796,66.2301636916,66.3768528692,22579000,0.0,1.0
2017-08-07 00:00:00+00:00,72.4,72.9,72.26,72.8,18705700,66.3768528692,66.8352565492,66.2484998388,66.7435758132,18705700,0.0,1.0
2017-08-08 00:00:00+00:00,72.79,73.13,71.75,72.09,21446993,66.7344077396,67.046122242,65.7809280852,66.0926425876,21446993,0.0,1.0
2017-08-09 00:00:00+00:00,72.47,72.51,72.05,72.25,20401071,66.4410293844,66.4777016788,66.0559702932,66.2393317652,20401071,0.0,1.0
2017-08-10 00:00:00+00:00,71.41,72.19,71.35,71.9,23153711,65.4692135827,66.1843233236,65.4142051411,65.9184491892,23153711,0.0,1.0
2017-08-11 00:00:00+00:00,72.5,72.7,71.28,71.61,21121250,66.4685336052,66.6518950772,65.3500286259,65.6525750547,21121250,0.0,1.0
2017-08-14 00:00:00+00:00,73.59,73.72,72.95,73.06,19756773,67.4678536277,67.5870385845,66.8810969172,66.9819457268,19756773,0.0,1.0
2017-08-15 00:00:00+00:00,73.22,73.59,73.04,73.59,17791179,67.4861897749,67.8272153173,67.3202854569,67.8272153173,17791179,0.39,1.0
2017-08-16 00:00:00+00:00,73.65,74.1,73.17,73.34,17814317,67.8825167566,68.2972775515,67.4401052421,67.5967926535,17814317,0.0,1.0
2017-08-17 00:00:00+00:00,72.4,73.87,72.4,73.58,21834250,66.7304034376,68.0852887008,66.7304034376,67.8179984108,21834250,0.0,1.0
2017-08-18 00:00:00+00:00,72.49,72.84,71.93,72.27,18215276,66.8133555966,67.1359473259,66.2972088297,66.6105836524,18215276,0.0,1.0
2017-08-21 00:00:00+00:00,72.15,72.48,71.7,72.47,17656716,66.4999807738,66.80413869,66.085219979,66.7949217835,17656716,0.0,1.0
2017-08-22 00:00:00+00:00,73.16,73.24,72.35,72.35,14183146,67.4308883356,67.504623588,66.6843189048,66.6843189048,14183146,0.0,1.0
2017-08-23 00:00:00+00:00,72.72,73.15,72.53,72.96,13586784,67.0253444473,67.421671429,66.8502232228,67.2465502045,13586784,0.0,1.0
2017-08-24 00:00:00+00:00,72.69,72.86,72.07,72.74,15980144,66.9976937276,67.154381139,66.4262455214,67.0437782604,15980144,0.0,1.0
2017-08-25 00:00:00+00:00,72.82,73.35,72.48,72.86,12574503,67.1175135128,67.6060095601,66.80413869,67.154381139,12574503,0.0,1.0
2017-08-28 00:00:00+00:00,72.83,73.09,72.55,73.06,14112777,67.1267304193,67.3663699897,66.8686570359,67.33871927,14112777,0.0,1.0
2017-08-29 00:00:00+00:00,73.05,73.16,72.05,72.25,11325418,67.3295023635,67.4308883356,66.4078117083,66.5921498393,11325418,0.0,1.0
2017-08-30 00:00:00+00:00,74.01,74.2099,72.8293,73.01,16826094,68.2143253925,68.3985713545,67.1260852359,67.2926347373,16826094,0.0,1.0
2017-08-31 00:00:00+00:00,74.77,74.96,73.8,74.03,26688077,68.9148102905,69.089931515,68.0207703549,68.2327592056,26688077,0.0,1.0
2017-09-01 00:00:00+00:00,73.94,74.74,73.64,74.71,21593192,68.1498070466,68.8871595708,67.8732998501,68.8595088512,21593192,0.0,1.0
2017-09-05 00:00:00+00:00,73.61,73.89,72.98,73.34,21432599,67.8456491304,68.1037225139,67.2649840176,67.5967926535,21432599,0.0,1.0
2017-09-06 00:00:00+00:00,73.4,74.04,73.35,73.74,15945136,67.6520940928,68.2419761122,67.6060095601,67.9654689156,15945136,0.0,1.0
2017-09-07 00:00:00+00:00,74.34,74.6,73.6,73.68,17165518,68.5184833087,68.7581228791,67.8364322239,67.9101674763,17165518,0.0,1.0
2017-09-08 00:00:00+00:00,73.98,74.44,73.84,74.33,14474383,68.1866746728,68.6106523742,68.0576379811,68.5092664022,14474383,0.0,1.0
2017-09-11 00:00:00+00:00,74.76,74.945,74.31,74.31,17428067,68.9055933839,69.0761061551,68.4908325891,68.4908325891,17428067,0.0,1.0
2017-09-12 00:00:00+00:00,74.68,75.24,74.37,74.76,14003880,68.8318581315,69.3480048984,68.5461340284,68.9055933839,14003880,0.0,1.0
2017-09-13 00:00:00+00:00,75.21,75.23,74.55,74.93,12998629,69.3203541788,69.3387879919,68.7120383463,69.0622807953,12998629,0.0,1.0
2017-09-14 00:00:00+00:00,74.77,75.49,74.52,75.0,15373384,68.9148102905,69.5784275622,68.6843876267,69.1267991412,15373384,0.0,1.0
2017-09-15 00:00:00+00:00,75.31,75.39,74.07,74.83,37901927,69.4125232443,69.4862584967,68.2696268318,68.9701117298,37901927,0.0,1.0
2017-09-18 00:00:00+00:00,75.16,75.97,75.04,75.23,22730355,69.274269646,70.0208390767,69.1636667674,69.3387879919,22730355,0.0,1.0
2017-09-19 00:00:00+00:00,75.44,75.71,75.01,75.21,15606870,69.5323430295,69.7811995064,69.1360160477,69.3203541788,15606870,0.0,1.0
2017-09-20 00:00:00+00:00,74.94,75.55,74.31,75.35,20415084,69.0714977019,69.6337290015,68.4908325891,69.4493908705,20415084,0.0,1.0
2017-09-21 00:00:00+00:00,74.21,75.24,74.11,75.11,19038998,68.3986635235,69.3480048984,68.306494458,69.2281851132,19038998,0.0,1.0
2017-09-22 00:00:00+00:00,74.41,74.51,73.85,73.99,13969937,68.5830016546,68.6751707201,68.0668548877,68.1958915794,13969937,0.0,1.0
2017-09-25 00:00:00+00:00,73.26,74.25,72.92,74.09,23502422,67.5230574011,68.4355311498,67.2096825783,68.2880606449,23502422,0.0,1.0
2017-09-26 00:00:00+00:00,73.26,73.81,72.99,73.67,17105469,67.5230574011,68.0299872615,67.2742009242,67.9009505697,17105469,0.0,1.0
2017-09-27 00:00:00+00:00,73.85,74.17,73.17,73.55,18934048,68.0668548877,68.3617958973,67.4401052421,67.7903476911,18934048,0.0,1.0
2017-09-28 00:00:00+00:00,73.87,73.97,73.31,73.54,10814063,68.0852887008,68.1774577663,67.5691419339,67.7811307846,10814063,0.0,1.0
2017-09-29 00:00:00+00:00,74.49,74.535,73.88,73.94,16700435,68.656736907,68.6982129865,68.0945056073,68.1498070466,16700435,0.0,1.0
2017-10-02 00:00:00+00:00,74.61,75.01,74.295,74.71,15210338,68.7673397856,69.1360160477,68.4770072292,68.8595088512,15210338,0.0,1.0
2017-10-03 00:00:00+00:00,74.26,74.88,74.195,74.67,11935853,68.4447480563,69.0161962625,68.3848381637,68.8226412249,11935853,0.0,1.0
2017-10-04 00:00:00+00:00,74.69,74.72,73.71,74.0,13287346,68.8410750381,68.8687257577,67.9378181959,68.205108486,13287346,0.0,1.0
2017-10-05 00:00:00+00:00,75.97,76.12,74.96,75.22,20656238,70.0208390767,70.159092675,69.089931515,69.3295710853,20656238,0.0,1.0
2017-10-06 00:00:00+00:00,76.0,76.03,75.54,75.67,13692791,70.0484897964,70.076140516,69.624512095,69.7443318802,13692791,0.0,1.0
2017-10-09 00:00:00+00:00,76.29,76.55,75.86,75.97,11364275,70.3157800864,70.5554196568,69.9194531047,70.0208390767,11364275,0.0,1.0
2017-10-10 00:00:00+00:00,76.29,76.63,76.14,76.33,13734627,70.3157800864,70.6291549092,70.1775264881,70.3526477126,13734627,0.0,1.0
2017-10-11 00:00:00+00:00,76.42,76.46,75.95,76.36,14780652,70.4355998716,70.4724674978,70.0024052636,70.3802984323,14780652,0.0,1.0
2017-10-12 00:00:00+00:00,77.12,77.29,76.37,76.49,16778148,71.0807833302,71.2374707416,70.3895153388,70.5001182174,16778148,0.0,1.0
2017-10-13 00:00:00+00:00,77.49,77.87,77.29,77.59,15250772,71.4218088727,71.7720513216,71.2374707416,71.5139779382,15250772,0.0,1.0
2017-10-16 00:00:00+00:00,77.65,77.81,77.35,77.42,12331147,71.5692793775,71.7167498823,71.2927721809,71.3572905268,12331147,0.0,1.0
2017-10-17 00:00:00+00:00,77.59,77.62,77.25,77.47,15953665,71.5139779382,71.5416286578,71.2006031154,71.4033750595,15953665,0.0,1.0
2017-10-18 00:00:00+00:00,77.61,77.85,77.37,77.67,13147124,71.5324117513,71.7536175085,71.311205994,71.5877131906,13147124,0.0,1.0
2017-10-19 00:00:00+00:00,77.91,77.93,77.35,77.57,14982129,71.8089189478,71.8273527609,71.2927721809,71.4955441251,14982129,0.0,1.0
2017-10-20 00:00:00+00:00,78.81,78.97,78.22,78.32,22517092,72.6384405375,72.7859110424,72.094643051,72.1868121165,22517092,0.0,1.0
2017-10-23 00:00:00+00:00,78.83,79.34,78.76,78.99,20479731,72.6568743506,73.1269365848,72.5923560048,72.8043448555,20479731,0.0,1.0
2017-10-24 00:00:00+00:00,78.86,79.2,78.46,78.9,16613928,72.6845250703,72.9978998931,72.3158488082,72.7213926965,16613928,0.0,1.0
2017-10-25 00:00:00+00:00,78.63,79.1,78.01,78.58,19714512,72.4725362196,72.9057308276,71.9010880134,72.4264516868,19714512,0.0,1.0
2017-10-26 00:00:00+00:00,78.76,79.42,78.75,79.2,29181652,72.5923560048,73.2006718372,72.5831390982,72.9978998931,29181652,0.0,1.0
2017-10-27 00:00:00+00:00,83.81,86.2,83.61,84.37,70877350,77.2468938136,79.4497344796,77.0625556826,77.7630405805,70877350,0.0,1.0
2017-10-30 00:00:00+00:00,83.89,84.325,83.105,83.7,31291801,77.320629066,77.7215645011,76.5971019017,77.1455078415,31291801,0.0,1.0
2017-10-31 00:00:00+00:00,83.18,84.36,83.11,84.36,26728947,76.6662287008,77.753823674,76.601710355,77.753823674,26728947,0.0,1.0
2017-11-01 00:00:00+00:00,83.18,83.76,82.88,83.68,22039635,76.6662287008,77.2008092809,76.3897215043,77.1270740284,22039635,0.0,1.0
2017-11-02 00:00:00+00:00,84.05,84.46,83.12,83.35,23822964,77.4680995709,77.8459927395,76.6109272615,76.8229161122,23822964,0.0,1.0
2017-11-03 00:00:00+00:00,84.14,84.54,83.4,84.08,17569120,77.5510517298,77.9197279919,76.869000645,77.4957502905,17569120,0.0,1.0
2017-11-06 00:00:00+00:00,84.47,84.7,84.0825,84.2,19039847,77.8552096461,78.0671984968,77.4980545172,77.6063531692,19039847,0.0,1.0
2017-11-07 00:00:00+00:00,84.27,84.9,83.93,84.77,17152583,77.670871515,78.2515366278,77.3574966922,78.1317168426,17152583,0.0,1.0
2017-11-08 00:00:00+00:00,84.56,84.61,83.83,84.14,17593880,77.938161805,77.9842463378,77.2653276267,77.5510517298,17593880,0.0,1.0
2017-11-09 00:00:00+00:00,84.09,84.27,82.9,84.11,20924172,77.5049671971,77.670871515,76.4081553174,77.5234010102,20924172,0.0,1.0
2017-11-10 00:00:00+00:00,83.87,84.095,83.23,83.79,19340435,77.3021952529,77.5095756504,76.7123132336,77.2284600005,19340435,0.0,1.0
2017-11-13 00:00:00+00:00,83.93,83.94,83.46,83.66,14080820,77.3574966922,77.3667135988,76.9243020843,77.1086402153,14080820,0.0,1.0
2017-11-14 00:00:00+00:00,84.05,84.1,82.98,83.5,18604034,77.4680995709,77.5141841036,76.4818905698,76.9611697105,18604034,0.0,1.0
2017-11-15 00:00:00+00:00,82.98,83.69,82.69,83.47,19097333,76.869000645,77.5267132318,76.6003574757,77.3229149655,19097333,0.42,1.0
2017-11-16 00:00:00+00:00,83.2,83.42,82.94,83.1,20659209,77.0727989113,77.2765971777,76.8319464147,76.9801633357,20659209,0.0,1.0
2017-11-17 00:00:00+00:00,82.4,83.12,82.24,83.12,21715498,76.3317143064,76.9986904508,76.1834973854,76.9986904508,21715498,0.0,1.0
2017-11-20 00:00:00+00:00,82.53,82.59,82.25,82.4,16072495,76.4521405547,76.5077219001,76.192760943,76.3317143064,16072495,0.0,1.0
2017-11-21 00:00:00+00:00,83.72,83.84,82.74,82.74,21237454,77.5545039045,77.6656665953,76.6466752635,76.6466752635,21237454,0.0,1.0
2017-11-22 00:00:00+00:00,83.11,83.9,83.04,83.83,20213704,76.9894268933,77.7212479406,76.9245819903,77.6564030377,20213704,0.0,1.0
2017-11-24 00:00:00+00:00,83.26,83.43,82.78,83.01,7425503,77.1283802567,77.2858607352,76.6837294937,76.8967913177,7425503,0.0,1.0
2017-11-27 00:00:00+00:00,83.87,83.98,83.3,83.31,17603760,77.6934572679,77.7953564011,77.1654344869,77.1746980445,17603760,0.0,1.0
2017-11-28 00:00:00+00:00,84.88,85.06,84.02,84.07,21162639,78.6290765817,78.7958206178,77.8324106314,77.8787284192,21162639,0.0,1.0
2017-11-29 00:00:00+00:00,83.34,84.92,83.18,84.71,27358477,77.2024887172,78.6661308119,77.0542717962,78.4715961031,27358477,0.0,1.0
2017-11-30 00:00:00+00:00,84.17,84.52,83.34,83.51,32998408,77.9713639948,78.2955885094,77.2024887172,77.3599691957,32998408,0.0,1.0
2017-12-01 00:00:00+00:00,84.26,84.81,83.22,83.6,29387325,78.0547360128,78.5642316787,77.0913260265,77.4433412138,29387325,0.0,1.0
2017-12-04 00:00:00+00:00,81.08,84.4299,80.7,84.42,37977732,75.1089247083,78.2121238558,74.756909521,78.2029529338,37977732,0.0,1.0
2017-12-05 00:00:00+00:00,81.59,82.68,80.9801,81.34,25512120,75.5813661439,76.5910939181,75.0163817683,75.3497772049,25512120,0.0,1.0
2017-12-06 00:00:00+00:00,82.78,83.14,81.43,81.55,24821403,76.6837294937,77.017217566,75.433149223,75.5443119137,24821403,0.0,1.0
2017-12-07 00:00:00+00:00,82.49,82.8,82.0,82.54,20378114,76.4150863245,76.7022566089,75.961172004,76.4614041123,20378114,0.0,1.0
2017-12-08 00:00:00+00:00,84.16,84.58,83.33,83.63,23825056,77.9621004372,78.3511698548,77.1932251596,77.4711318865,23825056,0.0,1.0
2017-12-11 00:00:00+00:00,85.23,85.37,84.12,84.29,19909119,78.9533010963,79.0829909022,77.925046207,78.0825266855,19909119,0.0,1.0
2017-12-12 00:00:00+00:00,85.58,86.05,85.08,85.31,23534946,79.277525611,79.7129128163,78.8143477329,79.0274095568,23534946,0.0,1.0
2017-12-13 00:00:00+00:00,85.35,86.0,85.17,85.74,21307911,79.064463787,79.6665950285,78.8977197509,79.4257425319,21307911,0.0,1.0
2017-12-14 00:00:00+00:00,84.69,85.8739,84.53,85.43,19080106,78.453068988,79.5497815677,78.304852067,79.1385722475,19080106,0.0,1.0
2017-12-15 00:00:00+00:00,86.85,87.09,84.88,85.26,52430167,80.4539974213,80.6763228027,78.6290765817,78.981091769,52430167,0.0,1.0
2017-12-18 00:00:00+00:00,86.38,87.4999,86.23,87.12,21551076,80.0186102159,81.0560360272,79.8796568525,80.7041134754,21551076,0.0,1.0
2017-12-19 00:00:00+00:00,85.83,86.35,85.27,86.35,23241979,79.50911455,79.9908195432,78.9903553266,79.9908195432,23241979,0.0,1.0
2017-12-20 00:00:00+00:00,85.52,86.3,84.71,86.2,23425009,79.2219442656,79.9445017554,78.4715961031,79.8518661798,23425009,0.0,1.0
2017-12-21 00:00:00+00:00,85.5,86.1,85.4,86.05,16638402,79.2034171505,79.7592306042,79.1107815749,79.7129128163,16638402,0.0,1.0
2017-12-22 00:00:00+00:00,85.51,85.63,84.92,85.4,14033977,79.212680708,79.3238433988,78.6661308119,79.1107815749,14033977,0.0,1.0
2017-12-26 00:00:00+00:00,85.4,85.53,85.03,85.31,9737412,79.1107815749,79.2312078232,78.7680299451,79.0274095568,9737412,0.0,1.0
2017-12-27 00:00:00+00:00,85.71,85.98,85.22,85.65,13000828,79.3979518593,79.6480679134,78.9440375387,79.3423705139,13000828,0.0,1.0
2017-12-28 00:00:00+00:00,85.72,85.93,85.55,85.9,9872795,79.4072154168,79.6017501256,79.2497349383,79.5739594529,9872795,0.0,1.0
2017-12-29 00:00:00+00:00,85.54,86.05,85.5,85.63,18162779,79.2404713807,79.7129128163,79.2034171505,79.3238433988,18162779,0.0,1.0
2018-01-02 00:00:00+00:00,85.95,86.31,85.5,86.13,21993101,79.6202772407,79.9537653129,79.2034171505,79.7870212768,21993101,0.0,1.0
2018-01-03 00:00:00+00:00,86.35,86.51,85.97,86.06,24173064,79.9908195432,80.1390364642,79.6388043559,79.7221763739,24173064,0.0,1.0
2018-01-04 00:00:00+00:00,87.11,87.66,86.57,86.59,21145985,80.6948499179,81.2043455837,80.1946178095,80.2131449247,21145985,0.0,1.0
2018-01-05 00:00:00+00:00,88.19,88.41,87.43,87.66,22526563,81.6953141345,81.8991124008,80.9912837598,81.2043455837,22526563,0.0,1.0
2018-01-08 00:00:00+00:00,88.28,88.58,87.6,88.2,20293930,81.7786861526,82.0565928794,81.1487642384,81.7045776921,20293930,0.0,1.0
2018-01-09 00:00:00+00:00,88.22,88.73,87.86,88.65,19390427,81.7231048072,82.1955462428,81.389616735,82.1214377823,19390427,0.0,1.0
2018-01-10 00:00:00+00:00,87.82,88.19,87.41,87.86,18129153,81.3525625047,81.6953141345,80.9727566447,81.389616735,18129153,0.0,1.0
2018-01-11 00:00:00+00:00,88.08,88.13,87.24,88.13,16529868,81.5934150013,81.6397327891,80.8152761662,81.6397327891,16529868,0.0,1.0
2018-01-12 00:00:00+00:00,89.6,89.78,88.45,88.67,24000439,83.0014757507,83.1682197868,81.9361666311,82.1399648974,24000439,0.0,1.0
2018-01-16 00:00:00+00:00,88.35,90.79,88.01,90.1,35945428,81.8435310555,84.1038391005,81.5285700984,83.4646536287,35945428,0.0,1.0
2018-01-17 00:00:00+00:00,90.14,90.28,88.75,89.08,24659472,83.501707859,83.6313976648,82.2140733579,82.5197707575,24659472,0.0,1.0
2018-01-18 00:00:00+00:00,90.1,90.67,89.66,89.8,22931303,83.4646536287,83.9926764097,83.057057096,83.1867469019,22931303,0.0,1.0
2018-01-19 00:00:00+00:00,90.0,90.61,89.66,90.14,34896964,83.3720180531,83.9370950644,83.057057096,83.501707859,34896964,0.0,1.0
2018-01-22 00:00:00+00:00,91.61,91.62,89.74,90.0,23190700,84.8634508205,84.8727143781,83.1311655565,83.3720180531,23190700,0.0,1.0
2018-01-23 00:00:00+00:00,91.9,92.3,91.54,91.9,22283365,85.1320939898,85.5026362923,84.7986059176,85.1320939898,22283365,0.0,1.0
2018-01-24 00:00:00+00:00,91.82,93.43,91.58,92.55,32107765,85.0579855293,86.5494182967,84.8356601478,85.7342252313,32107765,0.0,1.0
2018-01-25 00:00:00+00:00,92.33,93.24,91.93,92.47,23983094,85.5304269649,86.373410703,85.1598846625,85.6601167708,23983094,0.0,1.0
2018-01-26 00:00:00+00:00,94.06,94.06,92.58,93.12,26348999,87.1330224231,87.1330224231,85.762015904,86.2622480123,26348999,0.0,1.0
2018-01-29 00:00:00+00:00,93.92,95.45,93.72,95.14,30409620,87.0033326172,88.4206569241,86.818061466,88.1334866397,30409620,0.0,1.0
2018-01-30 00:00:00+00:00,92.74,93.66,92.1,93.3,34153798,85.910232825,86.7624801206,85.317365141,86.4289920484,34153798,0.0,1.0
2018-01-31 00:00:00+00:00,95.01,95.4,93.51,93.75,44284284,88.0130603914,88.3743391363,86.6235267572,86.8458521387,44284284,0.0,1.0
2018-02-01 00:00:00+00:00,94.26,96.07,93.58,94.79,46645657,87.3182935743,88.9949974929,86.6883716601,87.8092621251,46645657,0.0,1.0
2018-02-02 00:00:00+00:00,91.78,93.97,91.5,93.64,47076959,85.0209312991,87.049650405,84.7615516873,86.7439530055,47076959,0.0,1.0
2018-02-05 00:00:00+00:00,88.0,93.24,88.0,90.56,42253469,81.5193065408,86.373410703,81.5193065408,83.8907772766,42253469,0.0,1.0
2018-02-06 00:00:00+00:00,91.33,91.48,85.25,86.89,66157030,84.6040712088,84.7430245722,78.9718282114,80.4910516515,66157030,0.0,1.0
2018-02-07 00:00:00+00:00,89.61,91.77,89.2,90.49,40340551,83.0107393082,85.0116677415,82.6309334482,83.8259323736,40340551,0.0,1.0
2018-02-08 00:00:00+00:00,85.01,89.88,84.76,89.71,47485202,78.74950283,83.2608553624,78.5179138909,83.1033748838,47485202,0.0,1.0
2018-02-09 00:00:00+00:00,88.18,88.93,83.83,86.3,57408480,81.6860505769,82.380817394,77.6564030377,79.9445017554,57408480,0.0,1.0
2018-02-12 00:00:00+00:00,89.13,89.78,87.93,88.74,35501368,82.5660885453,83.1682197868,81.4544616379,82.2048098004,35501368,0.0,1.0
2018-02-13 00:00:00+00:00,89.83,90.0,87.8,88.93,26200053,83.2145375746,83.3720180531,81.3340353896,82.380817394,26200053,0.0,1.0
2018-02-14 00:00:00+00:00,90.81,90.99,88.41,88.51,34314101,84.5114356332,84.6789508673,82.2778991777,82.3709631967,34314101,0.42,1.0
2018-02-15 00:00:00+00:00,92.66,92.72,90.62,91.21,27407914,86.2331199843,86.2889583956,84.3346139971,84.8836917091,27407914,0.0,1.0
2018-02-16 00:00:00+00:00,92.0,93.5,91.8,92.45,30188535,85.618897459,87.0148577437,85.4327694211,86.0376855444,30188535,0.0,1.0
2018-02-20 00:00:00+00:00,92.72,93.06,91.01,91.48,30107057,86.2889583956,86.6053760602,84.6975636711,85.1349645603,30107057,0.0,1.0
2018-02-21 00:00:00+00:00,91.49,93.36,91.49,92.98,26081953,85.1442709622,86.8845681171,85.1442709622,86.530924845,26081953,0.0,1.0
2018-02-22 00:00:00+00:00,91.73,92.73,91.36,92.05,22723756,85.3676246078,86.2982647975,85.0232877376,85.6654294685,22723756,0.0,1.0
2018-02-23 00:00:00+00:00,94.06,94.07,92.36,93.6,25779955,87.5360162499,87.5453226518,85.9539279273,87.1079217626,25779955,0.0,1.0
2018-02-26 00:00:00+00:00,95.42,95.45,94.25,94.4,29760276,88.801686908,88.8296061137,87.712837886,87.8524339145,29760276,0.0,1.0
2018-02-27 00:00:00+00:00,94.2,95.84,94.2,95.74,25540755,87.6663058765,89.1925557877,87.6663058765,89.0994917688,25540755,0.0,1.0
2018-02-28 00:00:00+00:00,93.77,95.71,93.63,94.84,29314525,87.2661305949,89.0715725631,87.1358409683,88.261915598,29314525,0.0,1.0
2018-03-01 00:00:00+00:00,92.85,94.57,91.84,93.99,37135561,86.4099416203,88.0106427467,85.4699950286,87.4708714367,37135561,0.0,1.0
2018-03-02 00:00:00+00:00,93.05,93.15,90.86,91.58,32830389,86.5960696583,86.6891336772,84.5579676427,85.2280285793,32830389,0.0,1.0
2018-03-05 00:00:00+00:00,93.64,94.27,92.26,92.34,23901578,87.1451473702,87.7314506898,85.8608639084,85.9353151235,23901578,0.0,1.0
2018-03-06 00:00:00+00:00,93.32,94.49,92.94,94.34,22175776,86.8473425095,87.9361915315,86.4936992374,87.7965955031,22175776,0.0,1.0
2018-03-07 00:00:00+00:00,93.86,93.94,92.43,93.16,26716127,87.349888212,87.4243394272,86.0190727406,86.6984400791,26716127,0.0,1.0
2018-03-08 00:00:00+00:00,94.43,95.1,93.77,94.27,24861307,87.8803531202,88.5038820473,87.2661305949,87.7314506898,24861307,0.0,1.0
2018-03-09 00:00:00+00:00,96.54,96.54,95.0,95.29,36145524,89.8440039206,89.8440039206,88.4108180283,88.6807036834,36145524,0.0,1.0
2018-03-12 00:00:00+00:00,96.77,97.21,96.04,96.5,25333720,90.0580511642,90.4675328477,89.3786838257,89.806778313,25333720,0.0,1.0
2018-03-13 00:00:00+00:00,94.41,97.24,93.97,97.0,34445391,87.8617403164,90.4954520534,87.4522586329,90.2720984079,34445391,0.0,1.0
2018-03-14 00:00:00+00:00,93.85,95.41,93.5,95.12,31576898,87.3405818101,88.7923805061,87.0148577437,88.5224948511,31576898,0.0,1.0
2018-03-15 00:00:00+00:00,94.18,94.58,92.83,93.53,26279014,87.6476930727,88.0199491486,86.3913288165,87.0427769494,26279014,0.0,1.0
2018-03-16 00:00:00+00:00,94.6,95.38,93.92,94.68,47329521,88.0385619524,88.7644613004,87.4057266234,88.1130131676,47329521,0.0,1.0
2018-03-19 00:00:00+00:00,92.89,93.9,92.11,93.74,31752589,86.4471672279,87.3871138196,85.7212678799,87.2382113892,31752589,0.0,1.0
2018-03-20 00:00:00+00:00,93.13,93.77,93.0,93.05,21787780,86.6705208735,87.2661305949,86.5495376488,86.5960696583,21787780,0.0,1.0
2018-03-21 00:00:00+00:00,92.48,94.05,92.21,92.93,23753263,86.0656047501,87.526709848,85.8143318989,86.4843928355,23753263,0.0,1.0
2018-03-22 00:00:00+00:00,89.79,91.75,89.66,91.27,37578166,83.5621826396,85.3862374116,83.4411994149,84.9395301205,37578166,0.0,1.0
2018-03-23 00:00:00+00:00,87.18,90.46,87.08,89.5,42159397,81.1332117443,84.1857115668,81.0401477253,83.2922969846,42159397,0.0,1.0
2018-03-26 00:00:00+00:00,93.78,94.0,90.4,90.61,55031149,87.2754369968,87.4801778386,84.1298731554,84.3253075952,55031149,0.0,1.0
2018-03-27 00:00:00+00:00,89.47,95.14,88.51,94.94,53704562,83.2643777789,88.5411076549,82.3709631967,88.3549796169,53704562,0.0,1.0
2018-03-28 00:00:00+00:00,89.39,91.23,88.87,89.82,52501146,83.1899265637,84.9023045129,82.705993665,83.5901018453,52501146,0.0,1.0
2018-03-29 00:00:00+00:00,91.27,92.29,88.4,90.18,45867548,84.9395301205,85.888783114,82.2685927758,83.9251323136,45867548,0.0,1.0
2018-04-02 00:00:00+00:00,88.52,90.88,87.51,90.47,48515417,82.3802695986,84.5765804465,81.4403230069,84.1950179687,48515417,0.0,1.0
2018-04-03 00:00:00+00:00,89.71,90.05,87.89,89.58,37213837,83.4877314244,83.804149089,81.793966279,83.3667481998,37213837,0.0,1.0
2018-04-04 00:00:00+00:00,92.33,92.76,87.73,87.85,35559956,85.9260087216,86.3261840032,81.6450638487,81.7567406715,35559956,0.0,1.0
2018-04-05 00:00:00+00:00,92.38,93.07,91.4,92.44,29771881,85.9725407311,86.6146824621,85.0605133451,86.0283791425,29771881,0.0,1.0
2018-04-06 00:00:00+00:00,90.23,92.46,89.48,91.49,38026000,83.9716643231,86.0469919463,83.2736841808,85.1442709622,38026000,0.0,1.0
2018-04-09 00:00:00+00:00,90.77,93.17,90.62,91.04,31533943,84.4742100256,86.707746481,84.3346139971,84.7254828768,31533943,0.0,1.0
2018-04-10 00:00:00+00:00,92.88,93.28,91.64,92.39,26939883,86.437860826,86.8101169019,85.2838669907,85.981847133,26939883,0.0,1.0
2018-04-11 00:00:00+00:00,91.86,93.29,91.48,92.01,24872110,85.4886078324,86.8194233038,85.1349645603,85.6282038609,24872110,0.0,1.0
2018-04-12 00:00:00+00:00,93.58,94.16,92.43,92.43,26758879,87.0893089588,87.6290802689,86.0190727406,86.0190727406,26758879,0.0,1.0
2018-04-13 00:00:00+00:00,93.08,94.18,92.44,94.05,23346063,86.623988864,87.6476930727,86.0283791425,87.526709848,23346063,0.0,1.0
2018-04-16 00:00:00+00:00,94.17,94.66,93.42,94.07,20288083,87.6383866708,88.0944003638,86.9404065285,87.5453226518,20288083,0.0,1.0
2018-04-17 00:00:00+00:00,96.07,96.54,94.88,95.0,26771000,89.4066030314,89.8440039206,88.2991412056,88.4108180283,26771000,0.0,1.0
2018-04-18 00:00:00+00:00,96.44,96.72,95.52,96.22,21043287,89.7509399016,90.0115191547,88.894750927,89.5461990598,21043287,0.0,1.0
2018-04-19 00:00:00+00:00,96.11,97.07,95.34,96.44,23552541,89.443828639,90.3372432212,88.7272356928,89.7509399016,23552541,0.0,1.0
2018-04-20 00:00:00+00:00,95.0,96.11,94.05,95.91,31154377,88.4108180283,89.443828639,87.526709848,89.257700601,31154377,0.0,1.0
2018-04-23 00:00:00+00:00,95.35,96.29,94.63,95.74,22331829,88.7365420947,89.6113438731,88.0664811581,89.0994917688,22331829,0.0,1.0
2018-04-24 00:00:00+00:00,93.12,96.47,92.41,96.24,34524799,86.6612144716,89.7788591073,86.0004599368,89.5648118636,34524799,0.0,1.0
2018-04-25 00:00:00+00:00,92.31,93.3,90.28,93.3,33729257,85.9073959178,86.8287297057,84.0181963326,86.8287297057,33729257,0.0,1.0
2018-04-26 00:00:00+00:00,94.26,95.15,93.1,93.55,42529043,87.7221442879,88.5504140568,86.6426016678,87.0613897532,42529043,0.0,1.0
2018-04-27 00:00:00+00:00,95.82,97.9,93.91,97.6,48272780,89.1739429839,91.1096745787,87.3964202215,90.8304825217,48272780,0.0,1.0
2018-04-30 00:00:00+00:00,93.52,96.4,93.15,96.33,41523605,87.0334705475,89.713714294,86.6891336772,89.6485694807,41523605,0.0,1.0
2018-05-01 00:00:00+00:00,95.0,95.29,92.79,93.21,31408927,88.4108180283,88.6807036834,86.3541032089,86.7449720886,31408927,0.0,1.0
2018-05-02 00:00:00+00:00,93.51,95.17,93.19,94.99,27471002,87.0241641456,88.5690268606,86.7263592848,88.4015116264,27471002,0.0,1.0
2018-05-03 00:00:00+00:00,94.07,94.93,92.45,92.96,31142497,87.5453226518,88.345673215,86.0376855444,86.5123120412,31142497,0.0,1.0
2018-05-04 00:00:00+00:00,95.16,95.37,92.92,93.32,22531325,88.5597204587,88.7551548985,86.4750864336,86.8473425095,22531325,0.0,1.0
2018-05-07 00:00:00+00:00,96.22,96.71,95.1,95.17,24242019,89.5461990598,90.0022127528,88.5038820473,88.5690268606,24242019,0.0,1.0
2018-05-08 00:00:00+00:00,95.81,96.16,95.06,95.85,23484589,89.164636582,89.4903606485,88.4666564397,89.2018621896,23484589,0.0,1.0
2018-05-09 00:00:00+00:00,96.94,96.97,95.05,96.01,27327410,90.2162599965,90.2441792022,88.4573500378,89.35076462,27327410,0.0,1.0
2018-05-10 00:00:00+00:00,97.91,97.95,97.05,97.46,22388119,91.1189809806,91.1562065882,90.3186304174,90.7001928952,22388119,0.0,1.0
2018-05-11 00:00:00+00:00,97.7,97.87,97.04,97.8,16778316,90.9235465407,91.081755373,90.3093240155,91.0166105597,16778316,0.0,1.0
2018-05-14 00:00:00+00:00,98.03,98.69,97.31,97.92,19454124,91.2306578033,91.8448803286,90.5605968667,91.1282873825,19454124,0.0,1.0
2018-05-15 00:00:00+00:00,97.32,97.85,96.34,97.24,24594010,90.5699032686,91.0631425692,89.6578758826,90.4954520534,24594010,0.0,1.0
2018-05-16 00:00:00+00:00,97.15,97.4,96.62,97.36,17384742,90.802563316,91.0362292021,90.3071916376,90.9988426603,17384742,0.42,1.0
2018-05-17 00:00:00+00:00,96.18,97.54,95.83,96.76,17246716,89.8959396782,91.1670820983,89.5688074377,90.4380445338,17246716,0.0,1.0
2018-05-18 00:00:00+00:00,96.36,96.93,96.01,96.01,17865840,90.0641791161,90.5969373363,89.7370468757,89.7370468757,17865840,0.0,1.0
2018-05-21 00:00:00+00:00,97.6,98.01,96.8,97.0,19422467,91.2231619109,91.606373964,90.4754310756,90.6623637844,19422467,0.0,1.0
2018-05-22 00:00:00+00:00,97.5,98.17,97.2,97.68,15441189,91.1296955565,91.7559201311,90.8492964932,91.2979349944,15441189,0.0,1.0
2018-05-23 00:00:00+00:00,98.66,98.73,96.32,96.71,21251222,92.2139052677,92.2793317158,90.0267925744,90.3913113566,21251222,0.0,1.0
2018-05-24 00:00:00+00:00,98.31,98.94,96.81,98.73,26649287,91.8867730273,92.4756110601,90.484777711,92.2793317158,26649287,0.0,1.0
2018-05-25 00:00:00+00:00,98.36,98.98,97.86,98.3,18363918,91.9335062045,92.5129976019,91.4661744324,91.8774263918,18363918,0.0,1.0
2018-05-29 00:00:00+00:00,98.01,98.88,97.23,97.84,28670981,91.606373964,92.4195312475,90.8773363996,91.4474811615,28670981,0.0,1.0
2018-05-30 00:00:00+00:00,98.95,99.25,97.91,98.31,22158528,92.4849576955,92.7653567588,91.5129076096,91.8867730273,22158528,0.0,1.0
2018-05-31 00:00:00+00:00,98.84,99.99,98.61,99.29,34140891,92.3821447057,93.4570077815,92.1671720905,92.8027433006,34140891,0.0,1.0
2018-06-01 00:00:00+00:00,100.79,100.86,99.17,99.28,28655624,94.2047386168,94.2701650649,92.6905836753,92.7933966651,28655624,0.0,1.0
2018-06-04 00:00:00+00:00,101.67,101.86,100.85,101.26,27281623,95.0272425357,95.2048286091,94.2608184295,94.6440304826,27281623,0.0,1.0
2018-06-05 00:00:00+00:00,102.19,102.33,101.53,102.0,23514402,95.5132675787,95.6441204748,94.8963896395,95.3356815053,23514402,0.0,1.0
2018-06-06 00:00:00+00:00,102.49,102.6,101.9,102.48,21122917,95.7936666419,95.8964796318,95.2422151508,95.7843200065,21122917,0.0,1.0
2018-06-07 00:00:00+00:00,100.88,102.69,100.38,102.65,28232197,94.2888583358,95.9805993507,93.8215265637,95.943212809,28232197,0.0,1.0
2018-06-08 00:00:00+00:00,101.63,101.95,100.54,101.09,22165128,94.9898559939,95.2889483281,93.9710727308,94.4851376801,22165128,0.0,1.0
2018-06-11 00:00:00+00:00,101.05,101.59,100.67,101.01,23490894,94.4477511383,94.9524694521,94.0925789915,94.4103645965,23490894,0.0,1.0
2018-06-12 00:00:00+00:00,101.31,101.45,100.75,101.1,18325228,94.6907636598,94.821616556,94.167352075,94.4944843155,18325228,0.0,1.0
2018-06-13 00:00:00+00:00,100.85,102.01,100.56,101.72,29492875,94.2608184295,95.3450281407,93.9897660017,95.0739757129,29492875,0.0,1.0
2018-06-14 00:00:00+00:00,101.42,102.03,101.0,101.65,25691811,94.7935766496,95.3637214116,94.4010179611,95.0085492648,25691811,0.0,1.0
2018-06-15 00:00:00+00:00,100.13,101.53,100.07,101.51,65738585,93.5878606777,94.8963896395,93.531780865,94.8776963686,65738585,0.0,1.0
2018-06-18 00:00:00+00:00,100.86,101.11,99.42,100.01,23586037,94.2701650649,94.5038309509,92.9242495613,93.4757010524,23586037,0.0,1.0
2018-06-19 00:00:00+00:00,100.86,101.0,99.5,99.65,28653087,94.2701650649,94.4010179611,92.9990226448,93.1392221765,28653087,0.0,1.0
2018-06-20 00:00:00+00:00,101.87,102.52,101.12,101.37,26180792,95.2141752445,95.8217065482,94.5131775864,94.7468434724,26180792,0.0,1.0
2018-06-21 00:00:00+00:00,101.14,102.46,100.88,102.08,23198188,94.5318708573,95.7656267356,94.2888583358,95.4104545888,23198188,0.0,1.0
2018-06-22 00:00:00+00:00,100.41,100.77,99.63,100.41,38923105,93.84956647,94.1860453459,93.1205289056,93.84956647,38923105,0.0,1.0
2018-06-25 00:00:00+00:00,98.39,100.11,97.3,100.0,35433333,91.9615461108,93.5691674068,90.9427628477,93.4663544169,35433333,0.0,1.0
2018-06-26 00:00:00+00:00,99.08,100.08,98.75,98.82,26897244,92.6064639563,93.5411275005,92.2980249867,92.3634514348,26897244,0.0,1.0
2018-06-27 00:00:00+00:00,97.54,100.02,97.4,99.58,31298386,91.1670820983,93.4850476878,91.0362292021,93.0737957284,31298386,0.0,1.0
2018-06-28 00:00:00+00:00,98.63,99.11,97.26,97.38,26650671,92.1858653614,92.6345038626,90.9053763059,91.0175359312,26650671,0.0,1.0
2018-06-29 00:00:00+00:00,98.61,99.91,98.33,98.93,28053214,92.1671720905,93.3822346979,91.9054662982,92.4662644247,28053214,0.0,1.0
2018-07-02 00:00:00+00:00,100.01,100.06,98.0,98.1,19564521,93.4757010524,93.5224342296,91.5970273286,91.690493683,19564521,0.0,1.0
2018-07-03 00:00:00+00:00,99.05,100.63,98.94,100.48,14670275,92.57842405,94.0551924497,92.4756110601,93.9149929181,14670275,0.0,1.0
2018-07-05 00:00:00+00:00,99.76,99.92,99.03,99.5,18977402,93.2420351663,93.3915813334,92.5597307791,92.9990226448,18977402,0.0,1.0
2018-07-06 00:00:00+00:00,101.16,101.43,99.67,99.89,19234627,94.5505641282,94.8029232851,93.1579154473,93.3635414271,19234627,0.0,1.0
2018-07-09 00:00:00+00:00,101.85,102.25,101.25,101.65,18211980,95.1954819736,95.5693473913,94.6346838471,95.0085492648,18211980,0.0,1.0
2018-07-10 00:00:00+00:00,102.12,102.51,101.86,102.0,19293140,95.4478411306,95.8123599128,95.2048286091,95.3356815053,19293140,0.0,1.0
2018-07-11 00:00:00+00:00,101.98,102.34,101.1,101.15,19644648,95.3169882344,95.6534671103,94.4944843155,94.5412174927,19644648,0.0,1.0
2018-07-12 00:00:00+00:00,104.19,104.41,102.73,102.77,24335929,97.382594667,97.5882206467,96.0179858925,96.0553724343,24335929,0.0,1.0
2018-07-13 00:00:00+00:00,105.43,105.6,104.09,104.37,24653500,98.5415774618,98.7004702643,97.2891283126,97.5508341049,24653500,0.0,1.0
2018-07-16 00:00:00+00:00,104.91,105.82,104.52,105.4,21786912,98.0555524188,98.906096244,97.6910336366,98.5135375554,21786912,0.0,1.0
2018-07-17 00:00:00+00:00,105.95,106.5,104.32,104.61,25901726,99.0276025047,99.541667454,97.5041009277,97.7751533555,25901726,0.0,1.0
2018-07-18 00:00:00+00:00,105.12,106.05,104.72,105.94,29493927,98.2518317631,99.1210688591,97.8779663454,99.0182558693,29493927,0.0,1.0
2018-07-19 00:00:00+00:00,104.4,105.31,103.89,104.93,40171646,97.5788740113,98.4294178365,97.1021956037,98.0742456897,40171646,0.0,1.0
2018-07-20 00:00:00+00:00,106.27,108.2,106.08,108.08,56038827,99.3266948389,101.1305954791,99.1491087655,101.0184358538,56038827,0.0,1.0
2018-07-23 00:00:00+00:00,107.97,108.14,106.13,106.3,29706955,100.915622864,101.0745156665,99.1958419427,99.3547347452,29706955,0.0,1.0
2018-07-24 00:00:00+00:00,107.66,108.82,107.26,108.57,26316619,100.6258771653,101.7100868765,100.2520117476,101.4764209905,26316619,0.0,1.0
2018-07-25 00:00:00+00:00,110.83,111.15,107.6,107.96,30798058,103.5887606003,103.8878529344,100.5697973526,100.9062762285,30798058,0.0,1.0
2018-07-26 00:00:00+00:00,109.62,111.0,109.5,110.74,31372110,102.4578177118,103.7476534028,102.3456580865,103.5046408813,31372110,0.0,1.0
2018-07-27 00:00:00+00:00,107.68,110.18,106.14,110.18,37005292,100.6445704361,102.9812292966,99.2051885781,102.9812292966,37005292,0.0,1.0
2018-07-30 00:00:00+00:00,105.37,107.53,104.76,107.19,34668327,98.4854976491,100.5043709045,97.9153528872,100.1865852995,34668327,0.0,1.0
2018-07-31 00:00:00+00:00,106.08,106.72,105.38,106.49,27655152,99.1491087655,99.7472934337,98.4948442846,99.5323208186,27655152,0.0,1.0
2018-08-01 00:00:00+00:00,106.28,106.45,105.42,106.03,23628699,99.3360414743,99.4949342768,98.5322308263,99.1023755883,23628699,0.0,1.0
2018-08-02 00:00:00+00:00,107.57,108.09,104.84,105.4,26104258,100.5417574463,101.0277824893,97.9901259707,98.5135375554,26104258,0.0,1.0
2018-08-03 00:00:00+00:00,108.04,108.05,106.82,107.8,18659599,100.981049312,100.9903959475,99.8407597882,100.7567300614,18659599,0.0,1.0
2018-08-06 00:00:00+00:00,108.13,108.42,107.56,108.12,20265947,101.065169031,101.3362214588,100.5324108108,101.0558223956,20265947,0.0,1.0
2018-08-07 00:00:00+00:00,108.88,109.1,108.17,108.56,16080214,101.7661666891,101.9717926689,101.1025555728,101.467074355,16080214,0.0,1.0
2018-08-08 00:00:00+00:00,109.49,109.75,108.76,109.33,15487502,102.3363114511,102.5793239726,101.6540070638,102.186765284,15487502,0.0,1.0
2018-08-09 00:00:00+00:00,109.67,110.16,109.6,109.71,13677211,102.504550889,102.9625360257,102.4391244409,102.5419374308,13677211,0.0,1.0
2018-08-10 00:00:00+00:00,109.0,109.69,108.38,109.42,18183724,101.8783263144,102.5232441599,101.2988349171,102.270885003,18183724,0.0,1.0
2018-08-13 00:00:00+00:00,108.21,109.58,108.1,109.24,18474884,101.1399421145,102.4204311701,101.0371291247,102.102645565,18474884,0.0,1.0
2018-08-14 00:00:00+00:00,109.56,109.75,108.04,108.56,16788314,102.4017378992,102.5793239726,100.981049312,101.467074355,16788314,0.0,1.0
2018-08-15 00:00:00+00:00,107.66,108.99,106.82,108.49,29982806,101.0184358538,102.2663879222,100.2302556001,101.7972330093,29982806,0.42,1.0
2018-08-16 00:00:00+00:00,107.64,108.86,107.3,108.3,21384289,100.9996696573,102.1444076449,100.6806443165,101.6189541424,21384289,0.0,1.0
2018-08-17 00:00:00+00:00,107.58,107.9,106.69,107.36,18061512,100.9433710677,101.243630212,100.1082753227,100.736942906,18061512,0.0,1.0
2018-08-20 00:00:00+00:00,106.87,107.9,106.48,107.51,17914201,100.2771710914,101.243630212,99.9112302593,100.8776893799,17914201,0.0,1.0
2018-08-21 00:00:00+00:00,105.98,107.35,105.85,106.92,22881861,99.4420753463,100.7275598078,99.320095069,100.3240865827,22881861,0.0,1.0
2018-08-22 00:00:00+00:00,107.06,107.34,105.78,105.85,18000639,100.4554499583,100.7181767095,99.2544133812,99.320095069,18000639,0.0,1.0
2018-08-23 00:00:00+00:00,107.56,108.18,106.87,107.15,18167723,100.9246048712,101.5063569633,100.2771710914,100.5398978426,18167723,0.0,1.0
2018-08-24 00:00:00+00:00,108.4,108.56,107.56,107.67,17234020,101.712785125,101.8629146971,100.9246048712,101.0278189521,17234020,0.0,1.0
2018-08-27 00:00:00+00:00,109.6,109.64,108.51,109.27,19662331,102.838756916,102.876289309,101.8159992058,102.5291146735,19662331,0.0,1.0
2018-08-28 00:00:00+00:00,110.26,110.5,109.79,109.94,19151528,103.4580414011,103.6832357593,103.0170357829,103.1577822568,19151528,0.0,1.0
2018-08-29 00:00:00+00:00,112.02,112.03,110.27,110.45,20818044,105.1094666946,105.1188497929,103.4674244993,103.636320268,20818044,0.0,1.0
2018-08-30 00:00:00+00:00,111.95,112.61,111.44,111.67,22798702,105.0437850068,105.6630694919,104.5652469956,104.7810582556,22798702,0.0,1.0
2018-08-31 00:00:00+00:00,112.33,112.78,111.52,111.69,23222713,105.4003427406,105.8225821623,104.6403117817,104.7998244521,23222713,0.0,1.0
2018-09-04 00:00:00+00:00,111.71,111.96,110.22,110.85,22634641,104.8185906486,105.0531681051,103.4205090081,104.0116441984,22634641,0.0,1.0
2018-09-05 00:00:00+00:00,108.49,111.42,108.1,111.01,32872352,101.7972330093,104.5464807991,101.4312921772,104.1617737705,32872352,0.0,1.0
2018-09-06 00:00:00+00:00,108.74,108.99,107.51,108.25,23477624,102.0318104658,102.2663879222,100.8776893799,101.5720386511,23477624,0.0,1.0
2018-09-07 00:00:00+00:00,108.21,108.72,107.23,108.23,22498646,101.534506258,102.0130442692,100.6149626287,101.5532724546,22498646,0.0,1.0
2018-09-10 00:00:00+00:00,109.38,109.64,108.36,108.84,20727906,102.6323287543,102.876289309,101.6752527319,102.1256414483,20727906,0.0,1.0
2018-09-11 00:00:00+00:00,111.24,111.59,108.89,108.9,24301774,104.3775850304,104.7059934695,102.1725569396,102.1819400379,24301774,0.0,1.0
2018-09-12 00:00:00+00:00,111.71,111.85,110.51,111.43,18891064,104.8185906486,104.9499540242,103.6926188576,104.5558638974,18891064,0.0,1.0
2018-09-13 00:00:00+00:00,112.91,113.73,112.12,112.12,26055620,105.9445624397,106.7139764969,105.2032976772,105.2032976772,26055620,0.0,1.0
2018-09-14 00:00:00+00:00,113.37,113.73,112.44,113.36,19122349,106.3761849596,106.7139764969,105.5035568215,106.3668018613,19122349,0.0,1.0
2018-09-17 00:00:00+00:00,112.14,113.7,111.86,113.69,20736516,105.2220638737,106.6858272021,104.9593371225,106.6764441038,20736516,0.0,1.0
2018-09-18 00:00:00+00:00,113.21,113.7,111.72,112.19,22170934,106.2260553874,106.6858272021,104.8279737469,105.268979365,22170934,0.0,1.0
2018-09-19 00:00:00+00:00,111.7,113.32,111.04,113.05,21728429,104.8092075503,106.3292694683,104.1899230653,106.0759258153,21728429,0.0,1.0
2018-09-20 00:00:00+00:00,113.57,113.8,111.93,112.28,23714512,106.5638469247,106.7796581847,105.0250188103,105.3534272494,23714512,0.0,1.0
2018-09-21 00:00:00+00:00,114.26,115.29,113.51,114.0,71229698,107.2112807046,108.1777398252,106.5075483352,106.9673201499,71229698,0.0,1.0
2018-09-24 00:00:00+00:00,114.67,114.9,112.22,113.03,27334460,107.5959877332,107.8117989932,105.2971286598,106.0571596188,27334460,0.0,1.0
2018-09-25 00:00:00+00:00,114.45,115.1,113.75,114.8,22668014,107.3895595715,107.9994609583,106.7327426934,107.7179680106,22668014,0.0,1.0
2018-09-26 00:00:00+00:00,113.98,115.06,113.74,114.47,19352025,106.9485539533,107.9619285653,106.7233595951,107.408325768,19352025,0.0,1.0
2018-09-27 00:00:00+00:00,114.41,114.91,114.2,114.78,19091299,107.3520271785,107.8211820914,107.154982115,107.699201814,19091299,0.0,1.0
2018-09-28 00:00:00+00:00,114.37,114.57,113.68,114.19,21647811,107.3144947854,107.5021567506,106.6670610056,107.1455990168,21647811,0.0,1.0
2018-10-01 00:00:00+00:00,115.61,115.68,114.73,114.75,18883079,108.4779989695,108.5436806573,107.6522863228,107.6710525193,18883079,0.0,1.0
2018-10-02 00:00:00+00:00,115.15,115.84,114.44,115.3,20787239,108.0463764496,108.6938102295,107.3801764732,108.1871229235,20787239,0.0,1.0
2018-10-03 00:00:00+00:00,115.17,116.18,114.93,115.42,16648018,108.0651426461,109.0128355703,107.8399482879,108.2997201026,16648018,0.0,1.0
2018-10-04 00:00:00+00:00,112.79,114.76,111.63,114.61,34821717,105.8319652606,107.6804356175,104.7435258625,107.5396891436,34821717,0.0,1.0
2018-10-05 00:00:00+00:00,112.13,113.17,110.64,112.63,29068859,105.2126807755,106.1885229944,103.8145991349,105.6818356884,29068859,0.0,1.0
2018-10-08 00:00:00+00:00,110.85,112.03,109.34,111.66,29640588,104.0116441984,105.1188497929,102.5947963613,104.7716751573,29640588,0.0,1.0
2018-10-09 00:00:00+00:00,112.26,113.08,110.8,111.14,26198594,105.3346610528,106.1040751101,103.9647287071,104.2837540479,26198594,0.0,1.0
2018-10-10 00:00:00+00:00,106.16,111.5,105.79,111.24,61376300,99.610971115,104.6215455852,99.2637964794,104.3775850304,61376300,0.0,1.0
2018-10-11 00:00:00+00:00,105.91,108.93,104.2,105.35,63904282,99.3763936585,102.2100893327,97.7718838563,98.850940156,63904282,0.0,1.0
2018-10-12 00:00:00+00:00,109.57,111.24,107.12,109.01,47742109,102.8106076212,104.3775850304,100.5117485478,102.2851541187,47742109,0.0,1.0
2018-10-15 00:00:00+00:00,107.6,109.48,106.95,108.91,32068103,100.9621372643,102.7261597369,100.3522358774,102.1913231362,32068103,0.0,1.0
2018-10-16 00:00:00+00:00,111.0,111.41,108.95,109.54,31610164,104.1523906722,104.5370977008,102.2288555292,102.7824583265,31610164,0.0,1.0
2018-10-17 00:00:00+00:00,110.71,111.81,109.55,111.68,26548243,103.8802808227,104.9124216312,102.7918414247,104.7904413538,26548243,0.0,1.0
2018-10-18 00:00:00+00:00,108.5,110.53,107.83,110.1,32506192,101.8066161075,103.7113850541,101.1779485242,103.3079118289,32506192,0.0,1.0
2018-10-19 00:00:00+00:00,108.66,110.86,108.21,108.93,32785475,101.9567456797,104.0210272966,101.534506258,102.2100893327,32785475,0.0,1.0
2018-10-22 00:00:00+00:00,109.63,110.54,108.24,109.32,26545607,102.8669062108,103.7207681523,101.5626555528,102.5760301648,26545607,0.0,1.0
2018-10-23 00:00:00+00:00,108.1,108.97,105.11,107.77,43770429,101.4312921772,102.2476217257,98.6257457978,101.1216499347,43770429,0.0,1.0
2018-10-24 00:00:00+00:00,102.32,108.49,101.59,108.41,63897759,96.0078613836,101.7972330093,95.3228952107,101.7221682232,63897759,0.0,1.0
2018-10-25 00:00:00+00:00,108.3,109.27,106.15,106.55,61646819,101.6189541424,102.5291146735,99.6015880167,99.9769119471,61646819,0.0,1.0
2018-10-26 00:00:00+00:00,106.96,108.75,104.76,105.69,55523104,100.3616189757,102.041193564,98.2973373588,99.1699654968,55523104,0.0,1.0
2018-10-29 00:00:00+00:00,103.85,108.7,101.63,108.11,55162001,97.4434754172,101.9942780727,95.3604276038,101.4406752755,55162001,0.0,1.0
2018-10-30 00:00:00+00:00,103.73,104.38,100.11,103.66,65350878,97.3308782381,97.9407796249,93.9341966684,97.2651965503,65350878,0.0,1.0
2018-10-31 00:00:00+00:00,106.81,108.14,105.39,105.44,51062383,100.2208725018,101.4688245702,98.8884725491,98.9353880404,51062383,0.0,1.0
2018-11-01 00:00:00+00:00,105.92,107.32,105.53,107.05,33384201,99.3857767568,100.699410513,99.0198359247,100.44606686,33384201,0.0,1.0
2018-11-02 00:00:00+00:00,106.16,107.32,104.98,106.48,37680194,99.610971115,100.699410513,98.5037655205,99.9112302593,37680194,0.0,1.0
2018-11-05 00:00:00+00:00,107.51,107.74,105.9,106.37,27922144,100.8776893799,101.0935006399,99.3670105603,99.8080161784,27922144,0.0,1.0
2018-11-06 00:00:00+00:00,107.72,108.84,106.28,107.38,24340248,101.0747344434,102.1256414483,99.7235682941,100.7557091026,24340248,0.0,1.0
2018-11-07 00:00:00+00:00,111.96,112.24,109.4,109.44,37901704,105.0531681051,105.3158948563,102.6510949508,102.6886273439,37901704,0.0,1.0
2018-11-08 00:00:00+00:00,111.75,112.21,110.91,111.8,25644105,104.8561230416,105.2877455615,104.0679427879,104.9030385329,25644105,0.0,1.0
2018-11-09 00:00:00+00:00,109.57,111.45,108.76,110.85,32039223,102.8106076212,104.5746300939,102.0505766623,104.0116441984,32039223,0.0,1.0
2018-11-12 00:00:00+00:00,106.87,109.96,106.1,109.42,33621807,100.2771710914,103.1765484533,99.5546725254,102.6698611474,33621807,0.0,1.0
2018-11-13 00:00:00+00:00,106.94,108.74,106.64,107.55,35374583,100.3428527792,102.0318104658,100.0613598314,100.915221773,35374583,0.0,1.0
2018-11-14 00:00:00+00:00,104.97,108.26,104.47,108.1,39495141,98.9260049421,102.0265723067,98.4547940964,101.8757848361,39495141,0.46,1.0
2018-11-15 00:00:00+00:00,107.28,107.8,103.91,104.99,38505165,101.1029990491,101.5930583287,97.9270379493,98.9448533759,38505165,0.0,1.0
2018-11-16 00:00:00+00:00,108.29,108.88,106.8,107.08,33502121,102.0548449574,102.6108737553,100.6506366373,100.9145147109,33502121,0.0,1.0
2018-11-19 00:00:00+00:00,104.62,108.56,103.55,108.27,44773899,98.5961573501,102.3092988141,97.5877661404,102.0359965236,44773899,0.0,1.0
2018-11-20 00:00:00+00:00,101.71,102.97,99.35,101.8,64052457,95.8537102283,97.0411615594,93.6295950367,95.9385281805,64052457,0.0,1.0
2018-11-21 00:00:00+00:00,103.11,104.43,102.24,103.6,28130621,97.1731005962,98.4170972288,96.3531937247,97.6348872249,28130621,0.0,1.0
2018-11-23 00:00:00+00:00,103.07,103.8099,102.0,102.17,13823099,97.1354037285,97.832701538,96.1270125188,96.2872242063,13823099,0.0,1.0
2018-11-26 00:00:00+00:00,106.47,106.63,104.58,104.79,32336165,100.3396374791,100.4904249498,98.5584604825,98.7563690377,32336165,0.0,1.0
2018-11-27 00:00:00+00:00,107.14,107.33,105.36,106.27,29124486,100.9710600124,101.1501201337,99.2935494017,100.1511531409,29124486,0.0,1.0
2018-11-28 00:00:00+00:00,111.12,111.33,107.86,107.89,46788461,104.721898344,104.9198068992,101.6496036301,101.6778762809,46788461,0.0,1.0
2018-11-29 00:00:00+00:00,110.19,111.12,109.03,110.33,28123195,103.845446171,104.721898344,102.752237009,103.9773852078,28123195,0.0,1.0
2018-11-30 00:00:00+00:00,110.89,110.97,109.36,110.7,33665624,104.505141355,104.5805350903,103.0632361672,104.3260812336,33665624,0.0,1.0
2018-12-03 00:00:00+00:00,112.09,113.42,110.73,113.0,34732772,105.6360473846,106.8894682341,104.3543538843,106.4936511237,34732772,0.0,1.0
2018-12-04 00:00:00+00:00,108.52,112.64,108.21,111.94,45196984,102.2716019464,106.1543793148,101.9794512221,105.4946841309,45196984,0.0,1.0
2018-12-06 00:00:00+00:00,109.19,109.24,105.0,105.82,49107431,102.9030244796,102.9501455642,98.9542775928,99.7270633798,49107431,0.0,1.0
2018-12-07 00:00:00+00:00,104.82,109.45,104.3,108.38,45044937,98.7846416884,103.1480541194,98.2945824089,102.1396629096,45044937,0.0,1.0
2018-12-10 00:00:00+00:00,107.59,107.98,103.89,104.8,40801525,101.3951497735,101.7626942331,97.9081895154,98.7657932546,40801525,0.0,1.0
2018-12-11 00:00:00+00:00,108.59,110.95,107.44,109.8,42381947,102.3375714648,104.5616866564,101.2537865198,103.4779017114,42381947,0.0,1.0
2018-12-12 00:00:00+00:00,109.08,111.27,109.04,110.89,36183020,102.7993580936,104.8632615977,102.7616612259,104.505141355,36183020,0.0,1.0
2018-12-13 00:00:00+00:00,109.45,110.87,108.63,109.58,31333362,103.1480541194,104.4862929211,102.3752683325,103.2705689393,31333362,0.0,1.0
2018-12-14 00:00:00+00:00,106.03,109.26,105.5,108.25,47043136,99.9249719349,102.968993998,99.4254884385,102.0171480898,47043136,0.0,1.0
2018-12-17 00:00:00+00:00,102.89,105.8,101.71,105.41,56957314,96.9657678241,99.7082149459,95.8537102283,99.3406704863,56957314,0.0,1.0
2018-12-18 00:00:00+00:00,103.97,104.51,102.52,103.75,49319196,97.9835832507,98.4924909641,96.6170717983,97.7762504786,49319196,0.0,1.0
2018-12-19 00:00:00+00:00,103.69,106.88,101.35,103.65,68198186,97.7197051772,100.7260303726,95.5144384194,97.6820083095,68198186,0.0,1.0
2018-12-20 00:00:00+00:00,101.51,104.31,98.78,103.05,70334184,95.66522589,98.3040066258,93.0924146726,97.1165552947,70334184,0.0,1.0
2018-12-21 00:00:00+00:00,98.23,103.0,97.46,101.63,111242070,92.5740827423,97.0694342101,91.84841804,95.778316493,111242070,0.0,1.0
2018-12-24 00:00:00+00:00,94.13,97.97,93.98,97.68,43935192,88.7101538078,92.3290531026,88.5687905541,92.0557508121,43935192,0.0,1.0
2018-12-26 00:00:00+00:00,100.56,100.69,93.96,95.14,51634793,94.7699252832,94.8924401031,88.5499421202,89.661999716,51634793,0.0,1.0
2018-12-27 00:00:00+00:00,101.18,101.19,96.4,99.3,49498509,95.3542267318,95.3636509488,90.8494510471,93.5824739521,49498509,0.0,1.0
2018-12-28 00:00:00+00:00,100.39,102.41,99.52,102.09,38169312,94.6097135957,96.5134054122,93.7898067242,96.211830471,38169312,0.0,1.0
2018-12-31 00:00:00+00:00,101.57,102.4,100.44,101.29,33173765,95.7217711915,96.5039811953,94.6568346802,95.4578931179,33173765,0.0,1.0
2019-01-02 00:00:00+00:00,101.12,101.75,98.94,99.55,35329345,95.2976814304,95.8914070959,93.2432021432,93.8180793749,35329345,0.0,1.0
2019-01-03 00:00:00+00:00,97.4,100.19,97.2,100.1,42578410,91.7918727385,94.4212292574,91.6033884002,94.3364113052,42578410,0.0,1.0
2019-01-04 00:00:00+00:00,101.93,102.51,98.93,99.72,44060620,96.0610430004,96.6076475814,93.2337779263,93.9782910625,44060620,0.0,1.0
2019-01-07 00:00:00+00:00,102.06,103.27,100.98,101.64,35656136,96.1835578202,97.3238880668,95.1657423936,95.7877407099,35656136,0.0,1.0
2019-01-08 00:00:00+00:00,102.8,103.97,101.71,103.04,31514415,96.8809498719,97.9835832507,95.8537102283,97.1071310778,31514415,0.0,1.0
2019-01-09 00:00:00+00:00,104.27,104.88,103.24,103.86,32280840,98.2663097582,98.8411869899,97.2956154161,97.8799168647,32280840,0.0,1.0
2019-01-10 00:00:00+00:00,103.6,103.75,102.38,103.22,30067556,97.6348872249,97.7762504786,96.4851327615,97.2767669822,30067556,0.0,1.0
2019-01-11 00:00:00+00:00,102.8,103.44,101.64,103.19,28314202,96.8809498719,97.4840997543,95.7877407099,97.2484943315,28314202,0.0,1.0
2019-01-14 00:00:00+00:00,102.05,102.87,101.26,101.9,28437079,96.1741336033,96.9469193902,95.4296204672,96.0327703496,28437079,0.0,1.0
2019-01-15 00:00:00+00:00,105.01,105.05,101.88,102.51,31587616,98.9637018098,99.0013986774,96.0139219158,96.6076475814,31587616,0.0,1.0
2019-01-16 00:00:00+00:00,105.38,106.26,104.96,105.26,29853865,99.3123978356,100.141728924,98.9165807252,99.1993072326,29853865,0.0,1.0
2019-01-17 00:00:00+00:00,106.12,106.63,104.76,105.0,28393015,100.0097898872,100.4904249498,98.7280963869,98.9542775928,28393015,0.0,1.0
2019-01-18 00:00:00+00:00,107.71,107.9,105.91,107.46,37427587,101.5082403764,101.6873004978,99.811881332,101.2726349536,37427587,0.0,1.0
2019-01-22 00:00:00+00:00,105.68,107.1,104.86,106.75,32371253,99.595124343,100.9333631447,98.8223385561,100.6035155527,32371253,0.0,1.0
2019-01-23 00:00:00+00:00,106.71,107.04,105.34,106.12,25874294,100.5658186851,100.8768178432,99.2747009679,100.0097898872,25874294,0.0,1.0
2019-01-24 00:00:00+00:00,106.2,107.0,105.34,106.86,23164838,100.0851836225,100.8391209756,99.2747009679,100.7071819388,23164838,0.0,1.0
2019-01-25 00:00:00+00:00,107.17,107.88,106.2,107.24,31218193,100.9993326631,101.668452064,100.0851836225,101.0653021815,31218193,0.0,1.0
2019-01-28 00:00:00+00:00,105.08,106.48,104.66,106.26,29476719,99.0296713282,100.3490616961,98.6338542178,100.141728924,29476719,0.0,1.0
2019-01-29 00:00:00+00:00,102.94,104.97,102.17,104.88,31490547,97.0128889086,98.9260049421,96.2872242063,98.8411869899,31490547,0.0,1.0
2019-01-30 00:00:00+00:00,106.38,106.38,104.33,104.62,49471866,100.2548195269,100.2548195269,98.3228550596,98.5961573501,49471866,0.0,1.0
2019-01-31 00:00:00+00:00,104.43,105.22,103.18,103.8,55636391,98.4170972288,99.1616103649,97.2390701146,97.8233715632,55636391,0.0,1.0
2019-02-01 00:00:00+00:00,102.78,104.1,102.35,103.78,35535690,96.862101438,98.1060980706,96.4568601107,97.8045231294,35535690,0.0,1.0
2019-02-04 00:00:00+00:00,105.74,105.8,102.77,102.87,31315282,99.6516696445,99.7082149459,96.8526772211,96.9469193902,31315282,0.0,1.0
2019-02-05 00:00:00+00:00,107.22,107.27,105.96,106.06,27325365,101.0464537477,101.0935748322,99.8590024166,99.9532445857,27325365,0.0,1.0
2019-02-06 00:00:00+00:00,106.03,107.0,105.53,107.0,20609759,99.9249719349,100.8391209756,99.4537610893,100.8391209756,20609759,0.0,1.0
2019-02-07 00:00:00+00:00,105.27,105.59,104.29,105.19,29760697,99.2087314495,99.5103063907,98.285158192,99.1333377142,29760697,0.0,1.0
2019-02-08 00:00:00+00:00,105.67,105.78,104.26,104.39,21461093,99.5857001261,99.6893665121,98.2568855412,98.3794003611,21461093,0.0,1.0
2019-02-11 00:00:00+00:00,105.25,106.58,104.97,106.2,18914123,99.1898830157,100.4433038652,98.9260049421,100.0851836225,18914123,0.0,1.0
2019-02-12 00:00:00+00:00,106.89,107.14,105.48,106.14,25056595,100.7354545895,100.9710600124,99.4066400047,100.028638321,25056595,0.0,1.0
2019-02-13 00:00:00+00:00,106.81,107.78,106.71,107.5,18394869,100.6600608542,101.5742098948,100.5658186851,101.3103318212,18394869,0.0,1.0
2019-02-14 00:00:00+00:00,106.9,107.29,105.66,106.31,21784703,100.7448788064,101.1124232661,99.5762759091,100.1888500085,21784703,0.0,1.0
2019-02-15 00:00:00+00:00,108.22,108.3,107.36,107.91,26606886,101.988875439,102.0642691743,101.1783927845,101.6967247147,26606886,0.0,1.0
2019-02-19 00:00:00+00:00,108.17,108.66,107.78,107.79,18038460,101.9417543545,102.4035409832,101.5742098948,101.5836341117,18038460,0.0,1.0
2019-02-20 00:00:00+00:00,107.15,107.94,106.29,107.86,21607671,101.4139982073,102.1617075735,100.6000361125,102.0859901693,21607671,0.46,1.0
2019-02-21 00:00:00+00:00,109.41,109.48,106.87,106.9,29063231,103.553014875,103.6192676037,101.1489872927,101.1773813193,29063231,0.0,1.0
2019-02-22 00:00:00+00:00,110.97,111.2,109.82,110.05,27763218,105.0295042563,105.2471917933,103.9410665714,104.1587541084,27763218,0.0,1.0
2019-02-25 00:00:00+00:00,111.59,112.18,111.26,111.76,23750599,105.6163141386,106.1747299943,105.3039798464,105.7772136225,23750599,0.0,1.0
2019-02-26 00:00:00+00:00,112.36,113.24,111.17,111.26,21536733,106.3450941537,107.1779855996,105.2187977667,105.3039798464,21536733,0.0,1.0
2019-02-27 00:00:00+00:00,112.17,112.36,110.88,111.69,21487062,106.1652653188,106.3450941537,104.9443221766,105.7109608938,21487062,0.0,1.0
2019-02-28 00:00:00+00:00,112.03,112.88,111.73,112.04,29083934,106.0327598615,106.8372572808,105.7488195959,106.0422245371,29083934,0.0,1.0
2019-03-01 00:00:00+00:00,112.53,113.02,111.67,112.89,23501169,106.5059936376,106.9697627381,105.6920315428,106.8467219563,23501169,0.0,1.0
2019-03-04 00:00:00+00:00,112.26,113.25,110.8,113.02,26608014,106.2504473985,107.1874502751,104.8686047725,106.9697627381,26608014,0.0,1.0
2019-03-05 00:00:00+00:00,111.7,112.39,111.23,112.25,19538318,105.7204255693,106.3734881803,105.2755858199,106.240982723,19538318,0.0,1.0
2019-03-06 00:00:00+00:00,111.75,112.66,111.43,111.87,17686996,105.7677489469,106.6290344194,105.4648793303,105.8813250532,17686996,0.0,1.0
2019-03-07 00:00:00+00:00,110.39,111.55,109.87,111.4,25338954,104.4805530761,105.5784554365,103.988389949,105.4364853037,25338954,0.0,1.0
2019-03-08 00:00:00+00:00,110.51,110.71,108.8,109.16,22818430,104.5941291823,104.7834226928,102.9756696683,103.316397987,22818430,0.0,1.0
2019-03-11 00:00:00+00:00,112.83,112.95,110.98,110.99,26491618,106.7899339032,106.9035100095,105.0389689318,105.0484336074,26491618,0.0,1.0
2019-03-12 00:00:00+00:00,113.62,113.99,112.65,112.82,26132717,107.5376432694,107.8878362636,106.6195697438,106.7804692277,26132717,0.0,1.0
2019-03-13 00:00:00+00:00,114.5,115.0,113.78,114.13,35513771,108.3705347152,108.8437684913,107.6890780777,108.0203417209,35513771,0.0,1.0
2019-03-14 00:00:00+00:00,114.59,115.2,114.33,114.54,30763367,108.4557167949,109.0330620017,108.2096352314,108.4083934173,30763367,0.0,1.0
2019-03-15 00:00:00+00:00,115.91,117.25,114.59,115.34,54630661,109.7050539637,110.9733204835,108.4557167949,109.165567459,54630661,0.0,1.0
2019-03-18 00:00:00+00:00,117.57,117.61,116.05,116.17,31207596,111.2761901002,111.3140488022,109.837559421,109.9511355272,31207596,0.0,1.0
2019-03-19 00:00:00+00:00,117.65,118.44,116.99,118.09,37588697,111.3519075043,112.0996168705,110.7272389199,111.7683532272,37588697,0.0,1.0
2019-03-20 00:00:00+00:00,117.52,118.75,116.71,117.39,28113343,111.2288667226,112.3930218116,110.4622280054,111.1058259408,28113343,0.0,1.0
2019-03-21 00:00:00+00:00,120.22,120.82,117.09,117.14,29854446,113.7843291132,114.3522096445,110.8218856751,110.8692090528,29854446,0.0,1.0
2019-03-22 00:00:00+00:00,117.05,119.59,117.04,119.5,33624528,110.7840269731,113.1880545554,110.7745622975,113.1028724757,33624528,0.0,1.0
2019-03-25 00:00:00+00:00,117.66,118.01,116.32,116.56,27067117,111.3613721798,111.6926358231,110.09310566,110.3202578725,27067117,0.0,1.0
2019-03-26 00:00:00+00:00,117.91,118.71,116.85,118.62,26097665,111.5979890679,112.3551631095,110.5947334626,112.2699810299,26097665,0.0,1.0
2019-03-27 00:00:00+00:00,116.77,118.21,115.52,117.88,22733427,110.5190160585,111.8819293335,109.3359316184,111.5695950413,22733427,0.0,1.0
2019-03-28 00:00:00+00:00,116.93,117.58,116.13,117.44,18334755,110.6704508668,111.2856547757,109.9132768251,111.1531493184,18334755,0.0,1.0
2019-03-29 00:00:00+00:00,117.94,118.32,116.96,118.07,25399752,111.6263830944,111.9860407642,110.6988448934,111.7494238762,25399752,0.0,1.0
2019-04-01 00:00:00+00:00,119.02,119.11,118.1,118.95,22789103,112.6485680507,112.7337501304,111.7778179028,112.5823153221,22789103,0.0,1.0
2019-04-02 00:00:00+00:00,119.19,119.48,118.52,119.06,18142297,112.8094675346,113.0839431247,112.1753342746,112.6864267528,18142297,0.0,1.0
2019-04-03 00:00:00+00:00,119.97,120.43,119.15,119.86,22860744,113.5477122252,113.9830872992,112.7716088325,113.4436007945,22860744,0.0,1.0
2019-04-04 00:00:00+00:00,119.36,120.23,118.38,120.1,20112848,112.9703670184,113.7937937887,112.0428288174,113.670753007,20112848,0.0,1.0
2019-04-05 00:00:00+00:00,119.89,120.23,119.37,119.39,15826245,113.471994821,113.7937937887,112.9798316939,112.998761045,15826245,0.0,1.0
2019-04-08 00:00:00+00:00,119.93,120.02,118.64,119.81,15116186,113.5098535231,113.5950356028,112.2889103809,113.3962774169,15116186,0.0,1.0
2019-04-09 00:00:00+00:00,119.28,119.54,118.58,118.63,17611981,112.8946496142,113.1407311778,112.2321223278,112.2794457054,17611981,0.0,1.0
2019-04-10 00:00:00+00:00,120.19,120.35,119.54,119.76,16477169,113.7559350867,113.907369895,113.1407311778,113.3489540393,16477169,0.0,1.0
2019-04-11 00:00:00+00:00,120.33,120.85,119.92,120.54,14209121,113.8884405439,114.380603671,113.5003888476,114.0871987299,14209121,0.0,1.0
2019-04-12 00:00:00+00:00,120.95,120.98,120.37,120.64,19745143,114.4752504262,114.5036444528,113.926299246,114.1818454851,19745143,0.0,1.0
2019-04-15 00:00:00+00:00,121.05,121.58,120.57,120.94,15792572,114.5698971815,115.0715249841,114.1155927565,114.4657857507,15792572,0.0,1.0
2019-04-16 00:00:00+00:00,120.77,121.65,120.1,121.64,14071787,114.3048862669,115.1377777127,113.670753007,115.1283130372,14071787,0.0,1.0
2019-04-17 00:00:00+00:00,121.77,121.85,120.54,121.24,19300938,115.251353819,115.3270712231,114.0871987299,114.7497260164,19300938,0.0,1.0
2019-04-18 00:00:00+00:00,123.37,123.52,121.3,122.19,27990998,116.7657019023,116.9076720351,114.8065140695,115.6488701909,27990998,0.0,1.0
2019-04-22 00:00:00+00:00,123.76,124.0,122.57,122.62,15648724,117.1348242476,117.3619764601,116.0085278606,116.0558512383,15648724,0.0,1.0
2019-04-23 00:00:00+00:00,125.44,125.58,123.83,124.1,24025521,118.7248897352,118.8573951925,117.2010769763,117.4566232154,24025521,0.0,1.0
2019-04-24 00:00:00+00:00,125.01,125.85,124.52,125.79,31256980,118.3179086878,119.1129414315,117.8541395872,119.0561533784,31256980,0.0,1.0
2019-04-25 00:00:00+00:00,129.15,131.37,128.83,130.06,38033892,122.2362843535,124.3374423191,121.9334147368,123.0975698259,38033892,0.0,1.0
2019-04-26 00:00:00+00:00,129.89,130.52,129.02,129.7,23654933,122.936670342,123.5329448998,122.1132435717,122.7568415071,23654933,0.0,1.0
2019-04-29 00:00:00+00:00,129.77,130.18,129.35,129.9,16324183,122.8230942358,123.2111459321,122.4255778639,122.9461350175,16324183,0.0,1.0
2019-04-30 00:00:00+00:00,130.6,130.7,129.39,129.81,24166503,123.608662304,123.7033090592,122.463436566,122.8609529378,24166503,0.0,1.0
2019-05-01 00:00:00+00:00,127.88,130.65,127.7,130.53,26821692,121.0342705623,123.6559856816,120.8639064029,123.5424095753,26821692,0.0,1.0
2019-05-02 00:00:00+00:00,126.21,128.0,125.52,127.98,27350161,119.4536697503,121.1478466685,118.8006071393,121.1289173175,27350161,0.0,1.0
2019-05-03 00:00:00+00:00,128.9,129.43,127.25,127.36,24911126,121.9996674654,122.501295268,120.4379960045,120.5421074352,24911126,0.0,1.0
2019-05-06 00:00:00+00:00,128.15,128.56,126.11,126.39,24239464,121.2898168014,121.6778684977,119.3590229951,119.6240339097,24239464,0.0,1.0
2019-05-07 00:00:00+00:00,125.52,127.18,124.22,126.46,36017661,118.8006071393,120.3717432758,117.5701993216,119.6902866383,36017661,0.0,1.0
2019-05-08 00:00:00+00:00,125.51,126.37,124.75,125.44,28418996,118.7911424638,119.6051045586,118.0718271242,118.7248897352,28418996,0.0,1.0
2019-05-09 00:00:00+00:00,125.5,125.79,123.57,124.29,27235835,118.7816777883,119.0561533784,116.9549954127,117.6364520503,27235835,0.0,1.0
2019-05-10 00:00:00+00:00,127.13,127.93,123.82,124.91,30915084,120.3244198982,121.0815939399,117.1916123008,118.2232619326,30915084,0.0,1.0
2019-05-13 00:00:00+00:00,123.35,125.55,123.04,124.11,33944923,116.7467725513,118.8290011659,116.4533676101,117.4660878909,33944923,0.0,1.0
2019-05-14 00:00:00+00:00,124.73,125.88,123.7,123.87,25266315,118.0528977732,119.1413354581,117.0780361945,117.2389356784,25266315,0.0,1.0
2019-05-15 00:00:00+00:00,126.02,126.71,123.7,124.26,24722708,119.7092159893,120.3646624187,117.5053961108,118.0373526332,24722708,0.46,1.0
2019-05-16 00:00:00+00:00,128.93,129.38,126.46,126.75,30112216,122.4734900612,122.9009551238,120.1271818284,120.4026593132,30112216,0.0,1.0
2019-05-17 00:00:00+00:00,128.07,130.46,127.92,128.31,25770539,121.6565568303,123.9268712742,121.5140684761,121.8845381971,25770539,0.0,1.0
2019-05-20 00:00:00+00:00,126.22,127.59,125.76,126.52,23706934,119.8992004616,121.2005940968,119.4622361754,120.1841771701,23706934,0.0,1.0
2019-05-21 00:00:00+00:00,126.9,127.53,126.58,127.43,15293260,120.5451476674,121.1435987551,120.2411725118,121.048606519,15293260,0.0,1.0
2019-05-22 00:00:00+00:00,127.67,128.24,126.52,126.62,15396485,121.2765878857,121.8180436318,120.1841771701,120.2791694062,15396485,0.0,1.0
2019-05-23 00:00:00+00:00,126.18,126.29,124.74,126.2,23603810,119.8612035672,119.9656950269,118.4933153667,119.8802020144,23603810,0.0,1.0
2019-05-24 00:00:00+00:00,126.24,127.42,125.97,126.91,14123358,119.9181989089,121.0391072954,119.6617198713,120.554646891,14123358,0.0,1.0
2019-05-28 00:00:00+00:00,126.16,128.0,126.05,126.98,23128359,119.84220512,121.590062265,119.7377136602,120.6211414563,23128359,0.0,1.0
2019-05-29 00:00:00+00:00,124.94,125.39,124.04,125.38,22763140,118.683299839,119.1107649016,117.8283697137,119.101265678,22763140,0.0,1.0
2019-05-30 00:00:00+00:00,125.73,125.76,124.78,125.26,16829613,119.4337385045,119.4622361754,118.5313122612,118.9872749947,16829613,0.0,1.0
2019-05-31 00:00:00+00:00,123.68,124.62,123.32,124.23,26646769,117.4863976636,118.3793246833,117.1444256134,118.0088549624,26646769,0.0,1.0
2019-06-03 00:00:00+00:00,119.84,124.37,119.01,123.85,37983637,113.8386957956,118.141844093,113.0502602356,117.647884465,37983637,0.0,1.0
2019-06-04 00:00:00+00:00,123.16,123.28,120.65,121.28,29382642,116.9924380356,117.106428719,114.6081329084,115.2065839961,29382642,0.0,1.0
2019-06-05 00:00:00+00:00,125.83,125.87,124.21,124.95,24926140,119.5287307407,119.5667276351,117.9898565151,118.6927990626,24926140,0.0,1.0
2019-06-06 00:00:00+00:00,127.82,127.97,125.6,126.44,21458961,121.41907624,121.5615645942,119.3102485975,120.1081833812,21458961,0.0,1.0
2019-06-07 00:00:00+00:00,131.4,132.25,128.26,129.19,33885588,124.8197982939,125.6272323012,121.837042079,122.7204698751,33885588,0.0,1.0
2019-06-10 00:00:00+00:00,132.6,134.08,132.0,132.4,26477098,125.9597051277,127.3655902226,125.3897517108,125.7697206554,26477098,0.0,1.0
2019-06-11 00:00:00+00:00,132.1,134.24,131.28,133.88,23913731,125.4847439469,127.5175778004,124.7058076106,127.1756057503,23913731,0.0,1.0
2019-06-12 00:00:00+00:00,131.49,131.97,130.71,131.4,17092464,124.9052913065,125.3612540399,124.1643518645,124.8197982939,17092464,0.0,1.0
2019-06-13 00:00:00+00:00,132.32,133.0,131.56,131.98,17200848,125.6937268665,126.3396740722,124.9717858718,125.3707532636,17200848,0.0,1.0
2019-06-14 00:00:00+00:00,132.45,133.79,131.64,132.26,17821703,125.8172167734,127.0901127378,125.0477796607,125.6367315248,17821703,0.0,1.0
2019-06-17 00:00:00+00:00,132.85,133.73,132.53,132.63,14517785,126.197185718,127.0331173961,125.8932105624,125.9882027985,14517785,0.0,1.0
2019-06-18 00:00:00+00:00,135.16,135.24,133.57,134.19,25934458,128.391506373,128.4675001619,126.8811298183,127.4700816824,25934458,0.0,1.0
2019-06-19 00:00:00+00:00,135.69,135.93,133.81,135.0,23744441,128.8949652245,129.1229465913,127.109111185,128.2395187951,23744441,0.0,1.0
2019-06-20 00:00:00+00:00,136.95,137.66,135.72,137.45,33042592,130.0918673999,130.7663122766,128.9234628954,130.5668285807,33042592,0.0,1.0
2019-06-21 00:00:00+00:00,136.97,137.73,136.46,136.58,36727892,130.1108658472,130.8328068419,129.6264054428,129.7403961262,36727892,0.0,1.0
2019-06-24 00:00:00+00:00,137.78,138.4,137.0,137.0,20628841,130.8803029599,131.469254824,130.139363518,130.139363518,20628841,0.0,1.0
2019-06-25 00:00:00+00:00,133.43,137.59,132.73,137.25,33327420,126.7481406877,130.6998177113,126.0831950346,130.3768441084,33327420,0.0,1.0
2019-06-26 00:00:00+00:00,133.93,135.74,133.6,134.35,23657745,127.2231018684,128.9424613426,126.9096274891,127.6220692602,23657745,0.0,1.0
2019-06-27 00:00:00+00:00,134.15,134.71,133.51,134.14,16557482,127.4320847879,127.9640413103,126.8241344766,127.4225855643,16557482,0.0,1.0
2019-06-28 00:00:00+00:00,133.96,134.6,133.16,134.57,30042969,127.2515995392,127.8595498506,126.4916616501,127.8310521797,30042969,0.0,1.0
2019-07-01 00:00:00+00:00,135.68,136.7,134.97,136.63,22654160,128.8854660009,129.8543868096,128.2110211243,129.7878922443,22654160,0.0,1.0
2019-07-02 00:00:00+00:00,136.58,136.59,135.34,136.12,15237843,129.7403961262,129.7498953498,128.562492398,129.3034318399,15237843,0.0,1.0
2019-07-03 00:00:00+00:00,137.46,137.74,136.29,136.8,13629296,130.5763278043,130.8423060655,129.4649186414,129.9493790457,13629296,0.0,1.0
2019-07-05 00:00:00+00:00,137.06,137.33,135.72,135.94,18141140,130.1963588597,130.4528378973,128.9234628954,129.1324458149,18141140,0.0,1.0
2019-07-08 00:00:00+00:00,136.96,137.1,135.37,136.4,16779748,130.1013666236,130.2343557542,128.5909900689,129.5694101012,16779748,0.0,1.0
2019-07-09 00:00:00+00:00,136.46,136.97,135.8,136.0,19953097,129.6264054428,130.1108658472,128.9994566843,129.1894411566,19953097,0.0,1.0
2019-07-10 00:00:00+00:00,137.85,138.58,137.02,137.13,24204362,130.9467975252,131.6402408491,130.1583619652,130.262853425,24204362,0.0,1.0
2019-07-11 00:00:00+00:00,138.4,139.22,137.87,138.2,22327942,131.469254824,132.2481911604,130.9657959725,131.2792703518,22327942,0.0,1.0
2019-07-12 00:00:00+00:00,138.9,139.13,138.01,138.85,18936832,131.9442160048,132.1626981479,131.0987851031,131.8967198867,18936832,0.0,1.0
2019-07-15 00:00:00+00:00,138.9,139.54,138.46,139.44,16651457,131.9442160048,132.5521663161,131.5262501657,132.4571740799,16651457,0.0,1.0
2019-07-16 00:00:00+00:00,137.08,139.05,136.52,138.96,22726128,130.2153573069,132.086704359,129.6834007845,132.0012113465,22726128,0.0,1.0
2019-07-17 00:00:00+00:00,136.27,137.93,136.22,137.7,20210956,129.4459201942,131.0227913142,129.3984240761,130.804309171,20210956,0.0,1.0
2019-07-18 00:00:00+00:00,136.42,136.62,134.67,135.55,30808707,129.5884085484,129.7783930207,127.9260444159,128.7619760939,30808707,0.0,1.0
2019-07-19 00:00:00+00:00,136.62,140.67,136.45,140.22,48992364,129.7783930207,133.6255785845,129.6169062192,133.1981135219,48992364,0.0,1.0
2019-07-22 00:00:00+00:00,138.43,139.19,137.33,137.41,25080760,131.4977524949,132.2196934896,130.4528378973,130.5288316862,25080760,0.0,1.0
2019-07-23 00:00:00+00:00,139.29,139.99,138.03,139.76,18034589,132.3146857257,132.9796313787,131.1177835503,132.7611492356,18034589,0.0,1.0
2019-07-24 00:00:00+00:00,140.72,140.74,138.85,138.9,20738275,133.6730747026,133.6920731498,131.8967198867,131.9442160048,20738275,0.0,1.0
2019-07-25 00:00:00+00:00,140.19,140.61,139.3215,140.43,18356859,133.169615851,133.5685832428,132.3446082801,133.3975972178,18356859,0.0,1.0
2019-07-26 00:00:00+00:00,141.34,141.68,140.3,140.37,19037600,134.2620265667,134.5850001696,133.2741073108,133.3406018761,19037600,0.0,1.0
2019-07-29 00:00:00+00:00,141.03,141.51,139.37,141.5,16605870,133.9675506346,134.4235133681,132.3906795146,134.4140141445,16605870,0.0,1.0
2019-07-30 00:00:00+00:00,140.35,141.22,139.8,140.14,16846528,133.3216034289,134.1480358833,132.7991461301,133.122119733,16846528,0.0,1.0
2019-07-31 00:00:00+00:00,136.27,140.49,135.08,140.33,38598786,129.4459201942,133.4545925595,128.315512584,133.3026049816,38598786,0.0,1.0
2019-08-01 00:00:00+00:00,138.06,140.94,136.93,137.0,40557502,131.1462812212,133.8820576221,130.0728689527,130.139363518,40557502,0.0,1.0
2019-08-02 00:00:00+00:00,136.9,138.32,135.26,138.09,30791624,130.0443712819,131.3932610351,128.4864986091,131.174778892,30791624,0.0,1.0
2019-08-05 00:00:00+00:00,132.21,133.93,130.78,133.3,42749551,125.5892354067,127.2231018684,124.2308464298,126.6246507807,42749551,0.0,1.0
2019-08-06 00:00:00+00:00,134.69,135.68,133.21,133.8,32696651,127.9450428631,128.8854660009,126.5391577681,127.0996119614,32696651,0.0,1.0
2019-08-07 00:00:00+00:00,135.28,135.65,131.83,133.79,33414539,128.5054970563,128.8569683301,125.2282649093,127.0901127378,33414539,0.0,1.0
2019-08-08 00:00:00+00:00,138.89,138.99,135.93,136.6,27496508,131.9347167812,132.0297090173,129.1229465913,129.7593945734,27496508,0.0,1.0
2019-08-09 00:00:00+00:00,137.71,139.38,136.46,138.61,23466701,130.8138083946,132.4001787383,129.6264054428,131.6687385199,23466701,0.0,1.0
2019-08-12 00:00:00+00:00,135.79,137.86,135.24,137.07,20484348,128.9899574607,130.9562967489,128.4675001619,130.2058580833,20484348,0.0,1.0
2019-08-13 00:00:00+00:00,138.6,138.8,135.0,136.05,25496593,131.6592392963,131.8492237686,128.2395187951,129.2369372746,25496593,0.0,1.0
2019-08-14 00:00:00+00:00,133.98,136.92,133.67,136.36,32527251,127.7075622727,130.5099225734,127.4120753022,129.976139659,32527251,0.46,1.0
2019-08-15 00:00:00+00:00,133.68,134.58,132.25,134.39,28125416,127.42160714,128.2794725382,126.0585543407,128.0983676208,28125416,0.0,1.0
2019-08-16 00:00:00+00:00,136.13,136.46,134.72,134.88,25026151,129.7569073905,130.0714580365,128.4129182668,128.5654276709,25026151,0.0,1.0
2019-08-19 00:00:00+00:00,138.41,138.55,136.89,137.85,24370543,131.9301663992,132.0636121278,130.4813270601,131.3963834848,24370543,0.0,1.0
2019-08-20 00:00:00+00:00,137.26,138.71,137.24,138.21,21188998,130.8340050571,132.2161215319,130.8149413816,131.7395296441,21188998,0.0,1.0
2019-08-21 00:00:00+00:00,138.79,139.49,138.0,138.55,14982314,132.292376234,132.959604877,131.5393610512,132.0636121278,14982314,0.0,1.0
2019-08-22 00:00:00+00:00,137.78,139.2,136.29,138.66,18709662,131.3296606205,132.683181582,129.9094167947,132.1684623432,18709662,0.0,1.0
2019-08-23 00:00:00+00:00,133.39,138.35,132.8,137.19,38515386,127.145183845,131.8729753727,126.5828054174,130.7672821928,38515386,0.0,1.0
2019-08-26 00:00:00+00:00,135.45,135.56,133.9,134.99,20325271,129.108742423,129.2135926384,127.6313075707,128.6702778862,20325271,0.0,1.0
2019-08-27 00:00:00+00:00,135.74,136.72,134.66,136.39,23115635,129.385165718,130.3192858182,128.3557272402,130.0047351722,23115635,0.0,1.0
2019-08-28 00:00:00+00:00,135.56,135.76,133.55,134.88,17343042,129.2135926384,129.4042293935,127.2976932492,128.5654276709,17343042,0.0,1.0
2019-08-29 00:00:00+00:00,138.12,138.44,136.91,137.25,20179716,131.6537431043,131.9587619125,130.5003907356,130.8244732194,20179716,0.0,1.0
2019-08-30 00:00:00+00:00,137.86,139.18,136.27,139.15,23946123,131.4059153226,132.6641179065,129.8903531191,132.6355223933,23946123,0.0,1.0
2019-09-03 00:00:00+00:00,136.04,137.2,135.7,136.61,18880773,129.6711208507,130.7768140306,129.347038367,130.2144356029,18880773,0.0,1.0
2019-09-04 00:00:00+00:00,137.63,137.69,136.48,137.3,18015310,131.1866830541,131.2438740807,130.0905217121,130.8721324082,18015310,0.0,1.0
2019-09-05 00:00:00+00:00,140.05,140.38,138.76,139.11,26119520,133.4933877914,133.8079384374,132.2637807207,132.5973950422,26119520,0.0,1.0
2019-09-06 00:00:00+00:00,139.1,140.18,138.2,140.03,20824504,132.5878632045,133.6173016823,131.7299978063,133.4743241159,20824504,0.0,1.0
2019-09-09 00:00:00+00:00,137.52,139.75,136.46,139.59,25773932,131.0818328388,133.2074326587,130.0714580365,133.0549232546,25773932,0.0,1.0
2019-09-10 00:00:00+00:00,136.08,136.89,134.51,136.8,28903378,129.7092482018,130.4813270601,128.2127496739,130.3955405203,28903378,0.0,1.0
2019-09-11 00:00:00+00:00,136.12,136.27,135.09,135.91,24726117,129.7473755528,129.8903531191,128.7655962638,129.5472069599,24726117,0.0,1.0
2019-09-12 00:00:00+00:00,137.52,138.42,136.87,137.85,27009981,131.0818328388,131.939698237,130.4622633846,131.3963834848,27009981,0.0,1.0
2019-09-13 00:00:00+00:00,137.32,138.06,136.57,137.78,23363057,130.8911960837,131.5965520777,130.1763082519,131.3296606205,23363057,0.0,1.0
2019-09-16 00:00:00+00:00,136.33,136.7,135.66,135.83,16731440,129.9475441457,130.3002221427,129.308911016,129.4709522578,16731440,0.0,1.0
2019-09-17 00:00:00+00:00,137.39,137.52,136.43,136.96,17976285,130.957918948,131.0818328388,130.0428625233,130.5480499244,17976285,0.0,1.0
2019-09-18 00:00:00+00:00,138.52,138.67,136.53,137.36,24473386,132.0350166145,132.1779941809,130.1381809008,130.9293234347,24473386,0.0,1.0
2019-09-19 00:00:00+00:00,141.07,142.37,140.07,140.3,36095413,134.4656352427,135.7047741511,133.5124514669,133.7316837354,36095413,0.0,1.0
2019-09-20 00:00:00+00:00,139.44,141.65,138.25,141.01,40040766,132.9119456882,135.0184818326,131.7776569951,134.4084442161,40040766,0.0,1.0
2019-09-23 00:00:00+00:00,139.14,139.63,138.44,139.23,17408374,132.6259905555,133.0930506056,131.9587619125,132.7117770953,17408374,0.0,1.0
2019-09-24 00:00:00+00:00,137.38,140.69,136.88,140.36,30016670,130.9483871102,134.1034254079,130.4717952223,133.7888747619,30016670,0.0,1.0
2019-09-25 00:00:00+00:00,139.36,139.96,136.03,137.5,22544054,132.8356909862,133.4076012516,129.661589013,131.0627691633,22544054,0.0,1.0
2019-09-26 00:00:00+00:00,139.54,140.18,138.44,139.44,17813512,133.0072640658,133.6173016823,131.9587619125,132.9119456882,17813512,0.0,1.0
2019-09-27 00:00:00+00:00,137.73,140.36,136.65,140.15,22498958,131.2820014317,133.7888747619,130.2525629539,133.588706169,22498958,0.0,1.0
2019-09-30 00:00:00+00:00,139.03,139.22,137.78,138.05,18430390,132.5211403402,132.7022452576,131.3296606205,131.58702024,18430390,0.0,1.0
2019-10-01 00:00:00+00:00,137.07,140.25,137.0,139.66,22581929,130.6529001397,133.6840245466,130.5861772754,133.1216461189,22581929,0.0,1.0
2019-10-02 00:00:00+00:00,134.65,136.37,133.58,136.25,32001763,128.3461954025,129.9856714967,127.3262887624,129.8712894436,32001763,0.0,1.0
2019-10-03 00:00:00+00:00,136.28,136.75,133.22,134.95,26379798,129.8998849569,130.3478813315,126.9831426032,128.6321505352,26379798,0.0,1.0
2019-10-04 00:00:00+00:00,138.12,138.25,136.42,136.75,23839548,131.6537431043,131.7776569951,130.0333306855,130.3478813315,23839548,0.0,1.0
2019-10-07 00:00:00+00:00,137.12,138.18,137.02,137.14,16601284,130.7005593285,131.7109341308,130.6052409509,130.719623004,16601284,0.0,1.0
2019-10-08 00:00:00+00:00,135.67,137.76,135.62,137.08,26783336,129.3184428537,131.310596945,129.2707836649,130.6624319775,26783336,0.0,1.0
2019-10-09 00:00:00+00:00,138.24,138.7,136.97,137.46,20178482,131.7681251573,132.2065896942,130.5575817622,131.0246418123,20178482,0.0,1.0
2019-10-10 00:00:00+00:00,139.1,139.67,138.25,138.49,18396605,132.5878632045,133.1311779566,131.7776569951,132.0064211013,18396605,0.0,1.0
2019-10-11 00:00:00+00:00,139.68,141.03,139.5,140.12,25551065,133.1407097944,134.4275078916,132.9691367148,133.5601106557,25551065,0.0,1.0
2019-10-14 00:00:00+00:00,139.55,140.29,139.52,139.69,13591639,133.0167959036,133.7221518976,132.9882003903,133.1502416322,13591639,0.0,1.0
2019-10-15 00:00:00+00:00,141.57,141.79,139.81,140.06,19917762,134.9422271305,135.1519275612,133.2646236852,133.5029196292,19917762,0.0,1.0
2019-10-16 00:00:00+00:00,140.41,140.99,139.53,140.79,20841687,133.8365339507,134.3893805406,132.997732228,134.1987437855,20841687,0.0,1.0
2019-10-17 00:00:00+00:00,139.69,141.42,139.02,140.95,22102797,133.1502416322,134.7992495642,132.5116085024,134.3512531896,22102797,0.0,1.0
2019-10-18 00:00:00+00:00,137.41,140.0,136.56,139.76,30650850,130.9769826235,133.4457286026,130.1667764141,133.2169644965,30650850,0.0,1.0
2019-10-21 00:00:00+00:00,138.43,138.5,137.01,138.45,20078066,131.9492300747,132.015952939,130.5957091132,131.9682937502,20078066,0.0,1.0
2019-10-22 00:00:00+00:00,136.37,140.01,136.26,138.97,27935270,129.9856714967,133.4552604404,129.8808212814,132.4639493136,27935270,0.0,1.0
2019-10-23 00:00:00+00:00,137.24,137.45,135.61,136.88,31380309,130.8149413816,131.0151099745,129.2612518272,130.4717952223,31380309,0.0,1.0
2019-10-24 00:00:00+00:00,139.94,140.42,138.67,139.39,37278399,133.3885375761,133.8460657884,132.1779941809,132.8642864994,37278399,0.0,1.0
2019-10-25 00:00:00+00:00,140.73,141.14,139.2,139.34,25959724,134.1415527589,134.532358107,132.683181582,132.8166273107,25959724,0.0,1.0
2019-10-28 00:00:00+00:00,144.19,145.67,143.51,144.4,34912902,137.439568623,138.850280611,136.7914036555,137.6397372159,34912902,0.0,1.0
2019-10-29 00:00:00+00:00,142.83,144.5,142.65,144.08,20589469,136.143238688,137.7350555934,135.9716656083,137.3347184076,20589469,0.0,1.0
2019-10-30 00:00:00+00:00,144.61,145.0,142.79,143.52,18496591,137.8399058088,138.2116474813,136.1051113369,136.8009354932,18496591,0.0,1.0
2019-10-31 00:00:00+00:00,143.37,144.93,142.99,144.9,24605135,136.6579579269,138.144924617,136.2957480921,138.1163291037,24605135,0.0,1.0
2019-11-01 00:00:00+00:00,143.72,144.42,142.97,144.26,33128366,136.9915722484,137.6588008914,136.2766844166,137.5062914873,33128366,0.0,1.0
2019-11-04 00:00:00+00:00,144.55,145.0,144.16,144.83,16911999,137.7827147822,138.2116474813,137.4109731097,138.0496062394,16911999,0.0,1.0
2019-11-05 00:00:00+00:00,144.46,145.02,143.91,144.97,18250172,137.6969282424,138.2307111568,137.1726771658,138.183051968,18250172,0.0,1.0
2019-11-06 00:00:00+00:00,144.06,144.52,143.2,144.37,16575798,137.3156547321,137.7541192689,136.495916685,137.6111417026,16575798,0.0,1.0
2019-11-07 00:00:00+00:00,144.26,144.88,143.77,143.84,17786715,137.5062914873,138.0972654282,137.0392314371,137.1059543014,17786715,0.0,1.0
2019-11-08 00:00:00+00:00,145.96,145.99,143.76,143.98,16752939,139.126703906,139.1552994193,137.0296995994,137.2394000301,16752939,0.0,1.0
2019-11-11 00:00:00+00:00,146.11,146.42,144.73,145.34,14370178,139.2696814724,139.5651684428,137.9542878619,138.535729965,14370178,0.0,1.0
2019-11-12 00:00:00+00:00,147.07,147.57,146.06,146.28,18648712,140.1847378971,140.6613297849,139.2220222836,139.4317227142,18648712,0.0,1.0
2019-11-13 00:00:00+00:00,147.31,147.46,146.28,146.74,17444230,140.4135020032,140.5564795696,139.4317227142,139.8701872511,17444230,0.0,1.0
2019-11-14 00:00:00+00:00,148.06,148.41,147.0,147.02,19755100,141.128389835,141.4620041565,140.1180150328,140.1370787083,19755100,0.0,1.0
2019-11-15 00:00:00+00:00,149.97,149.99,148.27,148.93,23508807,142.9489708467,142.9680345222,141.3285584279,141.9576597199,23508807,0.0,1.0
2019-11-18 00:00:00+00:00,150.34,150.55,148.98,150.07,21554762,143.3016488437,143.5018174366,142.0053189087,143.0442892243,21554762,0.0,1.0
2019-11-19 00:00:00+00:00,150.39,151.33,150.2,150.88,23960164,143.3493080325,144.2453007817,143.1682031151,143.8163680826,23960164,0.0,1.0
2019-11-20 00:00:00+00:00,149.62,150.84,148.46,150.31,25720060,143.1014802508,144.2683283053,141.9920181663,143.7614189046,25720060,0.51,1.0
2019-11-21 00:00:00+00:00,149.48,149.8,148.5,149.4,18576083,142.9675796544,143.2736381605,142.0302754795,142.8910650279,18576083,0.0,1.0
2019-11-22 00:00:00+00:00,149.59,150.3,148.82,150.07,15841680,143.0727872659,143.7518545762,142.3363339856,143.531875025,15841680,0.0,1.0
2019-11-25 00:00:00+00:00,151.23,151.35,149.92,150.0,22428585,144.6413371095,144.7561090493,143.3884101003,143.4649247268,22428585,0.0,1.0
2019-11-26 00:00:00+00:00,152.03,152.42,151.32,151.36,24635100,145.4064833748,145.779492179,144.7274160644,144.7656733776,24635100,0.0,1.0
2019-11-27 00:00:00+00:00,152.32,152.5,151.52,152.33,15201293,145.6838488959,145.8560068056,144.9187026307,145.6934132242,15201293,0.0,1.0
2019-11-29 00:00:00+00:00,151.38,152.3,151.28,152.1,11977300,144.7848020343,145.6647202393,144.6891587511,145.473433673,11977300,0.0,1.0
2019-12-02 00:00:00+00:00,149.55,151.83,148.32,151.81,27473616,143.0345299526,145.2151968085,141.8581175698,145.1960681518,27473616,0.0,1.0
2019-12-03 00:00:00+00:00,149.31,149.43,146.65,147.49,25192145,142.804986073,142.9197580128,140.2608747412,141.0642783197,25192145,0.0,1.0
2019-12-04 00:00:00+00:00,149.85,150.18,149.2,150.14,17580617,143.3214598021,143.6370826365,142.6997784616,143.5988253232,17580617,0.0,1.0
2019-12-05 00:00:00+00:00,149.93,150.32,149.48,150.05,17880601,143.3979744286,143.7709832329,142.9675796544,143.5127463684,17880601,0.0,1.0
2019-12-06 00:00:00+00:00,151.75,151.87,150.27,150.99,16410400,145.1386821819,145.2534541217,143.7231615913,144.41179323,16410400,0.0,1.0
2019-12-09 00:00:00+00:00,151.36,152.21,150.91,151.07,16741350,144.7656733776,145.5786412844,144.3352786035,144.4883078565,16741350,0.0,1.0
2019-12-10 00:00:00+00:00,151.13,151.89,150.76,151.29,16481060,144.5456938264,145.2725827783,144.1918136787,144.6987230794,16481060,0.0,1.0
2019-12-11 00:00:00+00:00,151.7,151.87,150.33,151.54,18860001,145.0908605404,145.2534541217,143.7805475612,144.9378312873,18860001,0.0,1.0
2019-12-12 00:00:00+00:00,153.24,153.44,151.02,151.65,24645366,146.5637671009,146.7550536672,144.4404862149,145.0430388988,24645366,0.0,1.0
2019-12-13 00:00:00+00:00,154.53,154.89,152.83,153.0,23850062,147.7975654535,148.1418812729,146.17162964,146.3342232213,23850062,0.0,1.0
2019-12-16 00:00:00+00:00,155.53,155.9,154.82,155.11,24152770,148.753998285,149.1078784327,148.0749309747,148.3522964958,24152770,0.0,1.0
2019-12-17 00:00:00+00:00,154.69,155.71,154.45,155.45,25443527,147.9505947066,148.9261561947,147.721050827,148.6774836585,25443527,0.0,1.0
2019-12-18 00:00:00+00:00,154.37,155.48,154.18,154.3,24132379,147.6445362005,148.7061766435,147.4628139625,147.5775859023,24132379,0.0,1.0
2019-12-19 00:00:00+00:00,155.71,155.77,153.75,154.0,25813825,148.9261561947,148.9835421646,147.051547845,147.2906560528,25813825,0.0,1.0
2019-12-20 00:00:00+00:00,157.41,158.49,156.29,157.35,53599613,150.5520920083,151.5850394663,149.480887237,150.4947060384,53599613,0.0,1.0
2019-12-23 00:00:00+00:00,157.41,158.12,157.27,158.12,17726283,150.5520920083,151.2311593187,150.4181914119,151.2311593187,17726283,0.0,1.0
2019-12-24 00:00:00+00:00,157.38,157.71,157.12,157.48,8989150,150.5233990233,150.8390218577,150.2747264871,150.6190423065,8989150,0.0,1.0
2019-12-26 00:00:00+00:00,158.67,158.73,157.4,157.56,14526927,151.757197376,151.8145833459,150.54252768,150.695556933,14526927,0.0,1.0
2019-12-27 00:00:00+00:00,158.96,159.55,158.22,159.45,18414352,152.0345628971,152.5988582677,151.3268026018,152.5032149846,18414352,0.0,1.0
2019-12-30 00:00:00+00:00,157.59,159.02,156.73,158.99,16356720,150.724249918,152.091948867,149.9017176829,152.0632558821,16356720,0.0,1.0
2019-12-31 00:00:00+00:00,157.7,157.77,156.45,156.77,18393383,150.8294575294,150.8964078276,149.63391649,149.9399749961,18393383,0.0,1.0
2020-01-02 00:00:00+00:00,160.62,160.73,158.33,158.78,22634546,153.6222413974,153.7274490089,151.4320102133,151.8624049875,22634546,0.0,1.0
2020-01-03 00:00:00+00:00,158.62,159.95,158.06,158.32,21121681,151.7093757344,152.9814314003,151.1737733488,151.422445885,21121681,0.0,1.0
2020-01-06 00:00:00+00:00,159.03,159.1,156.51,157.08,20826702,152.1015131953,152.1684634935,149.6913024599,150.2364691739,20826702,0.0,1.0
2020-01-07 00:00:00+00:00,157.58,159.67,157.32,159.32,21881740,150.7146855896,152.7136302075,150.4660130535,152.3788787165,21881740,0.0,1.0
2020-01-08 00:00:00+00:00,160.09,160.8,157.95,158.93,27762026,153.1153319967,153.7943993071,151.0685657373,152.0058699122,27762026,0.0,1.0
2020-01-09 00:00:00+00:00,162.09,162.22,161.03,161.84,21399951,155.0281976598,155.1525339279,154.0143788584,154.7890894519,21399951,0.0,1.0
2020-01-10 00:00:00+00:00,161.34,163.22,161.18,162.82,20733946,154.3108730361,156.1089667594,154.1578437831,155.7263936268,20733946,0.0,1.0
2020-01-13 00:00:00+00:00,163.28,163.31,161.26,161.76,18666414,156.1663527293,156.1950457142,154.2343584096,154.7125748254,18666414,0.0,1.0
2020-01-14 00:00:00+00:00,162.13,163.6,161.72,163.39,23500783,155.066454973,156.4724112353,154.6743175121,156.2715603407,23500783,0.0,1.0
2020-01-15 00:00:00+00:00,163.18,163.94,162.57,162.62,21417871,156.0707094461,156.7975983981,155.4872854189,155.5351070605,21417871,0.0,1.0
2020-01-16 00:00:00+00:00,166.17,166.24,164.03,164.35,23865360,158.9304436123,158.9973939105,156.8836773529,157.189735859,23865360,0.0,1.0
2020-01-17 00:00:00+00:00,167.1,167.47,165.43,167.42,34371659,159.8199261456,160.1738062933,158.222683317,160.1259846517,34371659,0.0,1.0
2020-01-21 00:00:00+00:00,166.5,168.19,166.43,166.68,29223486,159.2460664467,160.862437932,159.1791161485,159.4182243564,29223486,0.0,1.0
2020-01-22 00:00:00+00:00,165.7,167.49,165.68,167.4,24138777,158.4809201815,160.1929349499,158.4617915249,160.1068559951,24138777,0.0,1.0
2020-01-23 00:00:00+00:00,166.72,166.8,165.27,166.19,19680766,159.4564816697,159.5329962962,158.069654064,158.949572269,19680766,0.0,1.0
2020-01-24 00:00:00+00:00,165.04,167.53,164.45,167.51,24918117,157.8496745127,160.2311922632,157.2853791421,160.2120636066,24918117,0.0,1.0
2020-01-27 00:00:00+00:00,162.28,163.38,160.2,161.15,32078067,155.2099198978,156.2619960124,153.2205396082,154.1291507981,32078067,0.0,1.0
2020-01-28 00:00:00+00:00,165.46,165.76,163.07,163.78,24899940,158.251376302,158.5383061514,155.9655018346,156.644569145,24899940,0.0,1.0
2020-01-29 00:00:00+00:00,168.04,168.75,165.69,167.84,35127771,160.7189730073,161.3980403176,158.4713558532,160.527686441,35127771,0.0,1.0
2020-01-30 00:00:00+00:00,172.78,174.05,170.79,174.05,51597470,165.2524646286,166.4671343246,163.3491632939,166.4671343246,51597470,0.0,1.0
2020-01-31 00:00:00+00:00,170.23,172.4,169.58,172.21,36142690,162.8135609083,164.8890201527,162.1918795678,164.7072979147,36142690,0.0,1.0
2020-02-03 00:00:00+00:00,174.38,174.5,170.4,170.43,30149052,166.782757159,166.8975290988,162.9761544896,163.0048474746,30149052,0.0,1.0
2020-02-04 00:00:00+00:00,180.12,180.64,176.31,177.14,36433339,172.2726816119,172.7700266843,168.6286725239,169.422511774,36433339,0.0,1.0
2020-02-05 00:00:00+00:00,179.9,184.2,178.41,184.03,39186324,172.062266389,176.1749275645,170.63718147,176.0123339831,39186324,0.0,1.0
2020-02-06 00:00:00+00:00,183.63,183.82,180.06,180.97,27751381,175.6297608505,175.8114830885,172.215295642,173.0856495187,27751381,0.0,1.0
2020-02-07 00:00:00+00:00,183.89,185.63,182.48,182.85,33529074,175.8784333867,177.5426265136,174.5298630943,174.8837432419,33529074,0.0,1.0
2020-02-10 00:00:00+00:00,188.7,188.84,183.25,183.58,35844267,180.4788753063,180.6127759027,175.2663163746,175.581939209,35844267,0.0,1.0
2020-02-11 00:00:00+00:00,184.44,190.7,183.5,190.65,53159906,176.4044714441,182.3917409693,175.5054245824,182.3439193277,53159906,0.0,1.0
2020-02-12 00:00:00+00:00,184.71,185.85,181.85,185.58,47062921,176.6627083086,177.7530417365,173.9273104104,177.494804872,47062921,0.0,1.0
2020-02-13 00:00:00+00:00,183.71,186.23,182.87,183.08,35295834,175.7062754771,178.1164862125,174.9028718986,175.1037227932,35295834,0.0,1.0
2020-02-14 00:00:00+00:00,185.35,185.41,182.65,183.25,23149516,177.2748253207,177.3322112906,174.6924566756,175.2663163746,23149516,0.0,1.0
2020-02-18 00:00:00+00:00,187.23,187.7,185.5,185.61,27853113,179.072919044,179.5224424748,177.4182902455,177.5234978569,27853113,0.0,1.0
2020-02-19 00:00:00+00:00,187.28,188.18,186.47,188.06,29997471,179.6085214296,180.471655076,178.8317011479,180.3565705898,29997471,0.51,1.0
2020-02-20 00:00:00+00:00,184.42,187.25,181.1,186.95,36862376,176.865674509,179.5797503081,173.6816703914,179.2920390926,36862376,0.0,1.0
2020-02-21 00:00:00+00:00,178.59,183.5,177.25,183.17,48600385,171.2744865555,175.983360115,169.9893764598,175.666877778,48600385,0.0,1.0
2020-02-24 00:00:00+00:00,170.89,174.55,163.23,167.77,68311066,163.8898986924,167.3999755208,156.5436723246,160.8977020517,68311066,0.0,1.0
2020-02-25 00:00:00+00:00,168.07,174.84,167.65,174.2,68073295,161.1854132672,167.6780963624,160.7826175655,167.0643124361,68073295,0.0,1.0
2020-02-26 00:00:00+00:00,170.17,173.26,168.21,169.71,56387148,163.1993917753,166.1628172944,161.319678501,162.7582345783,56387148,0.0,1.0
2020-02-27 00:00:00+00:00,158.18,167.03,157.98,163.32,93174906,151.7005335313,160.188014387,151.5087260543,156.6299856893,93174906,0.0,1.0
2020-02-28 00:00:00+00:00,162.01,163.71,152.0,152.41,97073557,155.3736467151,157.0040102693,145.7736824931,146.1668878208,97073557,0.0,1.0
2020-03-02 00:00:00+00:00,172.79,172.92,162.31,165.31,71030810,165.7120697235,165.8367445836,155.6613579306,158.5384700851,71030810,0.0,1.0
2020-03-03 00:00:00+00:00,164.51,175.0,162.26,173.8,71677019,157.7712401772,167.831542344,155.6134060614,166.6806974822,71677019,0.0,1.0
2020-03-04 00:00:00+00:00,170.55,170.7,165.62,168.49,49814383,163.5638259815,163.7076815893,158.8357716744,161.5882089688,49814383,0.0,1.0
2020-03-05 00:00:00+00:00,166.27,170.87,165.69,166.05,47817251,159.4591459745,163.8707179447,158.9029042913,159.2481577498,47817251,0.0,1.0
2020-03-06 00:00:00+00:00,161.57,163.11,156.0,162.61,72821057,154.9516702658,156.4285878385,149.6098320324,155.949069146,72821057,0.0,1.0
2020-03-09 00:00:00+00:00,150.62,157.75,150.0,151.0,70419274,144.450210902,151.2881474558,143.8556077234,144.8146451082,70419274,0.0,1.0
2020-03-10 00:00:00+00:00,160.92,161.03,152.58,158.16,65354385,154.3282959657,154.433790078,146.3299241763,151.6813527836,65354385,0.0,1.0
2020-03-11 00:00:00+00:00,153.63,157.7,151.15,157.13,56504304,147.3369134303,151.2401955866,144.958500716,150.6935442772,56504304,0.0,1.0
2020-03-12 00:00:00+00:00,139.06,153.47,138.58,145.3,93226366,133.3637387335,147.1834674488,132.9034007887,139.3481320148,93226366,0.0,1.0
2020-03-13 00:00:00+00:00,158.83,161.91,140.73,147.5,92727446,152.3239078314,155.2777429767,134.9653311661,141.4580142614,92727446,0.0,1.0
2020-03-16 00:00:00+00:00,135.42,149.35,135.0,140.0,87905868,129.8728426527,143.2322334233,129.4700469511,134.2652338752,87905868,0.0,1.0
2020-03-17 00:00:00+00:00,146.57,147.5,135.0,140.0,81059817,140.5661094935,141.4580142614,129.4700469511,134.2652338752,81059817,0.0,1.0
2020-03-18 00:00:00+00:00,140.4,146.0,135.02,138.0,81593173,134.6488488291,140.0194581841,129.4892276988,132.3471591055,81593173,0.0,1.0
2020-03-19 00:00:00+00:00,142.71,150.15,139.0,142.77,85922661,136.8642251881,143.9994633311,133.3061964904,136.9217674312,85922661,0.0,1.0
2020-03-20 00:00:00+00:00,137.35,147.1,135.86,146.0,84866215,131.7237848054,141.0743993074,130.294819102,140.0194581841,84866215,0.0,1.0
2020-03-23 00:00:00+00:00,135.98,140.57,132.52,137.01,78975176,130.4099035882,134.8118851845,127.0916342367,131.3977120946,78975176,0.0,1.0
2020-03-24 00:00:00+00:00,148.34,149.6,141.27,143.75,82516727,142.2636056646,143.4719927695,135.4832113539,137.8616240683,82516727,0.0,1.0
2020-03-25 00:00:00+00:00,146.92,154.33,144.44,148.91,75638224,140.9017725782,148.0082395997,138.5233598638,142.810256974,75638224,0.0,1.0
2020-03-26 00:00:00+00:00,156.11,156.66,148.37,148.4,64694427,149.7153261447,150.2427967063,142.2923767862,142.3211479077,64694427,0.0,1.0
2020-03-27 00:00:00+00:00,149.7,154.89,149.2,151.75,57042291,143.567896508,148.5453005352,143.0883778156,145.5339231469,57042291,0.0,1.0
2020-03-30 00:00:00+00:00,160.23,160.6,150.01,152.44,63420326,153.6665601702,154.0214040025,143.8651980973,146.1956589424,63420326,0.0,1.0
2020-03-31 00:00:00+00:00,157.71,164.78,156.56,159.4,77927186,151.2497859604,158.0301802711,150.1468929679,152.8705591408,77927186,0.0,1.0
2020-04-01 00:00:00+00:00,152.11,157.75,150.82,153.0,57969926,145.8791766054,151.2881474558,144.642018379,146.7327198779,57969926,0.0,1.0
2020-04-02 00:00:00+00:00,155.26,155.48,150.36,151.86,49630735,148.9001443676,149.1111325923,144.200861182,145.6394172592,49630735,0.0,1.0
2020-04-03 00:00:00+00:00,153.83,157.38,152.19,155.1,41243284,147.5287209073,150.9333036234,145.9558995962,148.746698386,41243284,0.0,1.0
2020-04-06 00:00:00+00:00,165.27,166.5,157.58,160.32,67111697,158.5001085897,159.679724573,151.1251111004,153.7528735348,67111697,0.0,1.0
2020-04-07 00:00:00+00:00,163.49,170.0,163.26,169.59,62769038,156.7930220447,163.0363554199,156.5724434462,162.6431500921,62769038,0.0,1.0
2020-04-08 00:00:00+00:00,165.13,166.67,163.5,165.67,48318234,158.3658433558,159.8427609284,156.8026124185,158.8837235436,48318234,0.0,1.0
2020-04-09 00:00:00+00:00,165.14,167.37,163.33,166.36,51431775,158.3754337296,160.5140870978,156.6395760631,159.5454593391,51431775,0.0,1.0
2020-04-13 00:00:00+00:00,165.51,165.57,162.3,164.35,41905264,158.730277562,158.7878198051,155.6517675567,157.6177941956,41905264,0.0,1.0
2020-04-14 00:00:00+00:00,173.7,173.75,168.0,169.0,52874338,166.5847937437,166.632745613,161.1182806502,162.0773180351,52874338,0.0,1.0
2020-04-15 00:00:00+00:00,171.88,173.57,169.24,171.2,40940833,164.8393457033,166.4601188837,162.3074870074,164.1872002817,40940833,0.0,1.0
2020-04-16 00:00:00+00:00,177.04,177.28,172.9,174.3,50479610,169.787978609,170.0181475814,165.8175638359,167.1602161746,50479610,0.0,1.0
2020-04-17 00:00:00+00:00,178.6,180.0,175.87,179.5,52765625,171.2840769294,172.6267292681,168.6659048688,172.1472105757,52765625,0.0,1.0
2020-04-20 00:00:00+00:00,175.06,178.75,174.99,176.63,36669595,167.8890845871,171.4279325371,167.8219519701,169.3947732813,36669595,0.0,1.0
2020-04-21 00:00:00+00:00,167.82,173.67,166.11,173.5,56203749,160.945653921,166.5560226222,159.3056999929,166.3929862668,56203749,0.0,1.0
2020-04-22 00:00:00+00:00,173.52,174.0,170.82,171.39,34651604,166.4121670145,166.8725049592,163.8227660754,164.3694173848,34651604,0.0,1.0
2020-04-23 00:00:00+00:00,171.42,175.06,170.91,174.11,32790804,164.3981885063,167.8890845871,163.9090794401,166.9779990715,32790804,0.0,1.0
2020-04-24 00:00:00+00:00,174.55,174.56,170.71,172.06,34305320,167.3999755208,167.4095658947,163.7172719631,165.0119724326,34305320,0.0,1.0
2020-04-27 00:00:00+00:00,174.05,176.9,173.3,176.59,33194384,166.9204568284,169.6537133752,166.2011787898,169.3564117859,33194384,0.0,1.0
2020-04-28 00:00:00+00:00,169.81,175.67,169.39,175.59,34392694,162.8541383168,168.4740973918,162.4513426151,168.397374401,34392694,0.0,1.0
2020-04-29 00:00:00+00:00,177.43,177.68,171.88,173.22,51286559,170.1620031891,170.4017625353,164.8393457033,166.124455799,51286559,0.0,1.0
2020-04-30 00:00:00+00:00,179.21,180.4,176.23,180.0,53875857,171.8690897341,173.010344222,169.0111583273,172.6267292681,53875857,0.0,1.0
2020-05-01 00:00:00+00:00,174.57,178.64,174.01,175.8,39370474,167.4191562685,171.3224384247,166.882095333,168.5987722519,39370474,0.0,1.0
2020-05-04 00:00:00+00:00,178.84,179.0,173.8,174.49,30372862,171.5142459017,171.6676918833,166.6806974822,167.3424332777,30372862,0.0,1.0
2020-05-05 00:00:00+00:00,180.76,183.65,179.9,180.62,36839168,173.3555976806,176.1272157227,172.5308255296,173.2213324467,36839168,0.0,1.0
2020-05-06 00:00:00+00:00,182.54,184.2,181.63,182.08,32139299,175.0626842256,176.6546862844,174.1899602054,174.6215270285,32139299,0.0,1.0
2020-05-07 00:00:00+00:00,183.6,184.55,182.58,184.17,28315992,176.0792638535,176.9903493691,175.101045721,176.6259151628,28315992,0.0,1.0
2020-05-08 00:00:00+00:00,184.68,185.0,183.36,184.98,30912638,177.1150242291,177.4219161922,175.8490948811,177.4027354445,30912638,0.0,1.0
2020-05-11 00:00:00+00:00,186.74,187.51,182.85,183.15,30892660,179.0906412418,179.8291000281,175.3599858149,175.6476970303,30892660,0.0,1.0
2020-05-12 00:00:00+00:00,182.51,187.04,182.3,186.8,32038199,175.033913104,179.3783524573,174.8325152532,179.1481834849,32038199,0.0,1.0
2020-05-13 00:00:00+00:00,179.75,184.05,176.54,182.55,44711488,172.3869699219,176.5108306766,169.3084599166,175.0722745994,44711488,0.0,1.0
2020-05-14 00:00:00+00:00,180.53,180.69,175.68,177.54,41873911,173.1350190821,173.2884650636,168.4836877657,170.2674973014,41873911,0.0,1.0
2020-05-15 00:00:00+00:00,183.16,187.06,177.0,179.06,46610382,175.6572874041,179.397533205,169.7496171136,171.7252341264,46610382,0.0,1.0
2020-05-18 00:00:00+00:00,184.91,186.2,183.96,185.75,35306620,177.3356028276,178.572761054,176.424517312,178.1411942308,35306620,0.0,1.0
2020-05-19 00:00:00+00:00,183.63,186.6,183.49,185.03,26799116,176.108034975,178.9563760079,175.9737697411,177.4506873138,26799116,0.0,1.0
2020-05-20 00:00:00+00:00,185.66,185.85,183.94,184.81,31261334,178.5439899325,178.7267075781,176.8899144036,177.7265688862,31261334,0.51,1.0
2020-05-21 00:00:00+00:00,183.43,186.67,183.29,185.4,29032741,176.3994617759,179.5152784697,176.2648277212,178.2939552595,29032741,0.0,1.0
2020-05-22 00:00:00+00:00,183.51,184.46,182.54,183.19,20826898,176.4763955214,177.3899837496,175.5435738569,176.1686605393,20826898,0.0,1.0
2020-05-26 00:00:00+00:00,181.57,186.5,181.1,186.34,36073609,174.6107521924,179.3517942605,174.1587664374,179.1979267694,36073609,0.0,1.0
2020-05-27 00:00:00+00:00,181.81,181.99,176.6,180.2,39517146,174.841553429,175.0146543564,169.8312432515,173.2932618002,39517146,0.0,1.0
2020-05-28 00:00:00+00:00,181.4,184.15,180.38,180.74,33831824,174.4472679831,177.0918654856,173.4663627277,173.8125645825,33831824,0.0,1.0
2020-05-29 00:00:00+00:00,183.25,184.27,180.41,182.73,42146720,176.2263608485,177.2072661039,173.4952128822,175.7262915025,42146720,0.0,1.0
2020-06-01 00:00:00+00:00,182.83,183.0,181.46,182.54,22668821,175.8224586844,175.9859428937,174.5049682923,175.5435738569,22668821,0.0,1.0
2020-06-02 00:00:00+00:00,184.91,185.0,181.35,184.25,30794585,177.8227360681,177.9092865319,174.3991843922,177.1880326675,30794585,0.0,1.0
2020-06-03 00:00:00+00:00,185.36,185.94,183.58,184.82,27311016,178.2554883867,178.8132580418,176.5437125488,177.7361856044,27311016,0.0,1.0
2020-06-04 00:00:00+00:00,182.92,185.84,182.3,184.3,28761809,175.9090091482,178.7170908599,175.3127726203,177.2361162585,28761809,0.0,1.0
2020-06-05 00:00:00+00:00,187.2,187.73,182.01,182.62,39893643,180.0249645339,180.534650598,175.0338877928,175.6205076024,39893643,0.0,1.0
2020-06-08 00:00:00+00:00,188.36,188.55,184.44,185.94,33211590,181.140503844,181.3232214896,177.3707503132,178.8132580418,33211590,0.0,1.0
2020-06-09 00:00:00+00:00,189.8,190.7,187.26,188.0,29783916,182.5253112635,183.3908159007,180.082664843,180.7943019891,29783916,0.0,1.0
2020-06-10 00:00:00+00:00,196.84,198.52,191.01,191.13,43872329,189.2954808699,190.911089526,183.6889341646,183.8043347829,43872329,0.0,1.0
2020-06-11 00:00:00+00:00,186.27,195.76,186.07,193.13,52854672,179.1306097421,188.2568753053,178.9382753783,185.7276784211,52854672,0.0,1.0
2020-06-12 00:00:00+00:00,187.74,191.72,185.18,190.54,43373587,180.5442673162,184.3717211562,178.0823874593,183.2369484096,43373587,0.0,1.0
2020-06-15 00:00:00+00:00,188.94,190.82,184.01,184.58,32770189,181.6982734991,183.506216519,176.957231431,177.5053843678,32770189,0.0,1.0
2020-06-16 00:00:00+00:00,193.57,195.58,191.46,192.89,42556656,186.1508140215,188.0837743779,184.1216864832,185.4968771845,42556656,0.0,1.0
2020-06-17 00:00:00+00:00,194.24,196.32,193.69,195.03,25687822,186.7951341403,188.795411524,186.2662146398,187.5548548773,25687822,0.0,1.0
2020-06-18 00:00:00+00:00,196.32,196.49,194.0,194.0,23061648,188.795411524,188.9588957332,186.5643329037,186.5643329037,23061648,0.0,1.0
2020-06-19 00:00:00+00:00,195.15,199.29,194.37,198.59,44441141,187.6702554956,191.6515768267,186.9201514767,190.9784065533,44441141,0.0,1.0
2020-06-22 00:00:00+00:00,200.57,200.76,195.23,195.79,32818929,192.8825167551,193.0652344007,187.7471892412,188.2857254599,32818929,0.0,1.0
2020-06-23 00:00:00+00:00,201.91,203.95,201.43,202.09,30917447,194.1711569927,196.1329675036,193.7095545195,194.3442579201,30917447,0.0,1.0
2020-06-24 00:00:00+00:00,197.84,203.25,196.56,201.6,36740647,190.257152689,195.4597972303,189.0262127606,193.8730387288,36740647,0.0,1.0
2020-06-25 00:00:00+00:00,200.34,200.61,195.47,197.8,27803933,192.6613322367,192.9209836279,187.9779904778,190.2186858162,27803933,0.0,1.0
2020-06-26 00:00:00+00:00,196.33,199.89,194.88,199.73,54675780,188.8050282422,192.2285799181,187.4106041045,192.0747124271,54675780,0.0,1.0
2020-06-29 00:00:00+00:00,198.44,198.53,193.55,195.78,26701586,190.8341557805,190.9207062442,186.1315805851,188.2761087417,26701586,0.0,1.0
2020-06-30 00:00:00+00:00,203.51,204.4,197.74,197.88,34310283,195.7098319032,196.5657198222,190.1609855071,190.2956195618,34310283,0.0,1.0
2020-07-01 00:00:00+00:00,204.7,206.35,201.77,203.14,32071431,196.854221368,198.4409798695,194.036522938,195.3540133302,32071431,0.0,1.0
2020-07-02 00:00:00+00:00,206.26,208.02,205.0,205.68,29322547,198.3544294057,200.0469718073,197.1427229137,197.7966597507,29322547,0.0,1.0
2020-07-06 00:00:00+00:00,210.7,211.13,208.09,208.83,32033747,202.6242522825,203.0377711647,200.1142888347,200.8259259808,32033747,0.0,1.0
2020-07-07 00:00:00+00:00,208.25,214.67,207.99,210.45,33600749,200.2681563257,206.4420894043,200.0181216528,202.3838343277,33600749,0.0,1.0
2020-07-08 00:00:00+00:00,212.83,213.26,208.69,210.07,33602226,204.6726132572,205.0861321394,200.6912919261,202.0183990365,33602226,0.0,1.0
2020-07-09 00:00:00+00:00,214.32,216.38,211.47,216.33,33122280,206.1055042676,208.0865482149,203.3647395832,208.038464624,33122280,0.0,1.0
2020-07-10 00:00:00+00:00,213.67,214.08,211.08,213.62,26178663,205.4804175852,205.874703031,202.9896875738,205.4323339943,26178663,0.0,1.0
2020-07-13 00:00:00+00:00,207.07,215.8,206.5,214.48,38135816,199.1333835792,207.5287785599,198.5852306423,206.2593717587,38135816,0.0,1.0
2020-07-14 00:00:00+00:00,208.35,208.85,202.03,206.13,37598121,200.3643235076,200.8451594172,194.286557611,198.2294120693,37598121,0.0,1.0
2020-07-15 00:00:00+00:00,208.04,211.33,205.03,209.56,32248893,200.0662052437,203.2301055285,197.1715730683,201.5279464087,32248893,0.0,1.0
2020-07-16 00:00:00+00:00,203.92,205.7,202.31,205.4,29940718,196.1041173491,197.8158931871,194.5558257203,197.5273916413,29940718,0.0,1.0
2020-07-17 00:00:00+00:00,202.88,205.04,201.39,204.47,31636070,195.1039786572,197.1811897865,193.6710876468,196.6330368496,31636070,0.0,1.0
2020-07-20 00:00:00+00:00,211.6,212.3,203.01,205.0,36386080,203.4897569197,204.1629271931,195.2289959937,197.1427229137,36386080,0.0,1.0
2020-07-21 00:00:00+00:00,208.75,213.94,208.03,213.66,37702523,200.7489922353,205.7400689764,200.0565885255,205.470800867,37702523,0.0,1.0
2020-07-22 00:00:00+00:00,211.75,212.3,208.39,209.2,49605692,203.6340076926,204.1629271931,200.4027903804,201.1817445539,49605692,0.0,1.0
2020-07-23 00:00:00+00:00,202.54,210.92,202.15,207.19,67457035,194.7770102387,202.8358200827,194.4019582293,199.2487841975,67457035,0.0,1.0
2020-07-24 00:00:00+00:00,201.3,202.86,197.51,200.42,39826989,193.5845371831,195.0847452208,189.9398009887,192.7382659823,39826989,0.0,1.0
2020-07-27 00:00:00+00:00,203.85,203.97,200.86,201.47,30160867,196.0368003217,196.15220094,193.1614015827,193.7480213923,30160867,0.0,1.0
2020-07-28 00:00:00+00:00,202.02,204.7,201.74,203.61,23251388,194.2769408928,196.854221368,194.0076727835,195.8059990852,23251388,0.0,1.0
2020-07-29 00:00:00+00:00,204.06,204.65,202.01,202.5,19632602,196.2387514037,196.806137777,194.2673241746,194.738543366,19632602,0.0,1.0
2020-07-30 00:00:00+00:00,203.9,204.46,199.57,201.0,25079596,196.0848839127,196.6234201314,191.920844936,193.2960356373,25079596,0.0,1.0
2020-07-31 00:00:00+00:00,205.01,205.1,199.01,204.4,51247969,197.1523396319,197.2388900956,191.3823087173,196.5657198222,51247969,0.0,1.0
2020-08-03 00:00:00+00:00,216.54,217.64,210.44,211.52,78983009,208.240415706,209.298254707,202.3742176095,203.4128231742,78983009,0.0,1.0
2020-08-04 00:00:00+00:00,213.29,214.77,210.31,214.17,49280056,205.114982294,206.5382565862,202.2492002731,205.9612534948,49280056,0.0,1.0
2020-08-05 00:00:00+00:00,212.94,215.0,211.57,214.9,28858621,204.7783971573,206.7594411046,203.4609067651,206.6632739227,28858621,0.0,1.0
2020-08-06 00:00:00+00:00,216.35,216.3705,211.55,212.34,32656843,208.0576980604,208.0774123327,203.4416733287,204.2013940658,32656843,0.0,1.0
2020-08-07 00:00:00+00:00,212.48,215.7,210.93,214.85,27820421,204.3360281205,207.432611378,202.8454368009,206.6151903317,27820421,0.0,1.0
2020-08-10 00:00:00+00:00,208.25,211.88,206.35,211.67,36716462,200.2681563257,203.759025029,198.4409798695,203.557073947,36716462,0.0,1.0
2020-08-11 00:00:00+00:00,203.38,207.65,203.14,207.155,36446459,195.5848145668,199.6911532343,195.3540133302,199.2151256838,36446459,0.0,1.0
2020-08-12 00:00:00+00:00,209.19,210.28,204.75,205.29,28041364,201.1721278357,202.2203501185,196.9023049589,197.4216077412,28041364,0.0,1.0
2020-08-13 00:00:00+00:00,208.7,211.35,208.15,209.44,22588870,200.7009086443,203.2493389649,200.1719891438,201.4125457905,22588870,0.0,1.0
2020-08-14 00:00:00+00:00,208.9,209.59,207.51,208.76,17958936,200.8932430081,201.5567965633,199.5565191796,200.7586089535,17958936,0.0,1.0
2020-08-17 00:00:00+00:00,210.28,211.1874,208.915,209.6,20063496,202.2203501185,203.0929711271,200.9076680854,201.5664132815,20063496,0.0,1.0
2020-08-18 00:00:00+00:00,211.49,212.36,209.21,210.53,21336167,203.3839730196,204.2206275022,201.1913612721,202.4607680733,21336167,0.0,1.0
2020-08-19 00:00:00+00:00,209.7,212.1,209.25,211.49,27627561,202.1530330912,204.4666586487,201.7192282991,203.8786121528,27627561,0.51,1.0
2020-08-20 00:00:00+00:00,214.58,215.0,208.91,209.54,26981478,206.8574050582,207.2622895307,201.3914646785,201.9987913873,26981478,0.0,1.0
2020-08-21 00:00:00+00:00,213.02,216.25,212.85,213.86,36249319,205.3535484458,208.467302842,205.1896666354,206.1633173909,36249319,0.0,1.0
2020-08-24 00:00:00+00:00,213.69,215.52,212.43,214.79,25460147,205.9994355806,207.7635750682,204.7847821629,207.0598472945,25460147,0.0,1.0
2020-08-25 00:00:00+00:00,216.47,216.61,213.1,213.1,23043696,208.6793851847,208.8143466756,205.4306692977,205.4306692977,23043696,0.0,1.0
2020-08-26 00:00:00+00:00,221.15,222.09,217.36,217.88,39600828,213.190955022,214.097125032,209.5373546623,210.0386401998,39600828,0.0,1.0
2020-08-27 00:00:00+00:00,226.58,231.15,219.4,222.89,57602195,218.4255328459,222.8310615118,211.5039363863,214.8683335512,57602195,0.0,1.0
2020-08-28 00:00:00+00:00,228.91,230.644,226.58,228.18,26292896,220.6716776581,222.3432721234,218.4255328459,219.9679498843,26292896,0.0,1.0
2020-08-31 00:00:00+00:00,225.53,228.7,224.31,227.0,28774156,217.4133216645,220.4692354218,216.2372286728,218.8304173185,28774156,0.0,1.0
2020-09-01 00:00:00+00:00,227.27,227.45,224.43,225.51,25791235,219.0907001937,219.2642221106,216.3529099506,217.3940414515,25791235,0.0,1.0
2020-09-02 00:00:00+00:00,231.65,232.86,227.35,227.97,34080839,223.3130668363,224.4795197215,219.1678210457,219.765507648,34080839,0.0,1.0
2020-09-03 00:00:00+00:00,217.3,229.31,214.9602,229.27,58400288,209.4795140234,221.0572819177,207.2239219069,221.0187214917,58400288,0.0,1.0
2020-09-04 00:00:00+00:00,214.25,218.3599,205.19,215.1,59664072,206.539281544,210.5012689103,197.8053450643,207.3586905956,59664072,0.0,1.0
2020-09-08 00:00:00+00:00,202.66,210.03,202.2,206.5,52924330,195.3663981223,202.4711566053,194.9229532238,199.0681990144,52924330,0.0,1.0
2020-09-09 00:00:00+00:00,211.29,214.8399,206.7,207.6,45678986,203.685810023,207.1079514258,199.2610011442,200.1286107283,45678986,0.0,1.0
2020-09-10 00:00:00+00:00,205.37,214.74,204.11,213.4,35461514,197.9788669811,207.011646762,196.7642135634,205.7198724924,35461514,0.0,1.0
2020-09-11 00:00:00+00:00,204.03,208.63,201.24,207.2,33620073,196.6870927114,201.1215416967,193.9975030008,199.7430064687,33620073,0.0,1.0
2020-09-14 00:00:00+00:00,205.41,209.2,204.03,204.24,30375768,198.017427407,201.6710277667,196.6870927114,196.8895349477,30375768,0.0,1.0
2020-09-15 00:00:00+00:00,208.78,209.78,206.93,208.42,21823942,201.2661432941,202.2301539431,199.4827235935,200.9190994605,21823942,0.0,1.0
2020-09-16 00:00:00+00:00,205.05,210.65,204.64,210.62,26372464,197.6703835734,203.0688432077,197.2751392073,203.0399228882,26372464,0.0,1.0
2020-09-17 00:00:00+00:00,202.91,204.33,199.96,200.05,34011257,195.6074007846,196.9762959061,192.7635693701,192.8503303285,34011257,0.0,1.0
2020-09-18 00:00:00+00:00,200.39,203.65,196.25,202.8,55225326,193.1780939491,196.3207686648,189.1870898624,195.5013596132,55225326,0.0,1.0
2020-09-21 00:00:00+00:00,202.54,202.71,196.38,197.19,39839657,195.2507168445,195.4145986548,189.3124112467,190.0932598724,39839657,0.0,1.0
2020-09-22 00:00:00+00:00,207.42,208.1,202.075,205.06,33517065,199.9550888115,200.6106160528,194.8024518927,197.6800236799,33517065,0.0,1.0
2020-09-23 00:00:00+00:00,200.59,208.1,200.03,207.9,30803780,193.3708960789,200.6106160528,192.8310501155,200.417813923,30803780,0.0,1.0
2020-09-24 00:00:00+00:00,203.19,205.57,199.2,199.85,31202493,195.8773237663,198.1716691109,192.0309212769,192.6575281987,31202493,0.0,1.0
2020-09-25 00:00:00+00:00,207.82,209.04,202.54,203.55,29437312,200.3406930711,201.5167860628,195.2507168445,196.2243675999,29437312,0.0,1.0
2020-09-28 00:00:00+00:00,209.44,212.57,208.06,210.88,32004936,201.9023903224,204.9197436537,200.5720556268,203.290565657,32004936,0.0,1.0
2020-09-29 00:00:00+00:00,207.26,210.07,206.81,209.35,24464472,199.8008471076,202.5097170313,199.3670423156,201.815629364,24464472,0.0,1.0
2020-09-30 00:00:00+00:00,210.33,211.98,206.54,207.73,33829088,202.7603598,204.3509773708,199.1067594404,200.2539321127,33829088,0.0,1.0
2020-10-01 00:00:00+00:00,212.46,213.99,211.32,213.49,27158418,204.8137024823,206.2886387753,203.7147303425,205.8066334508,27158418,0.0,1.0
2020-10-02 00:00:00+00:00,206.19,210.99,205.54,208.0,33154781,198.7693557132,203.3966068283,198.1427487914,200.5142149879,33154781,0.0,1.0
2020-10-05 00:00:00+00:00,210.38,210.41,206.98,207.22,21331561,202.8085603325,202.8374806519,199.5309241259,199.7622866817,21331561,0.0,1.0
2020-10-06 00:00:00+00:00,205.91,210.18,204.82,208.82,28554261,198.4994327315,202.6157582027,197.4486611241,201.3047037201,28554261,0.0,1.0
2020-10-07 00:00:00+00:00,209.83,210.11,206.72,207.06,25681054,202.2783544755,202.5482774572,199.2802813572,199.6080449778,25681054,0.0,1.0
2020-10-08 00:00:00+00:00,210.58,211.19,208.32,210.51,19925837,203.0013624623,203.5894089581,200.8226983956,202.9338817168,19925837,0.0,1.0
2020-10-09 00:00:00+00:00,215.81,215.86,211.23,211.23,26458047,208.0431381564,208.0913386889,203.6279693841,203.6279693841,26458047,0.0,1.0
2020-10-12 00:00:00+00:00,221.4,223.86,216.81,218.79,40461368,213.4319576842,215.8034238807,209.0071488054,210.9158898904,40461368,0.0,1.0
2020-10-13 00:00:00+00:00,222.86,225.21,220.43,222.72,28950843,214.8394132317,217.1048382568,212.4968673547,214.7044517409,28950843,0.0,1.0
2020-10-14 00:00:00+00:00,220.86,224.22,219.13,223.0,23451713,212.9113919338,216.1504677143,211.243653511,214.9743747226,23451713,0.0,1.0
2020-10-15 00:00:00+00:00,219.66,220.36,216.01,217.1,22733064,211.754579155,212.4293866093,208.2359402862,209.2867118936,22733064,0.0,1.0
2020-10-16 00:00:00+00:00,219.66,222.29,219.32,220.15,26057882,211.754579155,214.2899271618,211.4268155343,212.226944373,26057882,0.0,1.0
2020-10-19 00:00:00+00:00,214.22,222.3,213.72,220.415,27625841,206.5103612245,214.2995672683,206.0283559001,212.482407195,27625841,0.0,1.0
2020-10-20 00:00:00+00:00,214.65,217.37,213.0901,215.8,22753511,206.9248858036,209.5469947688,205.4211255923,208.0334980499,22753511,0.0,1.0
2020-10-21 00:00:00+00:00,214.8,216.92,213.12,213.12,22724906,207.069487401,209.1131899768,205.4499495107,205.4499495107,22724906,0.0,1.0
2020-10-22 00:00:00+00:00,214.89,216.055,211.7,213.93,22351450,207.1562483594,208.2793207654,204.0810543891,206.2307981363,22351450,0.0,1.0
2020-10-23 00:00:00+00:00,216.23,216.28,213.16,215.03,18879608,208.448022629,208.4962231614,205.4885099366,207.2912098502,18879608,0.0,1.0
2020-10-26 00:00:00+00:00,210.08,216.3399,208.1,213.85,37111561,202.5193571378,208.5539673993,200.6106160528,206.1536772844,37111561,0.0,1.0
2020-10-27 00:00:00+00:00,213.25,214.67,210.329,211.59,36700325,205.575270895,206.9441660166,202.7593957894,203.9750132177,36700325,0.0,1.0
2020-10-28 00:00:00+00:00,202.68,208.84,202.1,207.67,51195593,195.3856783353,201.323983933,194.8265521589,200.1960914737,51195593,0.0,1.0
2020-10-29 00:00:00+00:00,204.72,207.36,203.37,204.07,31432563,197.3522600592,199.8972481725,196.0508456831,196.7256531374,31432563,0.0,1.0
2020-10-30 00:00:00+00:00,202.47,204.29,199.62,203.5,36980111,195.183236099,196.9377354802,192.4358057494,196.1761670675,36980111,0.0,1.0
2020-11-02 00:00:00+00:00,202.33,205.28,200.12,204.29,30842163,195.0482746082,197.8921060227,192.9178110739,196.9377354802,30842163,0.0,1.0
2020-11-03 00:00:00+00:00,206.43,208.12,203.12,203.89,27512030,199.000718269,200.6298962658,195.8098430209,196.5521312206,27512030,0.0,1.0
2020-11-04 00:00:00+00:00,216.39,218.32,212.4185,214.02,42311777,208.6022643328,210.4628048854,204.7736960404,206.3175590947,42311777,0.0,1.0
2020-11-05 00:00:00+00:00,223.29,224.12,221.15,222.04,36080137,215.2539378108,216.0540666494,213.190955022,214.0489244996,36080137,0.0,1.0
2020-11-06 00:00:00+00:00,223.72,224.36,218.03,222.26,25231895,215.6684623899,216.2854292052,210.1832417972,214.2610068423,25231895,0.0,1.0
2020-11-09 00:00:00+00:00,218.39,228.12,217.88,224.435,44394950,210.5302856308,219.9101092454,210.0386401998,216.3577300039,44394950,0.0,1.0
2020-11-10 00:00:00+00:00,211.01,216.5,209.72,214.5,44045120,203.4158870413,208.7083055042,202.1723133041,206.7802842063,44045120,0.0,1.0
2020-11-11 00:00:00+00:00,216.55,218.04,212.2,212.39,29440788,208.7565060367,210.1928819036,204.5630597136,204.7462217369,29440788,0.0,1.0
2020-11-12 00:00:00+00:00,215.44,219.11,214.46,217.21,21616115,207.6864542163,211.2243732981,206.7417237803,209.392753065,21616115,0.0,1.0
2020-11-13 00:00:00+00:00,216.51,217.42,214.16,216.36,18630307,208.7179456107,209.5951953013,206.4525205856,208.5733440134,18630307,0.0,1.0
2020-11-16 00:00:00+00:00,217.23,217.74,214.52,214.87,24953344,209.412033278,209.903678709,206.7995644192,207.1369681464,24953344,0.0,1.0
2020-11-17 00:00:00+00:00,214.46,217.68,214.08,216.1,24154112,206.7417237803,209.84583807,206.3753997337,208.3227012446,24154112,0.0,1.0
2020-11-18 00:00:00+00:00,211.08,215.17,210.93,213.65,28372789,204.0232137502,207.9764776512,203.8782285215,206.507294001,28372789,0.56,1.0
2020-11-19 00:00:00+00:00,212.42,213.03,209.93,211.38,24792746,205.3184151261,205.9080217226,202.9116603306,204.3131842075,24792746,0.0,1.0
2020-11-20 00:00:00+00:00,210.39,213.285,210.0,212.2,22843119,203.3562816984,206.1544966113,202.9793201039,205.1057701241,22843119,0.0,1.0
2020-11-23 00:00:00+00:00,210.11,212.29,208.16,210.95,25683507,203.0856426049,205.1927612613,201.2008346325,203.8975598853,25683507,0.0,1.0
2020-11-24 00:00:00+00:00,213.86,214.25,208.86,209.59,33830438,206.7102733211,207.0872349156,201.8774323662,202.5830271456,33830438,0.0,1.0
2020-11-25 00:00:00+00:00,213.87,215.29,212.46,215.11,21012887,206.719939003,208.0924658342,205.3570778537,207.9184835598,21012887,0.0,1.0
2020-11-27 00:00:00+00:00,215.23,216.27,214.04,214.85,14512213,208.0344717427,209.0397026613,206.8842555954,207.6671758301,14512213,0.0,1.0
2020-11-30 00:00:00+00:00,214.07,214.76,210.835,214.1,33064753,206.9132526412,207.5801846929,203.7864045434,206.9422496869,33064753,0.0,1.0
2020-12-01 00:00:00+00:00,216.21,217.32,213.35,214.51,30498026,208.9817085699,210.0545992618,206.2173235437,207.3385426452,30498026,0.0,1.0
2020-12-02 00:00:00+00:00,215.37,215.47,212.8,214.88,23724509,208.1697912894,208.2664481085,205.6857110386,207.6961728759,23724509,0.0,1.0
2020-12-03 00:00:00+00:00,214.24,216.3757,213.65,214.61,25120922,207.0775692336,209.1418689191,206.507294001,207.4351994643,25120922,0.0,1.0
2020-12-04 00:00:00+00:00,214.36,215.38,213.18,214.22,24666039,207.1935574166,208.1794569714,206.0530069512,207.0582378698,24666039,0.0,1.0
2020-12-07 00:00:00+00:00,214.29,215.54,212.99,214.37,24619997,207.1258976432,208.3341078819,205.8693589949,207.2032230985,24619997,0.0,1.0
2020-12-08 00:00:00+00:00,216.01,216.95,212.89,213.97,23284094,208.7883949317,209.6969690312,205.7727021758,206.8165958221,23284094,0.0,1.0
2020-12-09 00:00:00+00:00,211.8,215.225,211.214,215.16,32440603,204.7191428477,208.0296389017,204.1527338878,207.9668119693,32440603,0.0,1.0
2020-12-10 00:00:00+00:00,210.52,213.08,210.36,211.77,26467017,203.4819355632,205.9563501321,203.3272846527,204.6901458019,26467017,0.0,1.0
2020-12-11 00:00:00+00:00,213.26,213.32,209.11,210.05,30979440,206.1303324065,206.1883264979,202.119074414,203.0276485135,30979440,0.0,1.0
2020-12-14 00:00:00+00:00,214.2,216.21,212.88,213.1,28798379,207.038906506,208.9817085699,205.7630364939,205.9756814959,28798379,0.0,1.0
2020-12-15 00:00:00+00:00,214.13,215.42,212.24,215.165,27018106,206.9712467326,208.218119699,205.1444328517,207.9716448103,27018106,0.0,1.0
2020-12-16 00:00:00+00:00,219.28,220.11,214.72,214.75,35023253,211.9490729161,212.7513245146,207.5415219653,207.570519011,35023253,0.0,1.0
2020-12-17 00:00:00+00:00,219.42,220.89,217.92,219.87,32515784,212.0843924629,213.5052477036,210.6345401764,212.5193481488,32515784,0.0,1.0
2020-12-18 00:00:00+00:00,218.59,219.69,216.02,218.59,63354922,211.2821408644,212.3453658744,208.7980606136,211.2821408644,63354922,0.0,1.0
2020-12-21 00:00:00+00:00,222.59,224.0,217.2801,217.55,37181886,215.1484136283,216.5112747775,210.016033191,210.2769099458,37181886,0.0,1.0
2020-12-22 00:00:00+00:00,223.94,225.63,221.85,222.69,22643397,216.4532806861,218.0867809288,214.4331531669,215.2450704473,22643397,0.0,1.0
2020-12-23 00:00:00+00:00,221.02,223.5589,220.8,223.11,18699638,213.6309015684,216.0849215485,213.4182565664,215.6510290876,18699638,0.0,1.0
2020-12-24 00:00:00+00:00,222.75,223.61,221.2,221.42,10550572,215.3030645388,216.134313183,213.8048838428,214.0175288448,10550572,0.0,1.0
2020-12-28 00:00:00+00:00,224.96,226.03,223.02,224.45,17762701,217.4391802409,218.4734082052,215.5640379504,216.9462304635,17762701,0.0,1.0
2020-12-29 00:00:00+00:00,224.15,227.18,223.58,226.31,17403213,216.6562600062,219.5849616248,216.1053161373,218.7440472987,17403213,0.0,1.0
2020-12-30 00:00:00+00:00,221.68,225.63,221.47,225.23,20272337,214.2688365745,218.0867809288,214.0658572544,217.7001536524,20272337,0.0,1.0
2020-12-31 00:00:00+00:00,222.42,223.0,219.68,221.7,20942132,214.9840970358,215.5447065866,212.3357001925,214.2881679383,20942132,0.0,1.0
2021-01-04 00:00:00+00:00,217.69,223.0,214.81,222.53,37130139,210.4122294925,215.5447065866,207.6285131025,215.0904195368,37130139,0.0,1.0
2021-01-05 00:00:00+00:00,217.9,218.52,215.7,217.26,23822953,210.6152088126,211.214481091,208.4887587925,209.9966051704,23822953,0.0,1.0
2021-01-06 00:00:00+00:00,212.25,216.4899,211.94,212.17,35930653,205.1540985336,209.2522510065,204.8544623944,205.0767730783,35930653,0.0,1.0
2021-01-07 00:00:00+00:00,218.29,219.34,213.71,214.04,27694480,210.9921704071,212.0070670076,206.5652880924,206.8842555954,27694480,0.0,1.0
2021-01-08 00:00:00+00:00,219.62,220.58,217.0261,218.68,22956206,212.2777061011,213.2056115644,209.7705248705,211.3691320016,22956206,0.0,1.0
2021-01-11 00:00:00+00:00,217.49,218.91,216.73,218.47,23047029,210.2189158543,211.5914426855,209.4843240292,211.1661526815,23047029,0.0,1.0
2021-01-12 00:00:00+00:00,214.93,217.1,213.3202,216.5,23148341,207.7445012854,209.8419542598,206.1885198116,209.2620133452,23148341,0.0,1.0
2021-01-13 00:00:00+00:00,216.34,216.76,213.9266,214.02,20087080,209.1073624347,209.5133210749,206.7746467626,206.8649242316,20087080,0.0,1.0
2021-01-14 00:00:00+00:00,213.02,217.46,212.74,215.91,29346737,205.8983560407,210.1899188086,205.6277169472,208.6917381126,29346737,0.0,1.0
2021-01-15 00:00:00+00:00,212.65,214.51,212.03,213.52,31746512,205.54072581,207.3385426452,204.9414535316,206.3816401361,31746512,0.0,1.0
2021-01-19 00:00:00+00:00,216.44,216.98,212.63,213.75,30480859,209.2040192538,209.7259660769,205.5213944462,206.6039508201,30480859,0.0,1.0
2021-01-20 00:00:00+00:00,224.34,225.79,217.2908,217.7,37777260,216.8399079625,218.2414318394,210.0263754707,210.4218951744,37777260,0.0,1.0
2021-01-21 00:00:00+00:00,224.97,226.3,222.42,224.7,30749553,217.4488459228,218.7343816168,214.9840970358,217.1878725112,30749553,0.0,1.0
2021-01-22 00:00:00+00:00,225.95,230.07,225.8,227.08,30172663,218.3960827499,222.3783436967,218.2510975213,219.4883048057,30172663,0.0,1.0
2021-01-25 00:00:00+00:00,229.53,229.78,224.22,229.12,33152095,221.8563968736,222.0980389213,216.7239197795,221.4601039153,33152095,0.0,1.0
2021-01-26 00:00:00+00:00,232.33,234.18,230.08,231.86,49169601,224.5627878083,226.3509389616,222.3880093786,224.1085007586,49169601,0.0,1.0
2021-01-27 00:00:00+00:00,232.9,240.44,230.14,238.0,69870638,225.1137316772,232.4016558371,222.4460034701,230.0432294511,69870638,0.0,1.0
2021-01-28 00:00:00+00:00,238.93,242.64,235.09,235.61,49111159,230.9421378687,234.5281058572,227.2305160154,227.7331314747,49111159,0.0,1.0
2021-01-29 00:00:00+00:00,231.96,238.02,231.35,235.99,42503138,224.2051575777,230.0625608149,223.6155509812,228.1004273873,42503138,0.0,1.0
2021-02-01 00:00:00+00:00,239.65,242.5,232.43,235.06,33314193,231.6380669662,234.3927863105,224.6594446274,227.2015189697,33314193,0.0,1.0
2021-02-02 00:00:00+00:00,239.51,242.31,238.69,241.3,25678356,231.5027474195,234.2091383542,230.7101615029,233.2329044813,25678356,0.0,1.0
2021-02-03 00:00:00+00:00,243.0,245.09,239.26,239.57,27158104,234.876070406,236.8961979251,231.2611053717,231.5607415109,27158104,0.0,1.0
2021-02-04 00:00:00+00:00,242.01,243.2399,240.37,242.66,25296100,233.9191678969,235.107950115,232.3339960637,234.547437221,25296100,0.0,1.0
2021-02-05 00:00:00+00:00,242.2,243.28,240.42,242.23,18054752,234.1028158532,235.1467094994,232.3823244733,234.1318128989,18054752,0.0,1.0
2021-02-08 00:00:00+00:00,242.47,243.68,240.81,243.15,22211929,234.3637892648,235.5333367758,232.7592860677,235.0210556346,22211929,0.0,1.0
2021-02-09 00:00:00+00:00,243.77,244.76,241.38,241.87,23471475,235.620327913,236.5772304221,233.3102299366,233.7838483502,23471475,0.0,1.0
2021-02-10 00:00:00+00:00,242.82,245.92,240.89,245.0,22117240,234.7020881316,237.6984495236,232.836611523,236.8092067879,22117240,0.0,1.0
2021-02-11 00:00:00+00:00,244.49,245.15,242.15,244.78,15751059,236.3162570105,236.9541920166,234.0544874436,236.5965617859,15751059,0.0,1.0
2021-02-12 00:00:00+00:00,244.99,245.3,242.73,243.9332,16561079,236.799541106,237.0991772452,234.6150969944,235.7780718418,16561079,0.0,1.0
2021-02-16 00:00:00+00:00,243.7,246.13,242.92,245.03,26728487,235.5526681397,237.9014288437,234.7987449507,236.8382038336,26728487,0.0,1.0
2021-02-17 00:00:00+00:00,244.2,244.31,240.94,241.32,21451617,236.5772304221,236.6837967421,233.4189922109,233.7871304073,21451617,0.56,1.0
2021-02-18 00:00:00+00:00,243.79,243.93,240.86,241.8,16925563,236.1800286839,236.3156585457,233.3414894327,234.2521470764,16925563,0.0,1.0
2021-02-19 00:00:00+00:00,240.97,243.86,240.18,243.75,25262600,233.4480557527,236.2478436148,232.6827158181,236.1412772948,25262600,0.0,1.0
2021-02-22 00:00:00+00:00,234.51,237.93,232.4,237.42,36182764,227.1897064139,230.5029501815,225.1455706392,230.0088699706,36182764,0.0,1.0
2021-02-23 00:00:00+00:00,233.27,234.83,228.73,230.325,30228704,225.988413352,227.4997175267,221.5901306898,223.1353423299,30228704,0.0,1.0
2021-02-24 00:00:00+00:00,234.55,235.2,229.0,230.01,26339746,227.228457803,227.8581678758,221.8517025662,222.8301751408,26339746,0.0,1.0
2021-02-25 00:00:00+00:00,228.99,234.5852,227.88,232.08,39118089,221.8420147189,227.2625590254,220.7666636715,224.8355595264,39118089,0.0,1.0
2021-02-26 00:00:00+00:00,232.38,235.37,229.54,231.525,37545055,225.1261949446,228.0228612795,222.3748463189,224.2978840028,37545055,0.0,1.0
2021-03-01 00:00:00+00:00,236.94,237.47,233.15,235.9,25332837,229.5438533014,230.0573092069,225.8721591847,228.536317185,25332837,0.0,1.0
2021-03-02 00:00:00+00:00,233.87,237.3,233.45,237.01,22812459,226.5696841884,229.8926158033,226.1627946029,229.6116682323,22812459,0.0,1.0
2021-03-03 00:00:00+00:00,227.56,233.5799,227.26,232.155,34029526,220.4566525588,226.288639739,220.1660171405,224.908218381,34029526,0.0,1.0
2021-03-04 00:00:00+00:00,226.73,232.49,224.26,226.735,44727785,219.652561235,225.2327612647,217.2596629585,219.6574051587,44727785,0.0,1.0
2021-03-05 00:00:00+00:00,231.6,233.27,226.46,229.5165,41872770,224.3705428573,225.988413352,219.3909893587,222.3520798778,41872770,0.0,1.0
2021-03-08 00:00:00+00:00,227.39,233.365,227.13,231.37,35267440,220.2919591551,226.0804479011,220.040075126,224.14772237,35267440,0.0,1.0
2021-03-09 00:00:00+00:00,233.78,235.3839,231.67,232.88,33080531,226.482493563,228.0363273872,224.4383577882,225.6105873083,33080531,0.0,1.0
2021-03-10 00:00:00+00:00,232.42,237.0,232.04,237.0,29746812,225.1649463337,229.6019803851,224.7968081373,229.6019803851,29746812,0.0,1.0
2021-03-11 00:00:00+00:00,237.13,239.17,234.31,234.96,29907586,229.7279223996,231.7042432434,226.9959494685,227.6256595412,29907586,0.0,1.0
2021-03-12 00:00:00+00:00,235.75,235.82,233.23,234.01,22653662,228.3909994759,228.4588144068,225.9496619629,226.7053140502,22653662,0.0,1.0
2021-03-15 00:00:00+00:00,234.81,235.185,231.81,234.96,26042669,227.4803418321,227.8436361049,224.5739876501,227.6256595412,26042669,0.0,1.0
2021-03-16 00:00:00+00:00,237.71,240.055,235.94,236.28,28092196,230.2898175415,232.5616177272,228.5750685741,228.9044553814,28092196,0.0,1.0
2021-03-17 00:00:00+00:00,237.04,238.55,233.23,236.15,29562100,229.6407317742,231.1035967125,225.9496619629,228.7785133668,29562100,0.0,1.0
2021-03-18 00:00:00+00:00,230.72,234.19,230.33,232.56,34852251,223.5180122972,226.8796953012,223.1401862536,225.3005761956,34852251,0.0,1.0
2021-03-19 00:00:00+00:00,230.35,232.474,229.3496,231.02,46430730,223.1595619481,225.217260709,222.1903897068,223.8086477154,46430730,0.0,1.0
2021-03-22 00:00:00+00:00,235.99,236.9,230.14,230.27,30127005,228.6235078104,229.5051019123,222.9561171554,223.0820591699,30127005,0.0,1.0
2021-03-23 00:00:00+00:00,237.58,241.05,237.07,237.485,31638376,230.1638755269,233.5255585309,229.669795316,230.0718409778,31638376,0.0,1.0
2021-03-24 00:00:00+00:00,235.46,238.0,235.32,237.845,25620127,228.1100519049,230.5707651124,227.9744220431,230.4206034797,25620127,0.0,1.0
2021-03-25 00:00:00+00:00,232.34,236.94,231.57,235.3,34061853,225.0874435556,229.5438533014,224.3414793155,227.9550463485,34061853,0.0,1.0
2021-03-26 00:00:00+00:00,236.48,236.71,231.55,231.55,25479853,229.0982123268,229.3210328141,224.3221036209,224.3221036209,25479853,0.0,1.0
2021-03-29 00:00:00+00:00,235.24,236.8,231.88,236.59,25227455,227.8969192649,229.4082234396,224.641802581,229.2047786468,25227455,0.0,1.0
2021-03-30 00:00:00+00:00,231.85,233.85,231.1,233.525,24792012,224.6127390391,226.5503084939,223.8861504936,226.2354534575,24792012,0.0,1.0
2021-03-31 00:00:00+00:00,235.77,239.1,232.39,232.91,43623471,228.4103751704,231.6364283125,225.1358827919,225.6396508502,43623471,0.0,1.0
2021-04-01 00:00:00+00:00,242.35,242.84,238.0501,238.47,30337982,234.7849786765,235.2596831929,230.6193012273,231.0260939343,30337982,0.0,1.0
2021-04-05 00:00:00+00:00,249.07,249.96,242.7,242.76,36910609,241.2952120443,242.1574304517,235.124053331,235.1821804147,36910609,0.0,1.0
2021-04-06 00:00:00+00:00,247.86,249.4,246.88,247.61,22931923,240.1229825242,241.6149110044,239.1735734914,239.8807863424,22931923,0.0,1.0
2021-04-07 00:00:00+00:00,249.9,250.93,247.19,247.81,22719835,242.0993033681,243.0971516372,239.4738967569,240.0745432879,22719835,0.0,1.0
2021-04-08 00:00:00+00:00,253.25,254.139,252.0,252.77,23625197,245.3447322047,246.2059818273,244.1337512955,244.8797155356,23625197,0.0,1.0
2021-04-09 00:00:00+00:00,255.85,255.99,252.44,252.87,24326833,247.8635724959,247.9992023577,244.5600165756,244.9765940083,24326833,0.0,1.0
2021-04-12 00:00:00+00:00,255.91,257.67,254.62,254.71,27148668,247.9216995795,249.6267606997,246.6719672812,246.7591579067,27148668,0.0,1.0
2021-04-13 00:00:00+00:00,258.49,259.19,256.83,257.2573,23837469,250.4211641761,251.0993134853,248.8129815287,249.2269432427,23837469,0.0,1.0
2021-04-14 00:00:00+00:00,255.59,258.83,255.16,257.475,23070938,247.6116884667,250.7505509834,247.195111034,249.4378476778,23070938,0.0,1.0
2021-04-15 00:00:00+00:00,259.5,259.93,257.73,257.931,25627481,251.3996367507,251.8162141835,249.6848877833,249.8796135135,25627481,0.0,1.0
2021-04-16 00:00:00+00:00,260.74,261.0,257.6014,259.47,24878582,252.6009298127,252.8528138418,249.5603020674,251.3705732089,24878582,0.0,1.0
2021-04-19 00:00:00+00:00,258.74,261.48,257.821,260.19,23209260,250.6633603579,253.3178305109,249.7730471935,252.0680982126,23209260,0.0,1.0
2021-04-20 00:00:00+00:00,258.26,260.2,256.84,257.82,19722875,250.1983436888,252.0777860599,248.822669376,249.7720784088,19722875,0.0,1.0
2021-04-21 00:00:00+00:00,260.58,260.68,257.25,258.94,24030383,252.4459242563,252.542802729,249.2198711142,250.8571173034,24030383,0.0,1.0
2021-04-22 00:00:00+00:00,257.17,261.78,255.64,260.21,25606152,249.142368336,253.6084659291,247.6601277031,252.0874739072,25606152,0.0,1.0
2021-04-23 00:00:00+00:00,261.15,261.51,257.27,257.88,21499286,252.9981315509,253.3468940527,249.2392468087,249.8302054924,21499286,0.0,1.0
2021-04-26 00:00:00+00:00,261.55,262.435,260.17,261.66,19763346,253.3856454418,254.2430199255,252.0487225181,253.4922117618,19763346,0.0,1.0
2021-04-27 00:00:00+00:00,261.97,263.19,260.12,261.585,31014213,253.7925350273,254.9744523947,252.0002832817,253.4195529073,31014213,0.0,1.0
2021-04-28 00:00:00+00:00,254.56,256.5399,252.95,256.078,46903119,246.6138401976,248.5319370793,245.0540967865,248.0844554137,46903119,0.0,1.0
2021-04-29 00:00:00+00:00,252.51,256.1,249.0,255.46,40589023,244.6278315065,248.1057686777,241.2273971134,247.4857464522,40589023,0.0,1.0
2021-04-30 00:00:00+00:00,252.18,253.08,249.6,249.74,30945098,244.3081325464,245.1800388011,241.8086679498,241.9442978117,30945098,0.0,1.0
2021-05-03 00:00:00+00:00,251.86,254.35,251.12,253.4,19626568,243.9981214337,246.4103954048,243.2812207354,245.4900499138,19626568,0.0,1.0
2021-05-04 00:00:00+00:00,247.79,251.21,245.76,250.97,32756052,240.0551675933,243.3684113609,238.0885345968,243.1359030263,32756052,0.0,1.0
2021-05-05 00:00:00+00:00,246.47,249.5,245.82,249.06,21901325,238.7763717532,241.7117894771,238.1466616804,241.2855241971,21901325,0.0,1.0
2021-05-06 00:00:00+00:00,249.73,249.86,244.69,246.45,26491085,241.9346099644,242.060551979,237.0519349385,238.7569960586,26491085,0.0,1.0
2021-05-07 00:00:00+00:00,252.46,254.3,251.17,252.15,27032912,244.5793922701,246.3619561684,243.3296599718,244.2790690046,27032912,0.0,1.0
2021-05-10 00:00:00+00:00,247.18,251.73,247.12,250.87,29299890,239.4642089096,243.8721794191,239.406081826,243.0390245536,29299890,0.0,1.0
2021-05-11 00:00:00+00:00,246.23,246.6,242.57,244.55,33641589,238.5438634186,238.9023137678,234.9981113165,236.9163050767,33641589,0.0,1.0
2021-05-12 00:00:00+00:00,239.0,244.38,238.07,242.165,36684370,231.5395498398,236.751611673,230.6385800433,234.6057535019,36684370,0.0,1.0
2021-05-13 00:00:00+00:00,243.03,245.6,241.42,241.8,29624298,235.4437522911,237.9335290404,233.88400888,234.2521470764,29624298,0.0,1.0
2021-05-14 00:00:00+00:00,248.15,249.18,245.49,245.575,23901081,240.4039300952,241.4017783643,237.8269627204,237.9093094222,23901081,0.0,1.0
2021-05-17 00:00:00+00:00,245.18,246.59,243.52,246.55,24970168,237.5266394549,238.8926259205,235.9184568075,238.8538745314,24970168,0.0,1.0
2021-05-18 00:00:00+00:00,243.08,246.41,242.9,246.27,20167975,235.4921915274,238.7182446696,235.3178102765,238.5826148077,20167975,0.0,1.0
2021-05-19 00:00:00+00:00,243.12,243.23,238.6,239.31,25739807,236.0734623639,236.1802741476,231.6844690688,232.373890582,25739807,0.56,1.0
2021-05-20 00:00:00+00:00,246.48,247.95,243.86,243.96,21800716,239.3360768486,240.7634706857,236.7920143635,236.8891159851,21800716,0.0,1.0
2021-05-21 00:00:00+00:00,245.17,248.33,244.74,247.565,21863058,238.0640456061,241.1324568477,237.6465086333,240.3896294427,21863058,0.0,1.0
2021-05-24 00:00:00+00:00,250.78,251.16,247.51,247.785,21411547,243.5114465762,243.8804327382,240.3362235508,240.6032530101,21411547,0.0,1.0
2021-05-25 00:00:00+00:00,251.72,252.75,250.82,251.769,17704303,244.424201819,245.4243485212,243.5502872248,244.4717816135,17704303,0.0,1.0
2021-05-26 00:00:00+00:00,251.49,252.94,250.75,251.43,17771600,244.2008680894,245.6088416021,243.4823160897,244.1426071164,17771600,0.0,1.0
2021-05-27 00:00:00+00:00,249.31,251.48,249.25,251.17,24426244,242.0840527391,244.1911579272,242.0257917662,243.8901429003,24426244,0.0,1.0
2021-05-28 00:00:00+00:00,249.68,252.08,249.56,250.995,18274942,242.4433287389,244.7737676566,242.326806793,243.7202150626,18274942,0.0,1.0
2021-06-01 00:00:00+00:00,247.4,251.29,246.96,251.23,23213310,240.2294117671,244.0066648462,239.8021646322,243.9484038733,23213310,0.0,1.0
2021-06-02 00:00:00+00:00,247.3,249.27,245.84,248.125,19406705,240.1323101455,242.0452120905,238.7146264706,240.9333985235,19406705,0.0,1.0
2021-06-03 00:00:00+00:00,245.71,246.34,243.0,245.22,25307711,238.5883943625,239.2001345784,235.956940418,238.1125964168,25307711,0.0,1.0
2021-06-04 00:00:00+00:00,250.79,251.65,247.51,247.76,25281094,243.5211567384,244.3562306839,240.3362235508,240.5789776048,25281094,0.0,1.0
2021-06-07 00:00:00+00:00,253.81,254.09,249.81,249.98,23079167,246.4536257098,246.7255102502,242.569560847,242.7346336036,23079167,0.0,1.0
2021-06-08 00:00:00+00:00,252.57,256.01,252.51,255.16,22454998,245.2495656023,248.5898613844,245.1913046294,247.764497601,22454998,0.0,1.0
2021-06-09 00:00:00+00:00,253.59,255.53,253.21,253.81,17937634,246.2400021424,248.1237736008,245.8710159804,246.4536257098,17937634,0.0,1.0
2021-06-10 00:00:00+00:00,257.24,257.46,253.67,254.29,24563619,249.7842113297,249.9978348972,246.3176834396,246.9197134934,24563619,0.0,1.0
2021-06-11 00:00:00+00:00,257.89,258.4868,256.61,257.985,18999731,250.4153718699,250.9948743475,249.1724711138,250.5076184104,18999731,0.0,1.0
2021-06-14 00:00:00+00:00,259.89,259.95,256.8,257.9,19150507,252.3574043013,252.4156652743,249.3569641948,250.4250820321,19150507,0.0,1.0
2021-06-15 00:00:00+00:00,258.36,259.99,257.68,259.775,18038931,250.8717494913,252.4545059229,250.2114584646,252.2457374365,18038931,0.0,1.0
2021-06-16 00:00:00+00:00,257.38,260.58,254.42,259.4,27036535,249.9201535999,253.0274054902,247.0459456014,251.8816063556,27036535,0.0,1.0
2021-06-17 00:00:00+00:00,260.9,261.75,256.01,256.065,27565537,253.3381306792,254.1634944626,248.5898613844,248.6432672762,27565537,0.0,1.0
2021-06-18 00:00:00+00:00,259.43,262.3,258.75,259.63,37202217,251.9107368421,254.6975533812,251.2504458154,252.1049400853,37202217,0.0,1.0
2021-06-21 00:00:00+00:00,262.63,263.52,257.92,259.82,26696119,255.0179887324,255.8821931644,250.4445023564,252.2894331662,26696119,0.0,1.0
2021-06-22 00:00:00+00:00,265.51,265.79,262.4,262.72,24694090,257.8145154336,258.086399974,254.7946550028,255.1053801918,24694090,0.0,1.0
2021-06-23 00:00:00+00:00,265.275,266.83,264.43,265.99,19518681,257.5863266229,259.0962568384,256.7658179207,258.2806032172,19518681,0.0,1.0
2021-06-24 00:00:00+00:00,266.69,267.85,265.47,266.16,21446867,258.9603145682,260.0866933784,257.775674785,258.4456759739,21446867,0.0,1.0
2021-06-25 00:00:00+00:00,265.02,267.25,264.76,266.23,25611113,257.3387174879,259.504083649,257.0862532719,258.513647109,25611113,0.0,1.0
2021-06-28 00:00:00+00:00,268.72,268.9,265.91,266.185,19590024,260.9314774861,261.1062604049,258.2029219199,258.4699513792,19590024,0.0,1.0
2021-06-29 00:00:00+00:00,271.4,271.65,267.98,268.865,19937811,263.5338009442,263.7765549981,260.2129254864,261.0722748374,19937811,0.0,1.0
2021-06-30 00:00:00+00:00,270.9,271.3598,269.6043,270.69,21656457,263.0482928363,263.4947660923,261.7901471256,262.844379431,21656457,0.0,1.0
2021-07-01 00:00:00+00:00,271.6,271.84,269.6,269.61,16725323,263.7280041873,263.9610480791,261.7859717559,261.7956819181,16725323,0.0,1.0
2021-07-02 00:00:00+00:00,277.65,278.0,272.5,272.82,26474408,269.6026522924,269.9425079679,264.6019187815,264.9126439705,26474408,0.0,1.0
2021-07-06 00:00:00+00:00,277.66,279.3698,274.3,278.03,31565560,269.6123624545,271.2726059802,266.3497479697,269.9716384544,31565560,0.0,1.0
2021-07-07 00:00:00+00:00,279.93,280.6945,277.15,279.4,23260031,271.8165692642,272.5589111611,269.1171441845,271.3019306699,23260031,0.0,1.0
2021-07-08 00:00:00+00:00,277.42,278.73,274.87,276.9,24618591,269.3793185628,270.6513498053,266.9032272127,268.8743901306,24618591,0.0,1.0
2021-07-09 00:00:00+00:00,277.94,278.05,275.32,275.72,23916665,269.8842469949,269.9910587787,267.3401845098,267.7285909961,23916665,0.0,1.0
2021-07-12 00:00:00+00:00,277.32,279.77,276.58,279.157,18931695,269.2822169412,271.6612066697,268.5636649416,271.0659737295,18931695,0.0,1.0
2021-07-13 00:00:00+00:00,280.98,282.8477,277.39,277.52,26120128,272.8361362907,274.6497032768,269.3501880763,269.4764201843,26120128,0.0,1.0
2021-07-14 00:00:00+00:00,282.51,283.66,280.55,282.345,23113662,274.3217911007,275.4384597488,272.4185993179,274.1615734251,23113662,0.0,1.0
2021-07-15 00:00:00+00:00,281.03,282.51,279.83,282.0,22604227,272.8846871015,274.3217911007,271.7194676426,273.8265728307,22604227,0.0,1.0
2021-07-16 00:00:00+00:00,280.75,284.1,279.46,282.07,26186848,272.6128025611,275.8657068837,271.3601916428,273.8945439658,26186848,0.0,1.0
2021-07-19 00:00:00+00:00,277.01,280.37,274.45,278.9335,32935634,268.9812019143,272.2438163991,266.4954004021,270.8489516052,32935634,0.0,1.0
2021-07-20 00:00:00+00:00,279.32,280.97,276.26,278.03,26259741,271.2242493726,272.8264261285,268.2529397525,269.9716384544,26259741,0.0,1.0
2021-07-21 00:00:00+00:00,281.4,281.52,277.29,278.905,24364320,273.2439631013,273.3604850472,269.2530864547,270.8212776431,24364320,0.0,1.0
2021-07-22 00:00:00+00:00,286.14,286.42,283.42,283.84,23384059,277.8465799638,278.1184645042,275.205415857,275.6132426676,23384059,0.0,1.0
2021-07-23 00:00:00+00:00,289.67,289.99,286.5,287.37,22768071,281.2742672052,281.5849923943,278.1961458014,279.0409299091,22768071,0.0,1.0
2021-07-26 00:00:00+00:00,289.05,289.69,286.642,289.0,23176073,280.6722371515,281.2936875296,278.3340301041,280.6236863407,23176073,0.0,1.0
2021-07-27 00:00:00+00:00,286.54,289.575,282.95,289.43,33604073,278.2349864501,281.1820206647,274.7490382357,281.0412233135,33604073,0.0,1.0
2021-07-28 00:00:00+00:00,286.22,290.15,283.8303,288.99,33566853,277.924261261,281.7403549888,275.6038238103,280.6139761786,33566853,0.0,1.0
2021-07-29 00:00:00+00:00,286.5,288.618,286.08,286.235,17782235,278.1961458014,280.2527581463,277.7883189908,277.9388265043,17782235,0.0,1.0
2021-07-30 00:00:00+00:00,284.91,286.66,283.91,285.17,20944846,276.6522300184,278.3515083959,275.6812138027,276.9046942345,20944846,0.0,1.0
2021-08-02 00:00:00+00:00,284.82,286.775,283.74,286.36,16267357,276.564838559,278.4631752608,275.5161410461,278.0602035312,16267357,0.0,1.0
2021-08-03 00:00:00+00:00,287.12,287.23,284.0,285.42,17879048,278.7981758552,278.9049876389,275.7686052622,277.1474482885,17879048,0.0,1.0
2021-08-04 00:00:00+00:00,286.51,287.5883,284.65,286.22,16191301,278.2058559636,279.252902749,276.3997658024,277.924261261,16191301,0.0,1.0
2021-08-05 00:00:00+00:00,289.52,289.63,286.1,286.88,13900167,281.1286147729,281.2354265566,277.8077393151,278.5651319634,13900167,0.0,1.0
2021-08-06 00:00:00+00:00,289.46,289.5,287.6238,288.505,16589336,281.0703537999,281.1091944486,279.2873738246,280.1430333139,16589336,0.0,1.0
2021-08-09 00:00:00+00:00,288.33,291.55,287.81,289.75,16117629,279.9731054762,283.0997776908,279.468177044,281.3519485025,16117629,0.0,1.0
2021-08-10 00:00:00+00:00,286.44,289.25,285.2,288.8,18616578,278.1378848285,280.8664403946,276.933824721,280.4294830976,18616578,0.0,1.0
2021-08-11 00:00:00+00:00,286.95,288.66,285.86,287.21,13955934,278.6331030985,280.2935408274,277.5746954234,278.8855673146,13955934,0.0,1.0
2021-08-12 00:00:00+00:00,289.81,289.97,286.34,286.63,14570391,281.4102094754,281.56557207,278.0407832069,278.3223779095,14570391,0.0,1.0
2021-08-13 00:00:00+00:00,292.85,292.9,289.3,289.48,17283015,284.3620987712,284.410649582,280.9149912054,281.0897741243,17283015,0.0,1.0
2021-08-16 00:00:00+00:00,294.6,294.82,290.02,293.19,22516027,286.0613771487,286.2750007162,281.6141228807,284.6922442845,22516027,0.0,1.0
2021-08-17 00:00:00+00:00,293.08,293.43,291.08,292.39,20075250,284.5854325008,284.9252881763,282.6434000694,283.915431312,20075250,0.0,1.0
2021-08-18 00:00:00+00:00,290.73,294.82,290.27,292.04,21812985,282.8473134747,286.8264195598,282.3997856509,284.1217948858,21812985,0.56,1.0
2021-08-19 00:00:00+00:00,296.77,297.47,288.64,288.6935,29850461,288.7235483778,289.4045689792,280.8139805364,280.866029968,29850461,0.0,1.0
2021-08-20 00:00:00+00:00,304.36,305.84,298.06,299.72,40817646,296.1077574697,297.5476295982,289.9785720575,291.5935637692,40817646,0.0,1.0
2021-08-23 00:00:00+00:00,304.65,305.4,301.85,303.245,22830157,296.3898945759,297.119559506,293.6658121705,295.0229889404,22830157,0.0,1.0
2021-08-24 00:00:00+00:00,302.62,305.65,302.0035,305.02,18175774,294.414934832,297.3627811493,293.8151502595,296.7498626081,18175774,0.0,1.0
2021-08-25 00:00:00+00:00,302.01,304.59,300.42,304.3,20006057,293.8214740223,296.3315213815,292.2745843706,296.0493842753,20006057,0.0,1.0
2021-08-26 00:00:00+00:00,299.09,302.429,298.95,300.99,17666084,290.980645228,294.2291134965,290.8444411078,292.8291297174,17666084,0.0,1.0
2021-08-27 00:00:00+00:00,299.72,300.87,296.83,298.987,22605726,291.5935637692,292.7123833286,288.7819215722,290.880437911,22605726,0.0,1.0
2021-08-30 00:00:00+00:00,303.59,304.22,301.06,301.115,16348072,295.3586348082,295.9715533494,292.8972317776,292.9507405391,16348072,0.0,1.0
2021-08-31 00:00:00+00:00,301.88,304.5,301.5,304.42,26285338,293.6949987677,296.2439615899,293.3253018698,296.1661306641,26285338,0.0,1.0
2021-09-01 00:00:00+00:00,301.83,305.19,301.49,302.865,18983826,293.6463544391,296.9152533256,293.3155730041,294.6532920425,18983826,0.0,1.0
2021-09-02 00:00:00+00:00,301.15,303.3602,300.18,302.2,16290545,292.9847915692,295.1350654736,292.041091593,294.0063224712,16290545,0.0,1.0
2021-09-03 00:00:00+00:00,301.14,302.6,300.26,300.99,14751610,292.9750627034,294.3954771005,292.1189225189,292.8291297174,14751610,0.0,1.0
2021-09-07 00:00:00+00:00,300.18,301.09,298.2,301.005,17184083,292.041091593,292.9264183748,290.1147761777,292.843723016,17184083,0.0,1.0
2021-09-08 00:00:00+00:00,300.21,300.61,297.4651,299.78,15046819,292.0702781902,292.4594328195,289.399801835,291.6519369637,15046819,0.0,1.0
2021-09-09 00:00:00+00:00,297.25,302.14,297.0,300.82,19927000,289.190533933,293.9479492768,288.9473122897,292.663739,19927000,0.0,1.0
2021-09-10 00:00:00+00:00,295.71,299.92,295.38,298.415,19633363,287.6922886101,291.7881410839,287.3712360408,290.323946791,19633363,0.0,1.0
2021-09-13 00:00:00+00:00,296.99,298.54,294.08,297.55,23652949,288.937583424,290.4455576127,286.1064834955,289.482399905,23652949,0.0,1.0
2021-09-14 00:00:00+00:00,299.79,301.39,298.1,299.56,21853433,291.6616658294,293.2182843468,290.0174875204,291.4379019175,21853433,0.0,1.0
2021-09-15 00:00:00+00:00,304.82,305.32,301.82,303.26,28356304,296.5552852934,297.0417285801,293.6366255733,295.037582239,28356304,0.0,1.0
2021-09-16 00:00:00+00:00,305.22,305.31,300.76,303.76,19550815,296.9444399228,297.0319997144,292.6053658055,295.5240255256,19550815,0.0,1.0
2021-09-17 00:00:00+00:00,299.87,304.5,299.53,304.17,41372457,291.7394967553,296.2439615899,291.4087153203,295.9229090207,41372457,0.0,1.0
2021-09-20 00:00:00+00:00,294.3,298.72,289.52,296.33,38278661,286.3205185416,290.6206771959,281.6701207209,288.2954782855,38278661,0.0,1.0
2021-09-21 00:00:00+00:00,294.8,297.54,294.07,295.69,22364103,286.8069618283,289.4726710393,286.0967546297,287.6728308786,22364103,0.0,1.0
2021-09-22 00:00:00+00:00,298.58,300.22,294.51,296.725,26626342,290.4844730756,292.0800070559,286.524824722,288.679768482,26626342,0.0,1.0
2021-09-23 00:00:00+00:00,299.56,300.9,297.5339,298.845,18604601,291.4379019175,292.7415699258,289.4667364312,290.7422880176,18604601,0.0,1.0
2021-09-24 00:00:00+00:00,299.35,299.8,296.93,298.23,14998978,291.2335957371,291.6713946951,288.8792102296,290.1439627749,14998978,0.0,1.0
2021-09-27 00:00:00+00:00,294.17,296.47,292.9449,296.14,23571742,286.1940432871,288.4316824058,285.002159946,288.1106298366,23571742,0.0,1.0
2021-09-28 00:00:00+00:00,283.52,290.78,282.75,289.795,43186237,275.8328012807,282.8959578034,275.0836786192,281.9376645286,43186237,0.0,1.0
2021-09-29 00:00:00+00:00,284.0,286.77,283.01,285.1,26353696,276.2997868359,278.9946826442,275.3366291283,277.3699620666,26353696,0.0,1.0
2021-09-30 00:00:00+00:00,281.92,287.83,281.62,285.71,32343635,274.2761827633,280.0259424119,273.9843167913,277.9634228764,32343635,0.0,1.0
2021-10-01 00:00:00+00:00,289.1,289.98,281.29,282.1217,30086280,281.2615083601,282.1176485447,273.6632642221,274.4724139852,30086280,0.0,1.0
2021-10-04 00:00:00+00:00,283.11,287.75,280.25,287.4,31350747,275.4339177856,279.9481114861,272.6514621858,279.6076011854,31350747,0.0,1.0
2021-10-05 00:00:00+00:00,288.76,290.398,284.0464,284.0464,24993024,280.9307269252,282.5243151323,276.3449287729,276.3449287729,24993024,0.0,1.0
2021-10-06 00:00:00+00:00,293.11,293.63,285.5093,285.78,28002559,285.1627835193,285.6686845375,277.7681645411,278.0315249365,28002559,0.0,1.0
2021-10-07 00:00:00+00:00,294.85,296.64,293.92,295.175,20430471,286.855606157,288.5970731233,285.9508216437,287.1717942933,20430471,0.0,1.0
2021-10-08 00:00:00+00:00,294.85,296.6409,293.76,296.219,17685700,286.855606157,288.5979487212,285.795159792,288.1874878759,17685700,0.0,1.0
2021-10-11 00:00:00+00:00,294.23,297.97,292.745,292.92,19298634,286.2524164815,289.8910122659,284.80767992,284.9779350704,19298634,0.0,1.0
2021-10-12 00:00:00+00:00,292.88,295.44,292.35,295.34,17974143,284.9390196074,287.4296092352,284.4233897235,287.3323205779,17974143,0.0,1.0
2021-10-13 00:00:00+00:00,296.31,297.28,293.49,294.91,23424025,288.2760205541,289.2197205302,285.5324804172,286.9139793514,23424025,0.0,1.0
2021-10-14 00:00:00+00:00,302.75,303.27,297.83,299.21,27262902,294.5414100865,295.0473111047,289.7548081456,291.0973916168,27262902,0.0,1.0
2021-10-15 00:00:00+00:00,304.21,304.45,300.5191,302.34,25384803,295.9618244837,296.1953172613,292.37099743,294.1425265915,25384803,0.0,1.0
2021-10-18 00:00:00+00:00,307.29,308.21,302.69,303.57,22729297,298.9583151296,299.8533707771,294.4830368921,295.3391770767,22729297,0.0,1.0
2021-10-19 00:00:00+00:00,308.23,309.3,307.22,308.348,17682139,299.8728285086,300.9138171421,298.8902130695,299.9876291243,17682139,0.0,1.0
2021-10-20 00:00:00+00:00,307.41,309.7,306.11,309.21,16537069,299.0750615184,301.3029717714,297.8103089731,300.8262573505,16537069,0.0,1.0
2021-10-21 00:00:00+00:00,310.76,311.02,306.36,307.1702,16918100,302.3342315392,302.5871820483,298.0535306164,298.8417633181,16918100,0.0,1.0
2021-10-22 00:00:00+00:00,309.16,311.09,307.8,310.4,17449332,300.7776130218,302.6552841084,299.454487282,301.9839923728,17449332,0.0,1.0
2021-10-25 00:00:00+00:00,308.13,309.4,306.46,309.36,17554469,299.7755398513,301.0111057994,298.1508192737,300.9721903365,17554469,0.0,1.0
2021-10-26 00:00:00+00:00,310.11,312.395,308.5967,311.0,28107349,301.7018552665,303.9249010867,300.229586015,302.5677243168,28107349,0.0,1.0
2021-10-27 00:00:00+00:00,323.17,326.0973,316.0,316.0,52588690,314.4077539147,317.2556847809,307.4321571836,307.4321571836,52588690,0.0,1.0
2021-10-28 00:00:00+00:00,324.35,324.87,321.3601,324.325,26297943,315.5557600713,316.0616610894,312.6469265055,315.5314379069,26297943,0.0,1.0
2021-10-29 00:00:00+00:00,331.62,332.0,323.9,324.13,34765982,322.6286454596,322.9983423575,315.1179611132,315.3417250251,34765982,0.0,1.0
2021-11-01 00:00:00+00:00,329.37,331.49,326.37,331.355,26840400,320.4396506696,322.5021702051,317.5209909495,322.3708305177,26840400,0.0,1.0
2021-11-02 00:00:00+00:00,333.13,333.45,330.0,330.31,25719044,324.0977041854,324.4090278889,321.0525692108,321.3541640485,25719044,0.0,1.0
2021-11-03 00:00:00+00:00,334.0,334.9,330.65,333.9,21500082,324.9441155042,325.8197134203,321.6849454835,324.8468268469,21500082,0.0,1.0
2021-11-04 00:00:00+00:00,336.44,336.54,329.51,332.89,23992202,327.3179587432,327.4152474006,320.5758547898,323.8642114078,23992202,0.0,1.0
2021-11-05 00:00:00+00:00,336.06,338.79,334.4217,338.51,22570098,326.9482618454,329.6042421907,325.3543817722,329.3318339501,22570098,0.0,1.0
2021-11-08 00:00:00+00:00,336.99,337.65,334.44,337.3,20897001,327.8530463586,328.495151497,325.3721855965,328.1546411963,20897001,0.0,1.0
2021-11-09 00:00:00+00:00,335.95,338.72,334.53,337.1071,19890003,326.8412443223,329.5361401305,325.4597453881,327.9669713763,19890003,0.0,1.0
2021-11-10 00:00:00+00:00,330.8,334.6303,329.92,334.57,25500938,321.8308784695,325.5573259114,320.9747382849,325.4986608511,25500938,0.0,1.0
2021-11-11 00:00:00+00:00,332.43,333.7746,330.51,331.25,16849844,323.4166835841,324.7248268706,321.5487413632,322.2686774275,16849844,0.0,1.0
2021-11-12 00:00:00+00:00,336.72,337.23,333.79,333.92,23484434,327.5903669838,328.0865391362,324.7398093238,324.8662845784,23484434,0.0,1.0
2021-11-15 00:00:00+00:00,336.07,337.88,334.034,337.54,16723009,326.9579907111,328.7189154089,324.9771936477,328.388133974,16723009,0.0,1.0
2021-11-16 00:00:00+00:00,339.51,340.67,335.51,335.68,20886832,330.3047205235,331.4332689486,326.41317423,326.5785649475,20886832,0.0,1.0
2021-11-17 00:00:00+00:00,339.12,342.19,338.0,338.94,19053380,330.5284844354,333.5207067968,329.4368593393,330.3530446878,19053380,0.62,1.0
2021-11-18 00:00:00+00:00,341.27,342.45,337.12,338.18,22463533,332.6240147536,333.7741197655,328.5791539067,329.6122990869,22463533,0.0,1.0
2021-11-19 00:00:00+00:00,343.11,345.1,342.2,342.64,21963403,334.41739884,336.356982716,333.5304534495,333.9593061658,21963403,0.0,1.0
2021-11-22 00:00:00+00:00,339.83,349.67,339.55,344.62,31031113,331.220496773,340.8112029739,330.947590499,335.8891433891,31031113,0.0,1.0
2021-11-23 00:00:00+00:00,337.68,339.45,333.56,337.05,30427563,329.1249664547,330.8501239726,325.1093455658,328.5109273382,30427563,0.0,1.0
2021-11-24 00:00:00+00:00,337.91,338.16,333.911,336.28,21661307,329.3491394655,329.5928057816,325.4514530735,327.7604350847,21661307,0.0,1.0
2021-11-26 00:00:00+00:00,329.68,337.93,328.12,334.35,24217242,321.3276443402,329.3686327708,319.8071665279,325.8793311246,24217242,0.0,1.0
2021-11-29 00:00:00+00:00,336.63,339.03,334.74,334.94,28563481,328.1015679272,330.4407645616,326.2594505776,326.4543836305,28563481,0.0,1.0
2021-11-30 00:00:00+00:00,330.59,337.78,328.99,335.32,42885609,322.2145897307,329.2224329812,320.6551253078,326.8247564309,42885609,0.0,1.0
2021-12-01 00:00:00+00:00,330.08,339.28,329.39,335.13,33401146,321.7175104459,330.6844308776,321.0449914135,326.6395700307,33401146,0.0,1.0
2021-12-02 00:00:00+00:00,329.49,333.49,327.8028,330.3,30765980,321.14245794,325.0411189972,319.498002706,321.9319368041,30765980,0.0,1.0
2021-12-03 00:00:00+00:00,323.01,332.7,318.03,331.99,41779279,314.8266270272,324.2711334384,309.9727940109,323.5791211008,41779279,0.0,1.0
2021-12-06 00:00:00+00:00,326.19,327.45,319.23,323.95,30032556,317.9260625677,319.1541408008,311.1423923281,315.7428123757,30032556,0.0,1.0
2021-12-07 00:00:00+00:00,334.92,335.8,330.1,331.64,31021936,326.4348903252,327.2925957578,321.7370037512,323.2379882583,31021936,0.0,1.0
2021-12-08 00:00:00+00:00,334.97,335.5,330.8,335.31,24760988,326.4836235884,327.0001961785,322.4192694362,326.8150097783,24760988,0.0,1.0
2021-12-09 00:00:00+00:00,333.1,336.489,332.12,334.41,22214158,324.6609995442,327.9641401249,323.7058275851,325.9378110404,22214158,0.0,1.0
2021-12-10 00:00:00+00:00,342.54,343.0,334.79,334.98,38095694,333.8618396393,334.3101856609,326.3081838409,326.4933702411,38095694,0.0,1.0
2021-12-13 00:00:00+00:00,339.4,343.79,339.08,340.68,28899431,330.8013907094,335.0801712197,330.4894978248,332.0489622477,28899431,0.0,1.0
2021-12-14 00:00:00+00:00,328.34,334.64,324.11,333.22,44438699,320.021592886,326.1619840512,315.898758818,324.7779593759,44438699,0.0,1.0
2021-12-15 00:00:00+00:00,334.65,335.19,324.5,328.61,35381122,326.1717307039,326.6980499466,316.278878271,320.2847525074,35381122,0.0,1.0
2021-12-16 00:00:00+00:00,324.9,336.76,323.02,335.71,35034831,316.6687443768,328.2282744116,314.8363736798,327.204875884,35034831,0.0,1.0
2021-12-17 00:00:00+00:00,323.8,324.92,317.25,320.88,47983713,315.596612586,316.688237682,309.2125551047,312.7505900142,47983713,0.0,1.0
2021-12-20 00:00:00+00:00,319.91,322.8,317.57,320.05,28326532,311.8051647078,314.6219473217,309.5244479893,311.9416178448,28326532,0.0,1.0
2021-12-21 00:00:00+00:00,327.29,327.73,319.8,323.29,24740597,318.9981943585,319.4270470748,311.6979515287,315.0995333012,24740597,0.0,1.0
2021-12-22 00:00:00+00:00,333.2,333.605,325.75,328.3,24831493,324.7584660706,325.1532055026,317.4972098514,319.9826062754,24831493,0.0,1.0
2021-12-23 00:00:00+00:00,334.69,336.39,332.73,332.75,19617848,326.2107173144,327.8676482638,324.3003733964,324.3198667017,19617848,0.0,1.0
2021-12-27 00:00:00+00:00,342.45,342.48,335.43,335.46,19947029,333.7741197655,333.8033597235,326.93196961,326.961209568,19947029,0.0,1.0
2021-12-28 00:00:00+00:00,341.25,343.81,340.32,343.15,15661467,332.6045214484,335.099664525,331.6980827525,334.4563854506,15661467,0.0,1.0
2021-12-29 00:00:00+00:00,341.95,344.3,339.68,341.3,15041956,333.2867871334,335.5772505045,331.0742969834,332.6532547116,15041956,0.0,1.0
2021-12-30 00:00:00+00:00,339.32,343.13,338.82,341.91,15994471,330.7234174882,334.4368921453,330.2360848561,333.2478005228,15994471,0.0,1.0
2021-12-31 00:00:00+00:00,336.32,339.355,335.85,338.51,17772880,327.7994216953,330.7575307725,327.341329021,329.9339386241,17772880,0.0,1.0
2022-01-03 00:00:00+00:00,334.75,338.0,329.78,335.35,28918013,326.2691972303,329.4368593393,321.4251108666,326.8539963889,28918013,0.0,1.0
2022-01-04 00:00:00+00:00,329.01,335.2,326.12,334.83,32674306,320.6746186131,326.7077965992,317.8578359992,326.3471704514,32674306,0.0,1.0
2022-01-05 00:00:00+00:00,316.38,326.07,315.98,325.86,40054327,308.3645963248,317.809102736,307.974730219,317.6044230305,40054327,0.0,1.0
2022-01-06 00:00:00+00:00,313.88,318.7,311.49,313.15,39646148,305.927933164,310.625819738,303.5984831823,305.216427521,39646148,0.0,1.0
2022-01-07 00:00:00+00:00,314.04,316.5,310.09,314.15,32720018,306.0838796063,308.4815561565,302.2339518122,306.1910927853,32720018,0.0,1.0
2022-01-10 00:00:00+00:00,314.27,314.72,304.69,309.485,44289467,306.3080526171,306.746651986,296.9707593849,301.6442793273,44289467,0.0,1.0
2022-01-11 00:00:00+00:00,314.98,316.61,309.89,313.38,29267314,307.0000649547,308.5887693356,302.0390187594,305.4406005318,29267314,0.0,1.0
2022-01-12 00:00:00+00:00,318.27,323.41,317.08,319.67,34372217,310.2067136743,315.2164931329,309.0468620098,311.5712450444,34372217,0.0,1.0
2022-01-13 00:00:00+00:00,304.8,320.88,304.0,320.4658,45365979,297.077972564,312.7505900142,296.2982403525,312.3468836617,45365979,0.0,1.0
2022-01-14 00:00:00+00:00,310.2,310.82,303.75,304.25,39846414,302.3411649913,302.9454574552,296.0545740364,296.5419066686,39846414,0.0,1.0
2022-01-18 00:00:00+00:00,302.65,309.8,301.74,304.07,41717982,294.9824422457,301.9512988856,294.0954968552,296.366466921,41717982,0.0,1.0
2022-01-19 00:00:00+00:00,303.33,313.9093,302.7,306.29,45485618,295.6452146254,305.9564908562,295.0311755089,298.5302238078,45485618,0.0,1.0
2022-01-20 00:00:00+00:00,301.6,311.6494,301.14,309.07,35380675,293.9590437182,303.7538448254,293.5106976966,301.2397932426,35380675,0.0,1.0
2022-01-21 00:00:00+00:00,296.03,304.11,295.61,302.685,57984403,288.5301581959,296.4054535316,288.1207987849,295.0165555299,57984403,0.0,1.0
2022-01-24 00:00:00+00:00,296.37,297.11,276.05,292.2,86035393,288.8615443858,289.5827966814,269.0563462149,284.7971902336,86035393,0.0,1.0
2022-01-25 00:00:00+00:00,288.49,294.99,285.17,291.52,72848638,281.181182103,287.516506321,277.9452934254,284.1344178538,72848638,0.0,1.0
2022-01-26 00:00:00+00:00,296.71,308.5,293.03,307.985,90428853,289.1929305756,300.684234042,285.606162403,300.1822814308,90428853,0.0,1.0
2022-01-27 00:00:00+00:00,299.84,307.3,297.93,302.66,53481317,292.243632853,299.5146357248,290.3820221981,294.9921888983,53481317,0.0,1.0
2022-01-28 00:00:00+00:00,308.26,308.48,294.45,300.23,49743698,300.4503143785,300.6647407367,286.9901870783,292.623752306,49743698,0.0,1.0
2022-01-31 00:00:00+00:00,310.98,312.38,306.37,308.95,46444536,303.1014038975,304.4659352675,298.608197029,301.1228334109,46444536,0.0,1.0
2022-02-01 00:00:00+00:00,308.76,310.63,305.1293,310.41,40950396,300.9376470107,302.760271055,297.3989298355,302.5458446968,40950396,0.0,1.0
2022-02-02 00:00:00+00:00,313.46,315.12,308.88,309.63,36635989,305.518573753,307.1365180917,301.0546068424,301.7856057906,36635989,0.0,1.0
2022-02-03 00:00:00+00:00,301.25,311.23,299.96,309.49,43729972,293.6179108757,303.3450702135,292.3605926847,301.6491526536,43729972,0.0,1.0
2022-02-04 00:00:00+00:00,305.94,308.8,299.97,300.21,35096488,298.1890909653,300.9766336212,292.3703393373,292.6042590008,35096488,0.0,1.0
2022-02-07 00:00:00+00:00,300.95,307.84,299.9,306.17,28533286,293.3255112964,300.0409549675,292.3021127688,298.4132639761,28533286,0.0,1.0
2022-02-08 00:00:00+00:00,304.56,305.561,299.95,301.25,32421188,296.8440529005,297.8196928301,292.350846032,293.6179108757,32421188,0.0,1.0
2022-02-09 00:00:00+00:00,311.21,311.93,307.39,309.865,31284671,303.3255769083,304.0273358986,299.6023555986,302.0146521277,31284671,0.0,1.0
2022-02-10 00:00:00+00:00,302.38,309.12,300.7,304.04,45386199,294.7192826243,301.2885265058,293.0818449803,296.3372269631,45386199,0.0,1.0
2022-02-11 00:00:00+00:00,295.04,304.29,294.22,303.19,39175620,287.5652395842,296.5808932792,286.7660140675,295.5087614884,39175620,0.0,1.0
2022-02-14 00:00:00+00:00,295.0,296.76,291.35,293.77,36359487,287.5262529737,289.2416638389,283.9687247589,286.3274146986,36359487,0.0,1.0
2022-02-15 00:00:00+00:00,300.47,300.8,297.02,300.008,27379488,292.8576719695,293.1793115067,289.4950768076,292.4073766174,27379488,0.0,1.0
2022-02-16 00:00:00+00:00,299.5,300.87,293.68,298.365,29982121,292.516539127,293.8545947484,286.8322444434,291.4080039954,29982121,0.62,1.0
2022-02-17 00:00:00+00:00,290.73,296.8,290.0,296.36,32461580,283.9510297843,289.8794952016,283.2380512415,289.4497547101,32461580,0.0,1.0
2022-02-18 00:00:00+00:00,287.93,293.86,286.305,293.05,34264008,281.2163175654,287.0080473718,279.6292077955,286.2169341942,34264008,0.0,1.0
2022-02-22 00:00:00+00:00,287.72,291.54,284.5,285.0,41569319,281.011214149,284.7421429619,277.8662950972,278.3546365649,41569319,0.0,1.0
2022-02-23 00:00:00+00:00,280.27,291.7,280.1,290.18,37811167,273.7349262809,284.8984122315,273.5688901819,283.4138541698,37811167,0.0,1.0
2022-02-24 00:00:00+00:00,294.59,295.16,271.52,272.51,56989686,287.7210259146,288.2777351877,265.1889505968,266.1558667028,56989686,0.0,1.0
2022-02-25 00:00:00+00:00,297.31,297.63,291.655,295.14,32546721,290.3776034986,290.6901420379,284.8544614994,288.258201529,32546721,0.0,1.0
2022-02-28 00:00:00+00:00,298.79,299.14,293.0,294.31,34627457,291.8230942429,292.1649332703,286.1681000474,287.4475546927,34627457,0.0,1.0
2022-03-01 00:00:00+00:00,294.95,299.97,292.15,296.4,31217778,288.0726317713,292.9755801066,285.3379195524,289.4888220275,31217778,0.0,1.0
2022-03-02 00:00:00+00:00,300.19,301.47,293.698,295.36,31873007,293.1904503523,294.4406045095,286.8498247363,288.4730717748,31873007,0.0,1.0
2022-03-03 00:00:00+00:00,295.92,303.13,294.05,302.89,27314469,289.0200142185,296.0618981822,287.1936171295,295.8274942777,27314469,0.0,1.0
2022-03-04 00:00:00+00:00,289.86,295.66,287.165,294.29,32369655,283.1013156305,288.7660766554,280.4691551199,287.428021034,32369655,0.0,1.0
2022-03-07 00:00:00+00:00,278.91,289.69,278.53,288.53,43157178,272.4066374888,282.9352795315,272.0354979734,281.8023273266,43157178,0.0,1.0
2022-03-08 00:00:00+00:00,275.85,283.96,270.0,277.8,48159475,269.4179877068,277.3388863122,263.7043925352,271.3225194306,48159475,0.0,1.0
2022-03-09 00:00:00+00:00,288.5,289.6,280.78,283.44,35204480,281.7730268385,282.8473780674,274.2330345779,276.8310111858,35204480,0.0,1.0
2022-03-10 00:00:00+00:00,285.59,286.6,280.58,283.02,30628012,278.9308794967,279.9173292614,274.0376979908,276.420804353,30628012,0.0,1.0
2022-03-11 00:00:00+00:00,280.07,289.51,279.43,287.96,27209330,273.5395896938,282.7594766032,272.9145126152,281.2456180534,27209330,0.0,1.0
2022-03-14 00:00:00+00:00,276.44,285.3992,275.82,280.34,30660747,269.9942306386,278.7445283927,269.3886872187,273.8032940863,30660747,0.0,1.0
2022-03-15 00:00:00+00:00,287.15,287.82,278.725,280.35,34245085,280.4545048758,281.1088824425,272.2259511458,273.8130609157,34245085,0.0,1.0
2022-03-16 00:00:00+00:00,294.39,294.57,283.2,289.11,37826329,287.5256893275,287.7014922559,276.5966072813,282.368803429,37826329,0.0,1.0
2022-03-17 00:00:00+00:00,295.22,295.61,289.37,293.29,30816633,288.3363361638,288.7172425086,282.6227409922,286.4513380987,30816633,0.0,1.0
2022-03-18 00:00:00+00:00,300.43,301.0,292.73,295.37,42195837,293.4248542568,293.9815635299,285.9043956549,288.4828386041,42195837,0.0,1.0
2022-03-21 00:00:00+00:00,299.16,300.14,294.9,298.89,28107855,292.184466929,293.1416162056,288.0237976245,291.9207625364,28107855,0.0,1.0
2022-03-22 00:00:00+00:00,304.06,305.0,298.77,299.8,27441386,296.970213312,297.8882952712,291.8035605842,292.8095440076,27441386,0.0,1.0
2022-03-23 00:00:00+00:00,299.49,303.23,297.7201,300.51,25715377,292.5067722976,296.1595664757,290.7781411704,293.5029888916,25715377,0.0,1.0
2022-03-24 00:00:00+00:00,304.1,304.2,298.315,299.14,24484456,297.0092806294,297.106948923,291.3591698486,292.1649332703,24484456,0.0,1.0
2022-03-25 00:00:00+00:00,303.68,305.5,299.2855,305.23,22443541,296.5990737966,298.3766367389,292.3070406373,298.1129323463,22443541,0.0,1.0
2022-03-28 00:00:00+00:00,310.7,310.8,304.33,304.33,29578188,303.4553880025,303.553056296,297.2339177045,297.2339177045,29578188,0.0,1.0
2022-03-29 00:00:00+00:00,315.41,315.82,309.05,313.91,30393403,308.0555646278,308.4560046313,301.8438611592,306.5905402249,30393403,0.0,1.0
2022-03-30 00:00:00+00:00,313.86,315.95,311.58,313.76,28163555,306.5417060781,308.5829734129,304.3148689856,306.4440377846,28163555,0.0,1.0
2022-03-31 00:00:00+00:00,308.31,315.14,307.89,313.9,33422070,301.1211157871,307.7918602353,300.7109089543,306.5807733955,33422070,0.0,1.0
2022-04-01 00:00:00+00:00,309.42,310.13,305.54,309.37,27110529,302.2052338453,302.8986787294,298.4157040563,302.1563996985,27110529,0.0,1.0
2022-04-04 00:00:00+00:00,314.97,315.11,309.71,310.09,24335868,307.6258241363,307.7625597472,302.4884718965,302.859611412,24335868,0.0,1.0
2022-04-05 00:00:00+00:00,310.88,314.865,309.87,313.27,22984881,303.6311909309,307.5232724281,302.6447411662,305.9654631463,22984881,0.0,1.0
2022-04-06 00:00:00+00:00,299.5,307.0,296.71,305.19,40110372,292.516539127,299.8416611418,289.7915937374,298.0738650289,40110372,0.0,1.0
2022-04-07 00:00:00+00:00,301.37,303.65,296.35,296.66,31411155,294.342936216,296.5697733085,289.4399878807,289.7427595907,31411155,0.0,1.0
2022-04-08 00:00:00+00:00,296.97,301.12,296.28,300.44,24361917,290.0455313006,294.0987654822,289.3716200753,293.4346210862,24361917,0.0,1.0
2022-04-11 00:00:00+00:00,285.26,292.61,285.0,291.79,34569264,278.6085741281,285.7871937026,278.3546365649,284.9863136957,34569264,0.0,1.0
2022-04-12 00:00:00+00:00,282.06,290.739,280.49,289.235,30966721,275.4831887351,283.9598199307,273.9497965266,282.490888796,30966721,0.0,1.0
2022-04-13 00:00:00+00:00,287.62,288.58,281.3,282.73,21907176,280.9135458554,281.8511614733,274.7409097042,276.1375663017,21907176,0.0,1.0
2022-04-14 00:00:00+00:00,279.83,288.305,279.32,288.09,28221607,273.3051857893,281.5825736661,272.8070774923,281.372586835,28221607,0.0,1.0
2022-04-18 00:00:00+00:00,280.52,282.46,278.34,278.91,20778000,273.9790970147,275.8738619092,271.8499282157,272.4066374888,20778000,0.0,1.0
2022-04-19 00:00:00+00:00,285.3,286.17,278.41,279.38,22297720,278.6476414455,279.4973555992,271.9182960212,272.8656784684,22297720,0.0,1.0
2022-04-20 00:00:00+00:00,286.36,289.7,285.3702,289.4,22805341,279.6829253569,282.9450463609,278.7162045876,282.6520414803,22805341,0.0,1.0
2022-04-21 00:00:00+00:00,280.81,293.3,280.06,288.58,29454587,274.2623350659,286.461104928,273.5298228644,281.8511614733,29454587,0.0,1.0
2022-04-22 00:00:00+00:00,274.03,283.2,273.38,281.68,29405798,267.6404247645,276.5966072813,267.0055808565,275.1120492197,29405798,0.0,1.0
2022-04-25 00:00:00+00:00,280.72,281.11,270.77,273.29,35678852,274.1744336017,274.5553399465,264.4564383954,266.9176793924,35678852,0.0,1.0
2022-04-26 00:00:00+00:00,270.22,278.3599,270.0,277.5,42047008,263.9192627809,271.8693642061,263.7043925352,271.02951455,42047008,0.0,1.0
2022-04-27 00:00:00+00:00,283.22,290.97,279.16,282.1,63477694,276.61614094,284.1854336887,272.6508082227,275.5222560525,63477694,0.0,1.0
2022-04-28 00:00:00+00:00,289.63,290.98,281.4562,285.185,33646570,282.8766785554,284.1952005181,274.8934675787,278.5353229079,33646570,0.0,1.0
2022-04-29 00:00:00+00:00,277.52,289.88,276.5,288.61,37073923,271.0490482087,283.1208492892,270.0528316147,281.8804619614,37073923,0.0,1.0
2022-05-02 00:00:00+00:00,284.47,284.94,276.22,277.71,35151105,277.8369946092,278.2960355888,269.7793603928,271.2346179664,35151105,0.0,1.0
2022-05-03 00:00:00+00:00,281.78,284.13,280.15,283.96,25978605,275.2097175132,277.5049224112,273.6177243286,277.3388863122,25978605,0.0,1.0
2022-05-04 00:00:00+00:00,289.98,290.88,276.73,282.59,33463409,283.2185175828,284.0975322246,270.2774686898,276.0008306908,33463409,0.0,1.0
2022-05-05 00:00:00+00:00,277.35,286.35,274.34,285.54,43260386,270.8830121097,279.6731585276,267.9431964744,278.88204535,43260386,0.0,1.0
2022-05-06 00:00:00+00:00,274.73,279.25,271.27,274.805,37780322,268.3241028192,272.7387096868,264.944779863,268.3973540394,37780322,0.0,1.0
2022-05-09 00:00:00+00:00,264.58,272.36,263.32,270.06,47725952,258.4107710258,266.0093642625,257.1801505273,263.7629935113,47725952,0.0,1.0
2022-05-10 00:00:00+00:00,269.5,273.75,265.07,271.69,39336424,263.2160510675,267.3669535426,258.8893456641,265.3549866959,39336424,0.0,1.0
2022-05-11 00:00:00+00:00,260.55,271.36,259.3,265.68,48975898,254.4747387964,265.0326813272,253.2538851273,259.4851222546,48975898,0.0,1.0
2022-05-12 00:00:00+00:00,255.35,259.88,250.02,257.69,51033802,249.3959875328,253.8203612298,244.1902674876,251.6814256014,51033802,0.0,1.0
2022-05-13 00:00:00+00:00,261.12,263.04,255.35,257.35,34925093,255.0314480696,256.9066793054,249.3959875328,251.3493534034,34925093,0.0,1.0
2022-05-16 00:00:00+00:00,261.5,265.82,255.78,259.955,32550933,255.402587585,259.6218578655,249.815961195,253.8936124499,32550933,0.0,1.0
2022-05-17 00:00:00+00:00,266.82,268.33,262.46,266.11,28828799,260.5985408009,262.0733320332,256.3402032029,259.9050959168,28828799,0.0,1.0
2022-05-18 00:00:00+00:00,254.08,263.6,252.77,263.0,31355985,248.7611436248,258.0818539811,247.4785668846,257.4944142527,31355985,0.62,1.0
2022-05-19 00:00:00+00:00,253.14,257.67,251.88,253.9,32692286,247.8408213838,252.2759913327,246.6071979543,248.5849117063,32692286,0.0,1.0
2022-05-20 00:00:00+00:00,252.56,258.54,246.44,257.24,39199279,247.2729629797,253.1277789388,241.2810777507,251.8549928607,39199279,0.0,1.0
2022-05-23 00:00:00+00:00,260.65,261.5,253.43,255.49,33175379,255.1936086501,256.0258149319,248.1247505858,250.1416269864,33175379,0.0,1.0
2022-05-24 00:00:00+00:00,259.62,261.33,253.5,257.89,29043904,254.1851704498,255.8593736755,248.1932852208,252.4913858998,29043904,0.0,1.0
2022-05-25 00:00:00+00:00,262.52,264.58,257.125,258.14,28547947,257.0244624701,259.0413388707,251.7424002461,252.7361524532,28547947,0.0,1.0
2022-05-26 00:00:00+00:00,265.9,267.11,261.4294,262.27,25002105,260.333706273,261.5183763918,255.9566928572,256.7796959166,25002105,0.0,1.0
2022-05-27 00:00:00+00:00,273.24,273.34,267.56,268.48,26910806,267.5200522829,267.6179589043,261.9589561881,262.8596971048,26910806,0.0,1.0
2022-05-31 00:00:00+00:00,271.87,274.77,268.93,272.53,37827695,266.1787315699,269.0180235902,263.3002769011,266.8249152711,37827695,0.0,1.0
2022-06-01 00:00:00+00:00,272.42,277.69,270.04,275.195,25292174,266.7172179876,271.8768969348,264.3870403985,269.4341267311,25292174,0.0,1.0
2022-06-02 00:00:00+00:00,274.58,274.65,261.6,264.45,44008209,268.8320010096,268.9005356445,256.1237215533,258.9140602629,44008209,0.0,1.0
2022-06-03 00:00:00+00:00,270.02,273.45,268.41,270.31,28058958,264.3674590742,267.7256561879,262.7911624699,264.6513882763,28058958,0.0,1.0
2022-06-06 00:00:00+00:00,268.75,274.18,267.22,272.06,22400342,263.1240449826,268.440374524,261.6260736753,266.3647541506,22400342,0.0,1.0
2022-06-07 00:00:00+00:00,272.5,273.13,265.94,266.635,22860677,266.7955432847,267.4123549994,260.3728689216,261.0533199402,22860677,0.0,1.0
2022-06-08 00:00:00+00:00,270.41,273.0,269.61,271.71,17372341,264.7492948976,267.2850763916,263.9660419265,266.0220809757,17372341,0.0,1.0
2022-06-09 00:00:00+00:00,264.79,272.7081,264.63,267.78,26439728,259.2469427756,266.9992869638,259.0902921814,262.1743507551,26439728,0.0,1.0
2022-06-10 00:00:00+00:00,252.99,260.58,252.53,260.58,31445841,247.6939614517,255.1250740151,247.2435909933,255.1250740151,31445841,0.0,1.0
2022-06-13 00:00:00+00:00,242.26,249.0242,241.53,245.11,46135788,237.1885809767,243.8111806607,236.4738626405,239.9789196863,46135788,0.0,1.0
2022-06-14 00:00:00+00:00,244.49,245.74,241.51,243.86,28651487,239.3718986336,240.595731401,236.4542813163,238.7550869189,28651487,0.0,1.0
2022-06-15 00:00:00+00:00,251.76,255.3,246.42,248.31,33111729,246.4897100086,249.9556044058,241.2614964265,243.1119315707,33111729,0.0,1.0
2022-06-16 00:00:00+00:00,244.97,247.4174,243.02,245.98,33169160,239.8418504163,242.2380170682,237.9326712992,240.8307072923,33169160,0.0,1.0
2022-06-17 00:00:00+00:00,247.65,250.5,244.03,244.7,43084780,242.4657478695,245.2560865791,238.9215281753,239.5775025386,43084780,0.0,1.0
2022-06-21 00:00:00+00:00,253.74,254.75,249.51,250.255,29928297,248.4282611121,249.4171179881,244.2868110274,245.0162153567,29928297,0.0,1.0
2022-06-22 00:00:00+00:00,253.13,257.17,250.37,251.89,25961215,247.8310307216,251.7864582258,245.1288079713,246.6169886164,25961215,0.0,1.0
2022-06-23 00:00:00+00:00,258.86,259.37,253.63,255.57,25861449,253.4410801272,253.9404038963,248.3205638286,250.2199522835,25861449,0.0,1.0
2022-06-24 00:00:00+00:00,267.7,267.98,261.72,261.808,33923231,262.096025458,262.3701639979,256.241209499,256.3273673258,33923231,0.0,1.0
2022-06-27 00:00:00+00:00,264.89,268.3,263.28,268.205,24615114,259.344849397,262.6834651863,257.7685527926,262.590453896,24615114,0.0,1.0
2022-06-28 00:00:00+00:00,256.48,266.91,256.32,263.98,27380247,251.1109025382,261.322563149,250.954251944,258.4538991423,27380247,0.0,1.0
2022-06-29 00:00:00+00:00,260.26,261.97,255.76,257.59,20069839,254.8117728267,256.4859760524,250.4059748642,252.1976660356,20069839,0.0,1.0
2022-06-30 00:00:00+00:00,256.83,259.53,252.9,257.05,31730868,251.453575713,254.0970544905,247.6058454925,251.6689702801,31730868,0.0,1.0
2022-07-01 00:00:00+00:00,259.58,259.77,254.61,256.39,22837692,254.1460078012,254.3320303819,249.2800487182,251.0227865789,22837692,0.0,1.0
2022-07-05 00:00:00+00:00,262.85,262.98,254.74,256.16,22971634,257.3475543206,257.4748329284,249.407327326,250.7976013497,22971634,0.0,1.0
2022-07-06 00:00:00+00:00,266.21,267.99,262.4,263.75,23824419,260.6372167993,262.37995466,256.9069745244,258.2287139131,23824419,0.0,1.0
2022-07-07 00:00:00+00:00,268.4,269.055,265.02,265.12,20859874,262.7813718077,263.4226601778,259.4721280048,259.5700346262,20859874,0.0,1.0
2022-07-08 00:00:00+00:00,267.66,268.1,263.285,264.79,19658751,262.0568628095,262.4876519436,257.7734481237,259.2469427756,19658751,0.0,1.0
2022-07-11 00:00:00+00:00,264.51,266.53,262.18,265.65,19519108,258.9728042357,260.9505179878,256.6915799573,260.0889397195,19519108,0.0,1.0
2022-07-12 00:00:00+00:00,253.67,265.94,252.04,265.88,35868450,248.3597264771,260.3728689216,246.7638485485,260.3141249487,35868450,0.0,1.0
2022-07-13 00:00:00+00:00,252.72,253.55,248.11,250.19,29497423,247.429613574,248.2422385315,242.9161183279,244.9525760528,29497423,0.0,1.0
2022-07-14 00:00:00+00:00,254.08,255.1374,245.94,250.57,25102823,248.7611436248,249.7964082394,240.7915446438,245.3246212141,25102823,0.0,1.0
2022-07-15 00:00:00+00:00,256.72,260.3699,254.7727,255.72,29774050,251.3458784295,254.9193722036,249.4393427912,250.3668122156,29774050,0.0,1.0
2022-07-18 00:00:00+00:00,254.25,260.84,253.3,259.75,20975034,248.9275848812,255.3796312307,247.997471978,254.3124490576,20975034,0.0,1.0
2022-07-19 00:00:00+00:00,259.53,259.72,253.68,257.575,25012562,254.0970544905,254.2830770712,248.3695171393,252.1829800424,25012562,0.0,1.0
2022-07-20 00:00:00+00:00,262.27,264.87,258.91,259.9,22788282,256.7796959166,259.3252680727,253.4900334379,254.4593089897,22788282,0.0,1.0
2022-07-21 00:00:00+00:00,264.84,264.89,257.03,259.79,22404675,259.2958960863,259.344849397,251.6493889558,254.3516117061,22404675,0.0,1.0
2022-07-22 00:00:00+00:00,260.36,265.33,259.07,265.24,21881290,254.9096794481,259.7756385311,253.6466840321,259.6875225718,21881290,0.0,1.0
2022-07-25 00:00:00+00:00,258.83,261.5,256.81,260.995,21055998,253.4117081408,256.0258149319,251.4339943888,255.5313864939,21055998,0.0,1.0
2022-07-26 00:00:00+00:00,251.9,259.88,249.57,259.86,39347957,246.6267792786,254.4397276654,244.3455550002,254.4201463411,39347957,0.0,1.0
2022-07-27 00:00:00+00:00,268.74,270.05,258.85,261.16,45994049,263.1142543204,264.3968310606,253.4312894651,255.6929324192,45994049,0.0,1.0
2022-07-28 00:00:00+00:00,276.41,277.84,267.87,269.75,33459327,270.623692181,272.0237568668,262.2624667144,264.1031111965,33459327,0.0,1.0
2022-07-29 00:00:00+00:00,280.74,282.0,276.63,277.7,32152752,274.8630488871,276.0966723166,270.839086748,271.8866875969,32152752,0.0,1.0
2022-08-01 00:00:00+00:00,278.01,281.28,275.84,277.82,21539580,272.1901981232,275.3917446426,270.0656244391,272.0041755426,21539580,0.0,1.0
2022-08-02 00:00:00+00:00,274.82,277.89,272.38,276.0,22754184,269.0669769009,272.0727101775,266.678055339,270.2222750333,22754184,0.0,1.0
2022-08-03 00:00:00+00:00,282.47,283.5,276.61,276.76,23518874,276.5568334371,277.5652716374,270.8195054238,270.9663653558,23518874,0.0,1.0
2022-08-04 00:00:00+00:00,283.65,283.8,280.1677,281.8,18098668,277.7121315695,277.8589915016,274.3027292929,275.9008590738,18098668,0.0,1.0
2022-08-05 00:00:00+00:00,282.91,283.65,278.68,279.15,16774606,276.9876225713,277.7121315695,272.8461724865,273.306333607,16774606,0.0,1.0
2022-08-08 00:00:00+00:00,280.32,285.92,279.32,284.05,18757818,274.4518410773,279.9346118751,273.4727748634,278.1037580551,18757818,0.0,1.0
2022-08-09 00:00:00+00:00,282.3,283.08,277.61,279.64,23405238,276.3903921808,277.1540638276,271.7985716376,273.7860760518,23405238,0.0,1.0
2022-08-10 00:00:00+00:00,289.16,289.81,286.94,288.17,24687845,283.1067864081,283.7431794471,280.9332594132,282.1375108563,24687845,0.0,1.0
2022-08-11 00:00:00+00:00,287.02,291.21,286.51,290.85,20065938,281.0115847103,285.1138721465,280.5122609413,284.7614083095,20065938,0.0,1.0
2022-08-12 00:00:00+00:00,291.91,291.91,286.94,288.48,22619675,285.7992184963,285.7992184963,280.9332594132,282.4410213826,22619675,0.0,1.0
2022-08-15 00:00:00+00:00,293.47,294.18,290.11,291.0,18085654,287.3265617899,288.0216988018,284.0368993113,284.9082682416,18085654,0.0,1.0
2022-08-16 00:00:00+00:00,292.71,294.04,290.42,291.99,18102882,286.5824714674,287.8846295318,284.3404098376,285.8775437934,18102882,0.0,1.0
2022-08-17 00:00:00+00:00,291.32,293.35,289.47,289.74,18253358,285.8285904827,287.8203247909,284.0134631574,284.2783736319,18253358,0.62,1.0
2022-08-18 00:00:00+00:00,290.17,291.91,289.08,290.189,17186192,284.7002680913,286.4074689269,283.6308146943,284.7189099395,17186192,0.0,1.0
2022-08-19 00:00:00+00:00,286.15,289.25,285.56,288.9,20570033,280.756045471,283.7976101782,280.1771670267,283.4542077113,20570033,0.0,1.0
2022-08-22 00:00:00+00:00,277.75,282.46,277.22,282.08,25061070,272.5143862645,277.1356023196,271.9943768145,276.7627653555,25061070,0.0,1.0
2022-08-23 00:00:00+00:00,276.44,278.86,275.4,276.44,17527409,271.2290798882,273.6034626596,270.2086839864,271.2290798882,17527409,0.0,1.0
2022-08-24 00:00:00+00:00,275.79,277.23,275.11,275.41,18137019,270.5913324496,272.0041883136,269.9241505138,270.2184954855,18137019,0.0,1.0
2022-08-25 00:00:00+00:00,278.85,279.02,274.52,277.33,16583407,273.5936511606,273.7604466445,269.3452720696,272.1023033041,16583407,0.0,1.0
2022-08-26 00:00:00+00:00,268.09,280.34,267.98,279.08,27549307,263.0364781769,275.0555645198,262.9285516873,273.8193156388,27549307,0.0,1.0
2022-08-29 00:00:00+00:00,265.23,267.4,263.85,265.85,20121371,260.2303894471,262.3594847421,258.8764025774,260.8387023885,20121371,0.0,1.0
2022-08-30 00:00:00+00:00,262.97,267.05,260.66,266.67,22767071,258.0129906605,262.0160822751,255.7465343787,261.643245311,22767071,0.0,1.0
2022-08-31 00:00:00+00:00,261.47,267.11,261.33,265.39,24791834,256.5412658022,262.0749512695,256.4039048154,260.3873734319,24791834,0.0,1.0
2022-09-01 00:00:00+00:00,260.4,260.89,255.41,258.87,23263431,255.4914354033,255.972198857,250.5954973746,253.9902760478,23263431,0.0,1.0
2022-09-02 00:00:00+00:00,256.06,264.74,254.47,261.695,22855380,251.2332448132,259.7496259933,249.6732164634,256.762024531,22855380,0.0,1.0
2022-09-06 00:00:00+00:00,253.25,257.83,251.94,256.2,21283869,248.4762135787,252.969880146,247.1909072024,251.3706058,21283869,0.0,1.0
2022-09-07 00:00:00+00:00,258.09,258.83,253.22,254.7,24126700,253.2249791215,253.9510300516,248.4467790815,249.8988809417,24126700,0.0,1.0
2022-09-08 00:00:00+00:00,258.52,260.43,254.79,257.51,20319911,253.6468735809,255.5208699005,249.9871844332,252.6559121763,20319911,0.0,1.0
2022-09-09 00:00:00+00:00,264.46,265.23,260.29,260.5,22093190,259.4749040198,260.2303894471,255.3835089137,255.5895503938,22093190,0.0,1.0
2022-09-12 00:00:00+00:00,266.65,267.45,265.16,265.78,18747690,261.6236223129,262.4085422374,260.1617089537,260.7700218951,18747690,0.0,1.0
2022-09-13 00:00:00+00:00,251.99,260.4,251.59,258.84,33353318,247.2399646977,255.4914354033,246.8475047355,253.9608415506,33353318,0.0,1.0
2022-09-14 00:00:00+00:00,252.22,254.23,249.86,253.53,23912954,247.465629176,249.4377404861,245.1501153989,248.7509355522,23912954,0.0,1.0
2022-09-15 00:00:00+00:00,245.38,251.4,244.02,249.77,31530948,240.754563822,246.6610862534,239.4201999505,245.0618119074,31530948,0.0,1.0
2022-09-16 00:00:00+00:00,244.74,245.3,242.0627,244.26,39791768,240.1266278825,240.6760718296,237.4997952404,239.6556759278,39791768,0.0,1.0
2022-09-19 00:00:00+00:00,244.52,245.14,240.85,242.465,26826931,239.9107749033,240.5190878447,236.3099547499,237.8945118474,26826931,0.0,1.0
2022-09-20 00:00:00+00:00,242.45,243.51,239.64,242.065,26660299,237.8797945988,238.9198134987,235.1227633642,237.5020518852,26660299,0.0,1.0
2022-09-21 00:00:00+00:00,238.95,247.66,238.9,244.27,28625557,234.4457699294,242.9915856067,234.3967124341,239.6654874269,28625557,0.0,1.0
2022-09-22 00:00:00+00:00,240.98,243.86,237.57,237.8704,30927092,236.4375042377,239.2632159656,233.0917830598,233.3865204914,30927092,0.0,1.0
2022-09-23 00:00:00+00:00,237.92,241.13,235.2,239.54,34176048,233.4351855267,236.5846767235,230.7664577836,235.0246483737,34176048,0.0,1.0
2022-09-26 00:00:00+00:00,237.45,241.45,236.9,237.045,27694190,232.9740450711,236.8986446933,232.434412623,232.5766793593,27694190,0.0,1.0
2022-09-27 00:00:00+00:00,236.41,241.8,234.5,239.98,27018732,231.9536491693,237.2420471602,230.0796528497,235.4563543321,27018732,0.0,1.0
2022-09-28 00:00:00+00:00,241.07,242.33,234.73,236.81,29029679,236.5258077292,237.7620566101,230.305317328,232.3461091315,29029679,0.0,1.0
2022-09-29 00:00:00+00:00,237.5,239.95,234.41,238.89,27484233,233.0231025664,235.4269198349,229.9913493582,234.3869009351,27484233,0.0,1.0
2022-09-30 00:00:00+00:00,232.9,240.54,232.73,238.29,35694832,228.5098130009,236.0057982792,228.3430175169,233.7982109917,35694832,0.0,1.0
2022-10-03 00:00:00+00:00,240.74,241.61,234.66,235.41,28880357,236.2020282603,237.0556286781,230.2366368346,230.9724992638,28880357,0.0,1.0
2022-10-04 00:00:00+00:00,248.88,250.36,244.975,245.09,34888416,244.1885884914,245.6406903516,240.3571981103,240.4700303494,34888416,0.0,1.0
2022-10-05 00:00:00+00:00,249.2,250.58,244.1,245.99,20347136,244.5025564612,245.8565433309,239.4986919429,241.3530652644,20347136,0.0,1.0
2022-10-06 00:00:00+00:00,246.79,250.34,246.08,247.93,20239886,242.1379851889,245.6210673535,241.4413687559,243.2564960812,20239886,0.0,1.0
2022-10-07 00:00:00+00:00,234.24,241.32,233.17,240.902,37769602,229.8245538743,236.7710952055,228.7747234754,236.360974545,37769602,0.0,1.0
2022-10-10 00:00:00+00:00,229.25,234.559,226.73,233.05,29743608,224.9286158456,230.1375406942,222.4561180837,228.6569854867,29743608,0.0,1.0
2022-10-11 00:00:00+00:00,225.41,229.06,224.11,227.62,30473954,221.1610002084,224.7421973636,219.8855053312,223.3293414996,30473954,0.0,1.0
2022-10-12 00:00:00+00:00,225.75,227.86,223.96,225.4,21903937,221.4945911762,223.5648174769,219.7383328453,221.1511887093,21903937,0.0,1.0
2022-10-13 00:00:00+00:00,234.24,236.1,219.13,219.85,42551818,229.8245538743,231.6494926986,214.9993788015,215.7058067335,42551818,0.0,1.0
2022-10-14 00:00:00+00:00,228.56,237.24,228.34,235.54,30198588,224.2516224108,232.7680035909,224.0357694316,231.1000487515,30198588,0.0,1.0
2022-10-17 00:00:00+00:00,237.53,238.96,235.135,235.82,28142268,233.0525370635,234.4555814285,230.7026830398,231.3747707251,28142268,0.0,1.0
2022-10-18 00:00:00+00:00,238.5,243.93,235.37,243.24,26329591,234.0042524719,239.331896459,230.9332532676,238.6549030242,26329591,0.0,1.0
2022-10-19 00:00:00+00:00,236.48,239.61,234.29,237.04,19985698,232.0223296627,235.0933288671,229.8736113696,232.5717736098,19985698,0.0,1.0
2022-10-20 00:00:00+00:00,236.15,241.31,234.87,235.77,21811015,231.6985501939,236.7612837065,230.4426783148,231.3257132298,21811015,0.0,1.0
2022-10-21 00:00:00+00:00,242.12,243.0,234.5,234.74,26299733,237.55601513,238.4194270468,230.0796528497,230.3151288271,26299733,0.0,1.0
2022-10-24 00:00:00+00:00,247.25,247.84,241.295,243.76,24911212,242.5893141454,243.1681925897,236.7465664579,239.1651009751,24911212,0.0,1.0
2022-10-25 00:00:00+00:00,250.66,251.04,245.83,247.26,34775505,245.9350353233,246.3078722874,241.1960812795,242.5991256445,34775505,0.0,1.0
2022-10-26 00:00:00+00:00,231.32,238.3,230.06,231.17,82684846,226.9595961501,233.8080224908,225.7233472691,226.8124236643,82684846,0.0,1.0
2022-10-27 00:00:00+00:00,226.75,233.69,225.78,231.04,40424645,222.4757410818,229.2849214262,221.5240256734,226.6848741766,40424645,0.0,1.0
2022-10-28 00:00:00+00:00,235.87,236.6,226.05,226.24,40647724,231.4238282203,232.1400676514,221.7889361479,221.97535463,40647724,0.0,1.0
2022-10-31 00:00:00+00:00,232.13,234.92,231.15,233.76,28357265,227.7543275736,230.4917358101,226.7928006662,229.3536019196,28357265,0.0,1.0
2022-11-01 00:00:00+00:00,228.17,235.74,227.325,234.6,30592271,223.8689739477,231.2962787326,223.0399022775,230.1777678403,30592271,0.0,1.0
2022-11-02 00:00:00+00:00,220.1,231.3,220.04,229.46,38407008,215.9510942099,226.939973152,215.8922252156,225.1346573258,38407008,0.0,1.0
2022-11-03 00:00:00+00:00,214.25,220.41,213.98,220.09,36633922,210.2113672625,216.2552506806,209.946456788,215.9412827109,36633922,0.0,1.0
2022-11-04 00:00:00+00:00,221.39,221.59,213.431,217.55,36789063,217.2167775881,217.4130075692,209.4078054899,213.4491619508,36789063,0.0,1.0
2022-11-07 00:00:00+00:00,227.87,228.41,221.28,221.99,33497979,223.574628976,224.104449925,217.1088510985,217.8054675314,33497979,0.0,1.0
2022-11-08 00:00:00+00:00,228.87,231.65,225.84,228.7,28192548,224.5557788815,227.2833756189,221.5828946677,224.3889833976,28192548,0.0,1.0
2022-11-09 00:00:00+00:00,224.51,228.6327,224.33,227.37,27852910,220.2779652934,224.3229520089,220.1013583104,223.0840540232,27852910,0.0,1.0
2022-11-10 00:00:00+00:00,242.98,243.33,235.0,235.43,46268021,238.3998040487,238.7432065157,230.5702278025,230.9921222619,46268021,0.0,1.0
2022-11-11 00:00:00+00:00,247.11,247.99,241.93,242.99,34620246,242.4519531586,243.3153650755,237.3695966479,238.4096155478,34620246,0.0,1.0
2022-11-14 00:00:00+00:00,241.55,243.91,239.21,241.985,31123340,236.9967596838,239.3122734609,234.7008689048,237.4235598927,31123340,0.0,1.0
2022-11-15 00:00:00+00:00,241.97,247.0,240.03,245.66,31390117,237.4088426441,242.344026669,235.5054118274,241.0292857956,31390117,0.0,1.0
2022-11-16 00:00:00+00:00,241.73,243.8,240.42,242.79,24093272,237.8405486026,239.8772421682,236.5516265876,238.8834931337,24093272,0.68,1.0
2022-11-17 00:00:00+00:00,241.68,243.25,237.63,237.78,23123544,237.7913531058,239.3360917039,233.8065178688,233.9541043591,23123544,0.0,1.0
2022-11-18 00:00:00+00:00,241.22,243.74,239.03,243.51,27613523,237.3387545357,239.8182075721,235.1839917779,239.591908287,27613523,0.0,1.0
2022-11-21 00:00:00+00:00,242.05,244.67,241.19,241.43,26394700,238.1553997818,240.7332438117,237.3092372376,237.5453756221,26394700,0.0,1.0
2022-11-22 00:00:00+00:00,245.03,245.31,240.71,243.59,19665699,241.0874513883,241.3629461701,236.8369604688,239.6706210818,19665699,0.0,1.0
2022-11-23 00:00:00+00:00,247.58,248.28,244.27,245.105,19508462,243.5964217227,244.2851586772,240.3396798376,241.1612446334,19508462,0.0,1.0
2022-11-25 00:00:00+00:00,247.49,248.7,246.73,247.31,9200772,243.5078698285,244.69840085,242.7600982779,243.3307660402,9200772,0.0,1.0
2022-11-28 00:00:00+00:00,241.76,246.65,240.8,246.08,24810271,237.8700659006,242.6813854831,236.925512363,242.1205568201,24810271,0.0,1.0
2022-11-29 00:00:00+00:00,240.33,242.79,238.21,241.4,17956313,236.4630746935,238.8834931337,234.3771856312,237.515858324,17956313,0.0,1.0
2022-11-30 00:00:00+00:00,255.14,255.33,239.86,240.57,47594239,251.0347808318,251.2217237194,236.000637024,236.6992130779,47594239,0.0,1.0
2022-12-01 00:00:00+00:00,254.69,256.12,250.9156,253.87,26041524,250.592021361,251.9990125681,246.8783517021,249.7852152142,26041524,0.0,1.0
2022-12-02 00:00:00+00:00,255.02,256.06,249.69,249.82,21528520,250.9167116396,251.939977972,245.6724716857,245.8003799772,21528520,0.0,1.0
2022-12-05 00:00:00+00:00,250.2,253.819,248.06,252.01,23435294,246.1742657526,249.7350358075,244.0686984915,247.955142735,23435294,0.0,1.0
2022-12-06 00:00:00+00:00,245.12,251.86,243.78,250.82,22463727,241.1760032824,247.8075562448,239.8575639695,246.7842899123,22463727,0.0,1.0
2022-12-07 00:00:00+00:00,244.37,246.16,242.205,244.83,20481522,240.4380708311,242.1992696149,238.3079058217,240.8906694013,20481522,0.0,1.0
2022-12-08 00:00:00+00:00,247.4,248.74,243.06,244.84,22611757,243.4193179344,244.7377572474,239.1491488162,240.9005085006,22611757,0.0,1.0
2022-12-09 00:00:00+00:00,245.42,248.31,244.16,244.695,20609743,241.471176263,244.3146759753,240.2314497448,240.75784156,20609743,0.0,1.0
2022-12-12 00:00:00+00:00,252.51,252.54,247.17,247.445,30665069,248.4470977025,248.4766150006,243.1930186493,243.4635938815,30665069,0.0,1.0
2022-12-13 00:00:00+00:00,256.92,263.915,253.07,261.69,42196884,252.7861405162,259.6685905119,248.9980872662,257.4793909064,42196884,0.0,1.0
2022-12-14 00:00:00+00:00,257.22,262.588,254.31,257.13,35410933,253.0813134967,258.3629420281,250.2181355857,252.9927616025,35410933,0.0,1.0
2022-12-15 00:00:00+00:00,249.01,254.2,247.34,253.72,35568093,245.0034129298,250.1099054928,243.3602833383,249.637628724,35568093,0.0,1.0
2022-12-16 00:00:00+00:00,244.69,249.84,243.51,248.55,86101994,240.7529220104,245.8200581759,239.591908287,244.5508143597,86101994,0.0,1.0
2022-12-19 00:00:00+00:00,240.45,245.21,238.71,244.86,29696436,236.5811438857,241.2645551766,234.8691405987,240.9201866993,29696436,0.0,1.0
2022-12-20 00:00:00+00:00,241.8,242.91,238.42,239.4,25150802,237.909422298,239.001562326,234.5838067175,235.5480384539,25150802,0.0,1.0
2022-12-21 00:00:00+00:00,244.43,245.615,240.11,241.69,23690607,240.4971054272,241.6630387003,236.2466145078,237.8011922052,23690607,0.0,1.0
2022-12-22 00:00:00+00:00,238.19,241.99,233.87,241.255,28651664,234.3575074325,238.0963651857,230.107016513,237.3731913834,28651664,0.0,1.0
2022-12-23 00:00:00+00:00,238.73,238.87,233.9428,236.11,21206982,234.8888187974,235.0265661883,230.1786451563,232.3109747675,21206982,0.0,1.0
2022-12-27 00:00:00+00:00,236.96,238.93,235.83,238.7,16688648,233.1472982123,235.0856007844,232.0354799857,234.8593014993,16688648,0.0,1.0
2022-12-28 00:00:00+00:00,234.53,239.72,234.17,236.89,17457104,230.7563970701,235.8628896331,230.4021894935,233.0784245169,17457104,0.0,1.0
2022-12-29 00:00:00+00:00,241.01,241.92,235.65,235.65,19770693,237.1321334493,238.0274914902,231.8583761974,231.8583761974,19770693,0.0,1.0
2022-12-30 00:00:00+00:00,239.82,239.96,236.66,238.21,21938472,235.9612806266,236.0990280175,232.8521252318,234.3771856312,21938472,0.0,1.0
2023-01-03 00:00:00+00:00,239.58,245.75,237.4,243.08,25740036,235.7251422422,241.7958665415,233.5802185838,239.1688270149,25740036,0.0,1.0
2023-01-04 00:00:00+00:00,229.1,232.87,225.96,232.275,50623394,225.4137661227,229.1231065779,222.3242889266,228.5376801666,50623394,0.0,1.0
2023-01-05 00:00:00+00:00,222.31,227.55,221.7602,227.2,39585623,218.7330176637,223.8887057234,218.1920639814,223.5443372461,39585623,0.0,1.0
2023-01-06 00:00:00+00:00,224.93,225.7601,219.35,223.0,43613574,221.3108616935,222.1276053306,215.8206442559,219.4119155189,43613574,0.0,1.0
2023-01-09 00:00:00+00:00,227.12,231.2366,226.41,226.45,27369784,223.4656244513,227.51598809,222.7670483974,222.8064047948,27369784,0.0,1.0
2023-01-10 00:00:00+00:00,228.85,231.31,227.33,227.755,27033881,225.167788639,227.5882070792,223.6722455377,224.0904072601,27033881,0.0,1.0
2023-01-11 00:00:00+00:00,235.77,235.95,231.11,231.29,28669331,231.9764453896,232.1535491779,227.3914250922,227.5685288805,28669331,0.0,1.0
2023-01-12 00:00:00+00:00,238.51,239.9,233.56,235.26,27269486,234.6723586117,236.0399934214,229.8020044331,231.4746513227,27269486,0.0,1.0
2023-01-13 00:00:00+00:00,239.23,239.37,234.92,237.002,21333265,235.3807737649,235.5185211558,231.1401219448,233.1886224296,21333265,0.0,1.0
2023-01-17 00:00:00+00:00,240.35,240.91,237.09,237.97,29831257,236.4827528922,237.0337424558,233.2752065039,234.1410472467,29831257,0.0,1.0
2023-01-18 00:00:00+00:00,235.81,242.38,235.52,241.565,30028692,232.015801787,238.4800900604,231.7304679058,237.6782034633,30028692,0.0,1.0
2023-01-19 00:00:00+00:00,231.93,235.52,230.68,233.78,28623033,228.198231239,231.7304679058,226.9683438201,230.0184646188,28623033,0.0,1.0
2023-01-20 00:00:00+00:00,240.22,240.74,234.51,234.855,35389809,236.3548446006,236.8664777669,230.7367188714,231.076167799,35389809,0.0,1.0
2023-01-23 00:00:00+00:00,242.58,245.165,239.65,241.1,31933951,238.6768720474,241.2202792295,235.7940159376,237.2206853435,31933951,0.0,1.0
2023-01-24 00:00:00+00:00,242.04,243.95,240.44,242.5,40234444,238.1455606824,240.0248286584,236.5713047863,238.5981592526,40234444,0.0,1.0
2023-01-25 00:00:00+00:00,240.61,243.3,230.9,234.48,66526641,236.7385694753,239.3852872006,227.1848040059,230.7072015734,66526641,0.0,1.0
2023-01-26 00:00:00+00:00,248.0,248.31,242.0,243.65,33454491,244.0096638954,244.3146759753,238.106204285,239.7296556779,33454491,0.0,1.0
2023-01-27 00:00:00+00:00,248.16,249.83,246.83,248.99,26498939,244.167089485,245.8102190766,242.8584892714,244.9837347311,26498939,0.0,1.0
2023-01-30 00:00:00+00:00,242.71,245.6,242.2,244.51,25867365,238.8047803389,241.6482800513,238.3029862721,240.5758182221,25867365,0.0,1.0
2023-01-31 00:00:00+00:00,247.81,247.95,242.945,243.45,26541072,243.8227210078,243.9604683987,239.0359991737,239.5328736909,26541072,0.0,1.0
2023-02-01 00:00:00+00:00,252.75,255.18,245.47,248.0,31259912,248.683236087,251.0741372292,241.5203717597,244.0096638954,31259912,0.0,1.0
2023-02-02 00:00:00+00:00,264.6,264.69,257.25,258.82,39940437,260.3425688175,260.4311207116,253.1108307947,254.6555693928,39940437,0.0,1.0
2023-02-03 00:00:00+00:00,258.35,264.2,257.1,259.542,29077256,254.1931317233,259.9490048434,252.9632443045,255.3659523659,29077256,0.0,1.0
2023-02-06 00:00:00+00:00,256.77,258.3,254.78,257.44,22517997,252.6385540259,254.1439362266,250.6805732551,253.2977736824,22517997,0.0,1.0
2023-02-07 00:00:00+00:00,267.56,268.775,260.08,260.53,50841365,263.2549422252,264.4503927963,255.895295911,256.3380553817,50841365,0.0,1.0
2023-02-08 00:00:00+00:00,266.73,276.76,266.21,273.2,54686049,262.4382969791,272.3069136278,261.9266638129,268.804194259,54686049,0.0,1.0
2023-02-09 00:00:00+00:00,263.62,273.98,262.8,273.8,42375102,259.3783370811,269.5716440083,258.5715309343,269.39454022,42375102,0.0,1.0
2023-02-10 00:00:00+00:00,263.1,264.09,260.662,261.53,25818489,258.8667039149,259.8407747506,256.4679314932,257.3219653168,25818489,0.0,1.0
2023-02-13 00:00:00+00:00,271.32,274.6,267.15,267.64,44630921,266.9544435811,270.1816681681,262.8515391519,263.33365502,44630921,0.0,1.0
2023-02-14 00:00:00+00:00,272.17,274.97,269.28,272.67,37047924,267.7907670259,270.545714844,264.9472673135,268.2827219934,37047924,0.0,1.0
2023-02-15 00:00:00+00:00,269.32,270.73,266.18,268.32,28962163,265.6556824668,267.0464982706,262.5584047193,264.6692882797,28962163,0.68,1.0
2023-02-16 00:00:00+00:00,262.15,266.74,261.9,264.02,29603616,258.5832361454,263.1107854641,258.3366375986,260.4277932752,29603616,0.0,1.0
2023-02-17 00:00:00+00:00,258.06,260.09,256.0,259.39,30000055,254.5488839202,256.55126412,252.5169118948,255.860788189,30000055,0.0,1.0
2023-02-21 00:00:00+00:00,252.67,255.49,251.59,254.48,28397444,249.2322192518,252.0138508593,248.1669135297,251.0175927304,28397444,0.0,1.0
2023-02-22 00:00:00+00:00,251.51,254.34,250.34,254.09,22491056,248.0880019947,250.8794975442,246.9339207958,250.6328989974,22491056,0.0,1.0
2023-02-23 00:00:00+00:00,254.77,256.84,250.48,255.56,29219095,251.3036470446,253.3454830119,247.072015982,252.0828984524,29219095,0.0,1.0
2023-02-24 00:00:00+00:00,249.22,251.0,248.1,249.96,24990905,245.8291593063,247.5849409593,244.7243978168,246.5590910047,24990905,0.0,1.0
2023-02-27 00:00:00+00:00,250.16,252.82,249.39,252.46,21190042,246.7563698422,249.3801783798,245.9968463181,249.0250764725,21190042,0.0,1.0
2023-02-28 00:00:00+00:00,249.42,251.49,248.73,249.07,22490950,246.0264381437,248.068274111,245.3458261546,245.6812001782,22490950,0.0,1.0
2023-03-01 00:00:00+00:00,246.27,250.93,245.79,250.76,27565259,242.9192964544,247.5158933662,242.4458272446,247.3482063544,27565259,0.0,1.0
2023-03-02 00:00:00+00:00,251.11,251.4,245.61,246.55,24833646,247.6934443199,247.9794986342,242.2682762909,243.1954868268,24833646,0.0,1.0
2023-03-03 00:00:00+00:00,255.29,255.62,251.39,252.19,30760136,251.8165720219,252.1420821037,247.9696346923,248.758750042,30760136,0.0,1.0
2023-03-06 00:00:00+00:00,256.87,260.12,255.98,256.425,24109849,253.3750748375,256.5808559456,252.497184011,252.9361294243,24109849,0.0,1.0
2023-03-07 00:00:00+00:00,254.15,257.69,253.39,256.3,21473179,250.6920826486,254.1839180709,249.9424230665,252.8128301509,21473179,0.0,1.0
2023-03-08 00:00:00+00:00,253.7,254.5417,250.81,254.04,17340217,250.2482052645,251.0784532517,247.3975260638,250.5835792881,17340217,0.0,1.0
2023-03-09 00:00:00+00:00,252.32,259.56,251.58,255.82,26653387,248.8869812863,256.0284752008,248.1570495878,252.3393609411,26653387,0.0,1.0
2023-03-10 00:00:00+00:00,248.59,252.79,247.6,251.08,28333930,245.2077309684,249.3505865542,244.2312007232,247.6638524943,28333930,0.0,1.0
2023-03-13 00:00:00+00:00,253.92,257.91,245.73,247.4,33339721,250.4652119856,254.4009247921,242.3866435934,244.0339218858,33339721,0.0,1.0
2023-03-14 00:00:00+00:00,260.79,261.07,255.86,256.75,33620293,257.2417400509,257.5179304233,252.3788167086,253.2567075351,33620293,0.0,1.0
2023-03-15 00:00:00+00:00,265.44,266.48,259.21,259.98,46028047,261.8284730209,262.8543229755,255.6832372353,256.4427607594,46028047,0.0,1.0
2023-03-16 00:00:00+00:00,276.2,276.56,263.28,265.205,54832140,272.442074474,272.7971763813,259.6978615768,261.5966703869,54832140,0.0,1.0
2023-03-17 00:00:00+00:00,279.43,283.33,276.3201,278.26,69527371,275.6281276983,279.4750650279,272.5605404158,274.4740464994,69527371,0.0,1.0
2023-03-20 00:00:00+00:00,272.23,277.48,269.85,276.98,43466649,268.5260895512,273.7046590334,266.1784713859,273.2114619399,43466649,0.0,1.0
2023-03-21 00:00:00+00:00,273.78,275.0,269.5191,274.88,34558704,270.0550005412,271.2584014495,265.8520735494,271.140034147,34558704,0.0,1.0
2023-03-22 00:00:00+00:00,272.29,281.04,272.18,273.4,34873330,268.5852732024,277.2162223395,268.4767698419,269.6801707501,34873330,0.0,1.0
2023-03-23 00:00:00+00:00,277.66,281.06,275.2,277.94,36610879,273.8822099871,277.2359502232,271.4556802869,274.1584003595,36610879,0.0,1.0
2023-03-24 00:00:00+00:00,280.57,280.63,275.28,277.24,28199962,276.7526170715,276.8118007228,271.5345918218,273.4679244285,28199962,0.0,1.0
2023-03-27 00:00:00+00:00,276.38,281.4589,275.52,280.5,26840212,272.6196254276,277.6294228644,271.7713264267,276.6835694784,26840212,0.0,1.0
2023-03-28 00:00:00+00:00,275.23,276.14,272.0451,275.79,21878647,271.4852721125,272.3828908227,268.343705266,272.0376528573,21878647,0.0,1.0
2023-03-29 00:00:00+00:00,280.51,281.1398,278.41,278.96,25087032,276.6934334203,277.3146644793,274.6220056274,275.1645224303,25087032,0.0,1.0
2023-03-30 00:00:00+00:00,284.05,284.46,281.48,284.23,25053410,280.1852688426,280.5896904593,277.6502357818,280.3628197963,25053410,0.0,1.0
2023-03-31 00:00:00+00:00,288.3,289.27,283.0,283.73,32765976,284.3774441377,285.3342464992,279.1495549462,279.8696227027,32765976,0.0,1.0
2023-04-03 00:00:00+00:00,287.23,288.27,283.95,286.52,24883342,283.3220023575,284.3478523121,280.0866294239,282.6216624847,24883342,0.0,1.0
2023-04-04 00:00:00+00:00,287.18,290.4499,285.67,287.23,25824299,283.2726826482,286.4980930006,281.7832274257,283.3220023575,25824299,0.0,1.0
2023-04-05 00:00:00+00:00,284.34,287.15,282.92,285.85,22064770,280.4713231569,283.2430908226,279.0706434112,281.9607783794,22064770,0.0,1.0
2023-04-06 00:00:00+00:00,291.6,292.08,282.03,283.21,29770334,287.6325449551,288.1060141649,278.1927525847,279.3566977255,29770334,0.0,1.0
2023-04-10 00:00:00+00:00,289.39,289.6,284.71,289.208,23102994,285.4526138017,285.6597565809,280.8362890061,285.2730900596,23102994,0.0,1.0
2023-04-11 00:00:00+00:00,282.83,285.98,281.64,285.75,27276589,278.9818679344,282.0890096237,277.8080588517,281.8621389607,27276589,0.0,1.0
2023-04-12 00:00:00+00:00,283.49,287.01,281.96,284.79,27403432,279.6328880978,283.1049956364,278.1237049916,280.9152005411,27403432,0.0,1.0
2023-04-13 00:00:00+00:00,289.84,289.9,283.17,283.59,24222678,285.8964911859,285.9556748371,279.317241958,279.7315275165,24222678,0.0,1.0
2023-04-14 00:00:00+00:00,286.14,288.48,283.69,287.0,20987917,282.2468326936,284.5549950914,279.8301669353,283.0951316945,20987917,0.0,1.0
2023-04-17 00:00:00+00:00,288.8,291.6,286.16,289.93,23791151,284.8706412313,287.6325449551,282.2665605774,285.9852666627,23791151,0.0,1.0
2023-04-18 00:00:00+00:00,288.37,291.755,287.01,291.57,20161845,284.4464917308,287.7854360541,283.1049956364,287.6029531295,20161845,0.0,1.0
2023-04-19 00:00:00+00:00,288.45,289.05,284.54,285.99,17150271,284.5254032658,285.1172397781,280.6686019943,282.0988735656,17150271,0.0,1.0
2023-04-20 00:00:00+00:00,286.11,289.03,285.08,285.25,23244363,282.217240868,285.0975118943,281.2012548553,281.3689418671,23244363,0.0,1.0
2023-04-21 00:00:00+00:00,285.76,286.27,283.0608,285.01,21676387,281.8720029025,282.3750639379,279.2095277127,281.1322072622,21676387,0.0,1.0
2023-04-24 00:00:00+00:00,281.77,284.95,278.72,282.09,26611014,277.936290096,281.073023611,274.9277878254,278.2519362359,26611014,0.0,1.0
2023-04-25 00:00:00+00:00,275.42,281.6,275.37,279.51,45772236,271.672687008,277.7686030842,271.6233672987,275.7070392332,45772236,0.0,1.0
2023-04-26 00:00:00+00:00,295.37,299.57,292.73,296.7,64481117,291.3512510405,295.4941066262,288.7471703865,292.6631553093,64481117,0.0,1.0
2023-04-27 00:00:00+00:00,304.83,305.2,295.25,295.97,46462638,300.6825400503,301.0475058995,291.232883738,291.9430875527,46462638,0.0,1.0
2023-04-28 00:00:00+00:00,307.26,308.93,303.31,304.01,36469613,303.0794779249,304.7267562174,299.1832208859,299.8736968169,36469613,0.0,1.0
2023-05-01 00:00:00+00:00,305.56,308.6,305.15,306.97,21294115,301.4026078069,304.4012461356,300.9981861902,302.7934236107,21294115,0.0,1.0
2023-05-02 00:00:00+00:00,305.41,309.18,303.91,307.76,26404431,301.2546486788,304.9733547642,299.7750573982,303.5726750185,26404431,0.0,1.0
2023-05-03 00:00:00+00:00,304.4,308.61,304.09,306.62,22360754,300.2583905499,304.4111100775,299.9526083519,302.4481856452,22360754,0.0,1.0
2023-05-04 00:00:00+00:00,305.41,307.7626,303.4,306.24,22519907,301.2546486788,303.5752396434,299.2719963628,302.0733558541,22519907,0.0,1.0
2023-05-05 00:00:00+00:00,310.65,311.97,304.27,305.72,28197052,306.4233542192,307.7253945461,300.1301593055,301.5604308768,28197052,0.0,1.0
2023-05-08 00:00:00+00:00,308.65,310.2,306.09,310.13,21318613,304.450565845,305.979476835,301.925396726,305.9104292419,21318613,0.0,1.0
2023-05-09 00:00:00+00:00,307.0,310.04,306.31,308.0,21340829,302.8230154363,305.821653765,302.1424034472,303.8094096234,21340829,0.0,1.0
2023-05-10 00:00:00+00:00,312.31,313.0,307.67,308.62,30078044,308.0607685697,308.7413805588,303.4838995416,304.4209740194,30078044,0.0,1.0
2023-05-11 00:00:00+00:00,310.11,311.12,306.2601,310.1,31680179,305.8907013581,306.8869594871,302.0931823773,305.8808374163,31680179,0.0,1.0
2023-05-12 00:00:00+00:00,308.97,310.65,306.6,310.55,19774696,304.7662119849,306.4233542192,302.4284577615,306.3247148005,19774696,0.0,1.0
2023-05-15 00:00:00+00:00,309.46,309.905,307.59,309.095,16336547,305.2495451365,305.6884905498,303.4049880067,304.8895112582,16336547,0.0,1.0
2023-05-16 00:00:00+00:00,311.74,313.71,309.83,309.83,26730347,307.4985238831,309.4417204317,305.6145109858,305.6145109858,26730347,0.0,1.0
2023-05-17 00:00:00+00:00,314.0,314.43,310.74,312.29,24315012,310.3985227931,310.8235908339,307.1759139259,308.7081359333,24315012,0.68,1.0
2023-05-18 00:00:00+00:00,318.52,319.04,313.72,314.53,27275991,314.8666798728,315.3807156431,310.1217343015,310.9224438666,27275991,0.0,1.0
2023-05-19 00:00:00+00:00,318.34,318.75,316.37,316.74,27546701,314.6887444139,315.0940418481,312.741339669,313.1070958901,27546701,0.0,1.0
2023-05-22 00:00:00+00:00,321.18,322.59,318.01,318.6,24115664,317.4961705436,318.8899983052,314.3625294059,314.945762299,24115664,0.0,1.0
2023-05-23 00:00:00+00:00,315.26,322.72,315.25,320.03,30797173,311.6440710056,319.0185072478,311.6341857023,316.3593606672,30797173,0.0,1.0
2023-05-24 00:00:00+00:00,313.85,316.5,312.61,314.73,23384887,310.250243244,312.8698486116,309.0244656381,311.1201499321,23384887,0.0,1.0
2023-05-25 00:00:00+00:00,325.92,326.9,320.0,323.24,43301743,322.1818042954,323.1505640162,316.3297047573,319.532543018,43301743,0.0,1.0
2023-05-26 00:00:00+00:00,332.89,333.4,323.88,324.02,36630633,329.0718606771,329.5760111441,320.1652024275,320.3035966734,36630633,0.0,1.0
2023-05-30 00:00:00+00:00,331.21,335.74,330.52,335.23,29503070,327.4111297271,331.8891721101,326.7290438012,331.3850216431,29503070,0.0,1.0
2023-05-31 00:00:00+00:00,328.39,335.94,327.33,332.29,45546858,324.6234742039,332.0868781756,323.5756320569,328.4787424807,45546858,0.0,1.0
2023-06-01 00:00:00+00:00,332.58,333.53,324.72,325.93,26773851,328.7654162756,329.7045200866,320.9955679025,322.1916895986,26773851,0.0,1.0
2023-06-02 00:00:00+00:00,335.4,337.5,332.55,334.247,25873769,331.5530717988,333.6289854863,328.7357603658,330.4132963313,25873769,0.0,1.0
2023-06-05 00:00:00+00:00,335.94,338.5599,334.6601,335.22,21307053,332.0868781756,334.6767287802,330.8216582096,331.3751363399,21307053,0.0,1.0
2023-06-06 00:00:00+00:00,333.68,335.37,332.17,335.33,20396223,329.8527996357,331.523415889,328.3601188414,331.4838746759,20396223,0.0,1.0
2023-06-07 00:00:00+00:00,323.38,334.49,322.5,331.65,40717129,319.6709372638,330.6535092009,318.8010305758,327.8460830712,40717129,0.0,1.0
2023-06-08 00:00:00+00:00,325.26,326.64,323.35,323.935,23277708,321.5293742793,322.8935461311,319.641281354,320.2195715955,23277708,0.0,1.0
2023-06-09 00:00:00+00:00,326.79,329.99,324.41,324.99,22528950,323.0418256802,326.2051227277,320.689123501,321.2624710909,22528950,0.0,1.0
2023-06-12 00:00:00+00:00,331.85,332.0999,325.16,328.58,24306753,328.0437891366,328.2908228654,321.4305212466,324.8112949661,24306753,0.0,1.0
2023-06-13 00:00:00+00:00,334.29,336.98,330.39,334.465,22951279,330.4558031354,333.114949716,326.6005348587,330.6287959427,22951279,0.0,1.0
2023-06-14 00:00:00+00:00,337.34,339.04,332.81,334.34,26003791,333.4708206339,335.1513221904,328.9927782509,330.5052296518,26003791,0.0,1.0
2023-06-15 00:00:00+00:00,348.1,349.84,337.2,337.48,38899075,344.1074069563,345.827449726,333.332426388,333.6092148797,38899075,0.0,1.0
2023-06-16 00:00:00+00:00,342.33,351.47,341.95,351.32,46551985,338.4035869674,347.4387541596,338.027945443,347.2904746105,46551985,0.0,1.0
2023-06-20 00:00:00+00:00,338.05,342.08,335.86,339.31,26375407,334.1726771663,338.1564543856,332.0077957494,335.4182253788,26375407,0.0,1.0
2023-06-21 00:00:00+00:00,333.56,337.73,332.07,336.37,25117799,329.7341759964,333.8563474616,328.2612658087,332.5119462163,25117799,0.0,1.0
2023-06-22 00:00:00+00:00,339.71,340.12,333.34,334.12,23556764,335.8136375097,336.218934944,329.5166993244,330.2877529798,23556764,0.0,1.0
2023-06-23 00:00:00+00:00,335.02,337.96,333.45,334.36,23146901,331.1774302744,334.0837094368,329.6254376604,330.5250002583,23146901,0.0,1.0
2023-06-26 00:00:00+00:00,328.6,336.11,328.49,333.72,21520582,324.8310655727,332.2549283312,324.7223272367,329.8923408488,21520582,0.0,1.0
2023-06-27 00:00:00+00:00,334.57,336.15,329.3,331.86,24354110,330.7325916271,332.2944695443,325.5230368019,328.0536744399,24354110,0.0,1.0
2023-06-28 00:00:00+00:00,335.85,337.98,333.81,334.66,20259523,331.9979104461,334.1034800434,329.9813085783,330.8215593565,20259523,0.0,1.0
2023-06-29 00:00:00+00:00,335.05,336.11,332.62,334.71,16997042,331.2070861842,332.2549283312,328.8049574887,330.8709858729,16997042,0.0,1.0
2023-06-30 00:00:00+00:00,340.54,342.73,337.2,337.75,26832756,336.6341176815,338.7989990984,333.332426388,333.8761180681,26832756,0.0,1.0
2023-07-03 00:00:00+00:00,337.99,340.9,336.571,339.19,12508692,334.1133653467,336.9899885993,332.7106408121,335.2996017395,12508692,0.0,1.0
2023-07-05 00:00:00+00:00,338.15,341.65,334.7276,335.09,18172378,334.271530199,337.7313863448,330.8883840067,331.2466273973,18172378,0.0,1.0
2023-07-06 00:00:00+00:00,341.27,342.99,335.5,337.3,28195534,337.3557448204,339.0560169835,331.6519248315,333.4312794208,28195534,0.0,1.0
2023-07-07 00:00:00+00:00,337.22,341.79,337.0,339.32,21214824,333.3521969946,337.8697805907,333.1347203226,335.4281106821,21214824,0.0,1.0
2023-07-10 00:00:00+00:00,331.83,335.23,327.59,334.6,32791449,328.0240185301,331.3850216431,323.8326499421,330.7622475369,32791449,0.0,1.0
2023-07-11 00:00:00+00:00,332.47,332.86,327.0,331.06,26698218,328.6566779396,329.0422047673,323.2494170489,327.262850178,26698218,0.0,1.0
2023-07-12 00:00:00+00:00,337.2,341.652,335.67,336.6,29995262,333.332426388,337.7333634055,331.8199749872,332.7393081916,29995262,0.0,1.0
2023-07-13 00:00:00+00:00,342.66,343.74,339.02,339.56,20567159,338.7298019755,339.797414729,335.1315515839,335.6653579606,20567159,0.0,1.0
2023-07-14 00:00:00+00:00,345.24,351.43,344.31,347.59,28352729,341.2802102201,347.3992129465,340.3608770156,343.6032564894,28352729,0.0,1.0
2023-07-17 00:00:00+00:00,345.73,346.99,342.2,345.678,20363927,341.7645900805,343.010138293,338.2750780249,341.7131865035,20363927,0.0,1.0
2023-07-18 00:00:00+00:00,359.49,366.78,342.17,345.83,64872705,355.3667673851,362.5731534716,338.2454221151,341.8634431132,64872705,0.0,1.0
2023-07-19 00:00:00+00:00,355.08,362.46,352.435,361.75,39732901,351.0073486414,358.3027024573,348.3926859255,357.6008459249,39732901,0.0,1.0
2023-07-20 00:00:00+00:00,346.87,357.97,345.37,353.57,33778395,342.8915146537,353.8642012875,341.4087191626,349.514667847,33778395,0.0,1.0
2023-07-21 00:00:00+00:00,343.77,350.3,339.83,349.15,69405382,339.8270706388,346.2821736766,335.932261149,345.1453638001,69405382,0.0,1.0
2023-07-24 00:00:00+00:00,345.11,346.92,342.31,345.85,26719207,341.1517012775,342.9409411701,338.3838163609,341.8832137198,26719207,0.0,1.0
2023-07-25 00:00:00+00:00,350.98,351.89,345.07,347.11,41637739,346.9543742992,347.8539368971,341.1121600644,343.1287619323,41637739,0.0,1.0
2023-07-26 00:00:00+00:00,337.77,344.67,333.11,341.44,58383702,333.8958886746,340.7167479335,329.2893373491,337.5237949761,58383702,0.0,1.0
2023-07-27 00:00:00+00:00,330.72,341.33,329.05,340.48,39635262,326.9267498667,337.4150566401,325.27590422,336.5748058618,39635262,0.0,1.0
2023-07-28 00:00:00+00:00,338.37,340.01,333.17,333.67,28484868,334.4890068711,336.1101966079,329.3486491688,329.8429143324,28484868,0.0,1.0
2023-07-31 00:00:00+00:00,335.92,337.695,333.36,336.92,25446022,332.067107569,333.8217489001,329.536469931,333.0556378964,25446022,0.0,1.0
2023-08-01 00:00:00+00:00,336.34,338.54,333.7,335.19,18381253,332.4822903065,334.6570570267,329.8725702423,331.34548043,18381253,0.0,1.0
2023-08-02 00:00:00+00:00,327.5,333.63,326.3551,333.63,27761257,323.7436822126,329.8033731193,322.6119138408,329.8033731193,27761257,0.0,1.0
2023-08-03 00:00:00+00:00,326.66,329.88,325.95,326.0,18360352,322.9133167376,326.0963843917,322.2114602052,322.2608867215,18360352,0.0,1.0
2023-08-04 00:00:00+00:00,327.78,335.14,327.24,331.88,23741484,324.0204707043,331.2960539137,323.4866643275,328.0734450465,23741484,0.0,1.0
2023-08-07 00:00:00+00:00,330.11,331.11,327.52,328.37,17741526,326.323746367,327.3122766944,323.7634528191,324.6037035974,17741526,0.0,1.0
2023-08-08 00:00:00+00:00,326.05,328.75,323.0,326.96,22327574,322.3103132379,324.9793451218,319.2952957394,323.2098758358,22327574,0.0,1.0
2023-08-09 00:00:00+00:00,322.23,327.11,321.0499,326.47,22373268,318.5341273874,323.3581553849,317.367562748,322.7254959754,22373268,0.0,1.0
2023-08-10 00:00:00+00:00,322.93,328.26,321.18,326.015,20113725,319.2260986165,324.4949652614,317.4961705436,322.2757146765,20113725,0.0,1.0
2023-08-11 00:00:00+00:00,321.01,322.41,319.21,320.26,24355491,317.328120388,318.7120628463,315.5487657987,316.5867226425,24355491,0.0,1.0
2023-08-14 00:00:00+00:00,324.04,324.06,320.08,321.39,18836139,320.3233672799,320.3431378864,316.4087871835,317.7037619124,18836139,0.0,1.0
2023-08-15 00:00:00+00:00,321.86,325.09,320.9034,323.0,16966285,318.1683711662,321.3613241236,317.2227430551,319.2952957394,16966285,0.0,1.0
2023-08-16 00:00:00+00:00,320.4,324.42,319.8035,320.8,20698864,317.3973175109,321.3796434048,316.806407711,317.7935688436,20698864,0.68,1.0
2023-08-17 00:00:00+00:00,316.88,321.87,316.21,320.54,21257161,313.9103057829,318.8535411587,313.2465848006,317.5360054773,21257161,0.0,1.0
2023-08-18 00:00:00+00:00,316.48,318.38,311.5508,314.49,24755012,313.5140544502,315.3962482806,308.6310492771,311.5427040699,24755012,0.0,1.0
2023-08-21 00:00:00+00:00,321.88,322.77,317.04,317.93,24039956,318.863447442,319.7451066573,314.068806316,314.9504655313,24039956,0.0,1.0
2023-08-22 00:00:00+00:00,322.46,326.075,321.46,325.5,16102024,319.4380118744,323.0191332939,318.4473835426,322.4495220031,16102024,0.0,1.0
2023-08-23 00:00:00+00:00,327.0,329.2,323.46,323.82,21166382,323.9354645008,326.1148468308,320.4286402062,320.7852664057,21166382,0.0,1.0
2023-08-24 00:00:00+00:00,319.97,332.98,319.96,332.85,23281434,316.9713473282,329.859421925,316.9614410449,329.7306402419,23281434,0.0,1.0
2023-08-25 00:00:00+00:00,322.98,325.36,318.8001,321.47,21684104,319.953138607,322.3108340367,315.8124112428,318.4572898259,21684104,0.0,1.0
2023-08-28 00:00:00+00:00,323.7,326.15,321.722,325.66,14808482,320.6663910059,323.0934304188,318.7069281655,322.6080225362,14808482,0.0,1.0
2023-08-29 00:00:00+00:00,328.41,328.9835,321.88,321.88,19284590,325.3322504487,325.900375797,318.863447442,318.863447442,19284590,0.0,1.0
2023-08-30 00:00:00+00:00,328.79,329.81,326.445,328.67,15222110,325.7086892148,326.7191301132,323.3856657767,325.5898138149,15222110,0.0,1.0
2023-08-31 00:00:00+00:00,327.76,330.9099,326.78,329.2,26410954,324.688342033,327.8087222154,323.7175262678,326.1148468308,26410954,0.0,1.0
2023-09-01 00:00:00+00:00,328.66,331.99,326.78,331.31,14942024,325.5799075316,328.8786998765,323.7175262678,328.2050726109,14942024,0.0,1.0
2023-09-05 00:00:00+00:00,333.55,334.85,328.66,329.0,18553859,330.4240800742,331.7118969055,325.5799075316,325.9167211644,18553859,0.0,1.0
2023-09-06 00:00:00+00:00,332.88,334.46,330.18,333.38,17535773,329.7603590918,331.3255518561,327.085662596,330.2556732577,17535773,0.0,1.0
2023-09-07 00:00:00+00:00,329.91,333.08,329.03,331.29,18380995,326.8181929464,329.9584847582,325.9464400144,328.1852600443,18380995,0.0,1.0
2023-09-08 00:00:00+00:00,334.27,336.16,329.46,330.09,19548165,331.1373324731,333.0096200202,326.3724101971,326.9965060461,19548165,0.0,1.0
2023-09-11 00:00:00+00:00,337.94,338.42,335.43,337.24,16583324,334.7729384508,335.2484400501,332.286461338,334.0794986185,16583324,0.0,1.0
2023-09-12 00:00:00+00:00,331.77,336.79,331.48,335.815,17565482,328.6607616435,333.6337158692,328.3734794273,332.6678532457,17565482,0.0,1.0
2023-09-13 00:00:00+00:00,336.06,336.85,331.17,331.31,16544412,332.910557187,333.6931535691,328.0663846445,328.2050726109,16544412,0.0,1.0
2023-09-14 00:00:00+00:00,338.7,340.86,336.57,339.148,20267048,335.525815983,337.6655731797,333.4157776362,335.9696174756,20267048,0.0,1.0
2023-09-15 00:00:00+00:00,330.22,337.3975,329.65,336.92,37679792,327.1252877292,334.2355225808,326.5606295801,333.7624975523,37679792,0.0,1.0
2023-09-18 00:00:00+00:00,329.06,330.4,326.36,327.8,16834208,325.9761588643,327.303600829,323.3014623685,324.7279671663,16834208,0.0,1.0
2023-09-19 00:00:00+00:00,328.65,329.39,324.51,326.17,16514487,325.5700012483,326.3030662138,321.4687999546,323.1132429854,16514487,0.0,1.0
2023-09-20 00:00:00+00:00,320.77,329.59,320.51,329.51,21436525,317.7638499937,326.5011918802,317.5062866274,326.4219416137,21436525,0.0,1.0
2023-09-21 00:00:00+00:00,319.53,325.3499,315.0,319.26,35560362,316.5354708622,322.3008286905,312.0479245191,316.2680012126,35560362,0.0,1.0
2023-09-22 00:00:00+00:00,317.01,321.45,316.15,321.32,21447887,314.0390874661,318.4374772593,313.1871471007,318.3086955762,21447887,0.0,1.0
2023-09-25 00:00:00+00:00,317.54,317.67,315.0,316.59,17835964,314.5641204819,314.6929021651,312.0479245191,313.6230235667,17835964,0.0,1.0
2023-09-26 00:00:00+00:00,312.14,315.88,310.02,315.13,26297573,309.2147274902,312.9196774511,307.1145954267,312.1767062023,26297573,0.0,1.0
2023-09-27 00:00:00+00:00,312.79,314.299,309.69,312.3,19410082,309.8586359058,311.3534940585,306.7876880772,309.3732280233,19410082,0.0,1.0
2023-09-28 00:00:00+00:00,313.64,315.48,309.45,310.99,19683564,310.7006699879,312.5234261184,306.5499372776,308.0755049086,19683564,0.0,1.0
2023-09-29 00:00:00+00:00,315.75,319.47,314.98,317.75,24147298,312.790895768,316.4760331623,312.0281119525,314.7721524316,24147298,0.0,1.0
2023-10-02 00:00:00+00:00,321.8,321.888,315.18,316.28,20570006,318.7841971754,318.8713724686,312.2262376189,313.3159287839,20570006,0.0,1.0
2023-10-03 00:00:00+00:00,313.39,321.39,311.215,320.83,21033492,310.4530129049,318.3780395594,308.2983962833,317.8232876936,21033492,0.0,1.0
2023-10-04 00:00:00+00:00,318.955,320.04,314.0,314.03,20720144,315.9658595714,317.0406913114,311.0572961873,311.0870150373,20720144,0.0,1.0
2023-10-05 00:00:00+00:00,319.36,319.98,314.9,319.09,16965629,316.3670640458,316.9812536115,311.948861686,316.0995943962,16965629,0.0,1.0
2023-10-06 00:00:00+00:00,327.26,329.19,316.3,316.55,25673630,324.1930278671,326.1049405475,313.3357413505,313.5833984334,25673630,0.0,1.0
2023-10-09 00:00:00+00:00,329.82,330.3,323.18,324.75,19891180,326.7290363965,327.2045379958,320.1512642733,321.7065507543,19891180,0.0,1.0
2023-10-10 00:00:00+00:00,328.39,331.1,327.67,330.96,20557094,325.312437882,327.9970406612,324.5991854831,327.8583526948,20557094,0.0,1.0
2023-10-11 00:00:00+00:00,332.42,332.82,329.14,331.21,20063246,329.3046700592,329.7009213919,326.0554091309,328.1060097777,20063246,0.0,1.0
2023-10-12 00:00:00+00:00,331.16,333.6299,328.72,330.565,19313098,328.0564783611,330.5032312779,325.6393452315,327.4670545037,19313098,0.0,1.0
2023-10-13 00:00:00+00:00,327.73,333.83,326.36,332.38,21085695,324.658623183,330.7014560071,323.3014623685,329.2650449259,21085695,0.0,1.0
2023-10-16 00:00:00+00:00,332.64,336.14,330.6,331.05,22158048,329.5226082922,332.9898074535,327.5017264953,327.9475092446,22158048,0.0,1.0
2023-10-17 00:00:00+00:00,332.06,333.46,327.41,329.59,18338523,328.9480438598,330.3349235243,324.3416221169,326.5011918802,18338523,0.0,1.0
2023-10-18 00:00:00+00:00,330.11,335.59,328.3,332.49,23153602,327.0163186127,332.444961871,325.2232813322,329.3740140424,23153602,0.0,1.0
2023-10-19 00:00:00+00:00,331.32,336.88,330.91,332.15,25052071,328.2149788942,333.7228724191,327.8088212782,329.0372004096,25052071,0.0,1.0
2023-10-20 00:00:00+00:00,326.67,331.92,325.45,331.72,25027715,323.6085571513,328.8093558933,322.3999905865,328.6112302269,25027715,0.0,1.0
2023-10-23 00:00:00+00:00,329.32,332.725,324.39,325.47,24374748,326.2337222306,329.6068117004,321.3499245548,322.4198031532,24374748,0.0,1.0
2023-10-24 00:00:00+00:00,330.53,331.84,327.6,331.3,31153571,327.4323825121,328.7301056268,324.5298414999,328.1951663276,31153571,0.0,1.0
2023-10-25 00:00:00+00:00,340.67,346.2,337.62,345.02,55053828,337.4773537966,342.9555284715,334.4559373846,341.78658704,55053828,0.0,1.0
2023-10-26 00:00:00+00:00,327.89,341.63,326.94,340.54,37828543,324.8171237161,338.4283569952,323.8760268009,337.3485721135,37828543,0.0,1.0
2023-10-27 00:00:00+00:00,329.81,336.72,328.4007,330.425,29856522,326.7191301132,333.564371886,325.3230376052,327.3283665373,29856522,0.0,1.0
2023-10-30 00:00:00+00:00,337.31,339.45,331.83,333.41,22828082,334.1488426017,336.2687872318,328.7201993434,330.2853921077,22828082,0.0,1.0
2023-10-31 00:00:00+00:00,338.11,339.0,334.69,338.85,20265282,334.9413452672,335.8230044825,331.5533963724,335.6744102327,20265282,0.0,1.0
2023-11-01 00:00:00+00:00,346.07,347.42,339.65,339.79,28158819,342.8267467884,344.1640950363,336.4669128982,336.6056008646,28158819,0.0,1.0
2023-11-02 00:00:00+00:00,348.32,348.83,344.77,347.24,24348072,345.0556605349,345.5608809842,341.538929957,343.9857819366,24348072,0.0,1.0
2023-11-03 00:00:00+00:00,352.8,354.39,347.33,349.63,23637673,349.4936754614,351.068774509,344.0749384865,346.3533836496,23637673,0.0,1.0
2023-11-06 00:00:00+00:00,356.53,357.54,353.35,353.45,23828301,353.1887191391,354.1892537542,350.0385210439,350.1375838771,23828301,0.0,1.0
2023-11-07 00:00:00+00:00,360.53,362.46,357.63,359.4,25833931,357.1512324663,359.0631451467,354.2784103041,356.0318224514,25833931,0.0,1.0
2023-11-08 00:00:00+00:00,363.2,363.87,360.55,361.68,26767828,359.7962101122,360.4599310945,357.1710450329,358.2904550479,26767828,0.0,1.0
2023-11-09 00:00:00+00:00,360.69,364.79,360.362,362.3,24847331,357.3097329994,361.3713091598,356.9848069066,358.9046446136,24847331,0.0,1.0
2023-11-10 00:00:00+00:00,369.67,370.1,361.07,361.49,28065164,366.205575419,366.6315456017,357.6861717655,358.1022356648,28065164,0.0,1.0
2023-11-13 00:00:00+00:00,366.68,368.47,365.9,368.22,19986506,363.2435967069,365.0168214208,362.4709066081,364.7691643379,19986506,0.0,1.0
2023-11-14 00:00:00+00:00,370.27,371.95,367.3454,371.01,27683862,366.7999524181,368.4642080155,363.9027607989,367.5330173836,27683862,0.0,1.0
2023-11-15 00:00:00+00:00,369.67,373.13,367.11,371.28,26860095,366.9485466679,370.3830746833,364.4073929917,368.546694097,26860095,0.75,1.0
2023-11-16 00:00:00+00:00,376.17,376.35,370.18,370.96,27182315,373.4006946738,373.5793695416,367.4547921268,368.2290498875,27182315,0.0,1.0
2023-11-17 00:00:00+00:00,369.85,374.37,367.0,373.61,40325371,367.1272215357,371.6139459952,364.2982027947,370.8595409976,40325371,0.0,1.0
2023-11-20 00:00:00+00:00,377.44,378.87,371.0,371.22,52528964,374.6613451303,376.0808176916,368.2687554137,368.4871358077,52528964,0.0,1.0
2023-11-21 00:00:00+00:00,373.07,376.2215,371.12,375.67,28423145,370.323516394,373.4518155387,368.3878719923,372.9043755964,28423145,0.0,1.0
2023-11-22 00:00:00+00:00,377.85,379.7899,374.965,378.0,23361184,375.0683267738,376.9939455302,372.2045656973,375.217222497,23361184,0.0,1.0
2023-11-24 00:00:00+00:00,377.43,377.97,375.135,377.33,10176649,374.6514187488,375.1874433523,372.3733141836,374.5521549333,10176649,0.0,1.0
2023-11-27 00:00:00+00:00,378.61,380.64,376.2,376.78,22179228,375.8227317714,377.8377872255,373.4304738184,374.0062039482,22179228,0.0,1.0
2023-11-28 00:00:00+00:00,382.7,383.0,378.16,378.35,20453112,379.8826218243,380.1804132707,375.3760446017,375.5646458511,20453112,0.0,1.0
2023-11-29 00:00:00+00:00,378.85,384.3,377.44,383.76,28963399,376.0609649285,381.4708428719,374.6613451303,380.9348182684,28963399,0.0,1.0
2023-11-30 00:00:00+00:00,378.91,380.09,375.47,378.49,30554415,376.1205232178,377.2918362404,372.7058479654,375.7036151928,30554415,0.0,1.0
2023-12-01 00:00:00+00:00,374.51,378.16,371.31,376.76,33040472,371.7529153369,375.3760446017,368.5764732417,373.9863511851,33040472,0.0,1.0
2023-12-04 00:00:00+00:00,369.14,369.52,362.9,369.1,32063305,366.4224484459,366.7996509447,360.2283863602,366.3827429197,32063305,0.0,1.0
2023-12-05 00:00:00+00:00,372.52,373.075,365.621,366.45,23065035,369.7775654089,370.3284795848,362.9293547793,363.7522518096,23065035,0.0,1.0
2023-12-06 00:00:00+00:00,368.8,374.18,368.03,373.54,21118348,366.0849514732,371.4253447458,365.3206200941,370.7900563268,21118348,0.0,1.0
2023-12-07 00:00:00+00:00,370.95,371.4527,366.32,368.23,23118864,368.219123506,368.7181227064,363.6232088494,365.519147725,23118864,0.0,1.0
2023-12-08 00:00:00+00:00,374.23,374.46,368.23,369.2,20154366,371.4749766536,371.7032834291,365.519147725,366.4820067351,20154366,0.0,1.0
2023-12-11 00:00:00+00:00,371.3,371.6,366.1,368.48,27708757,368.5665468601,368.8643383065,363.4048284554,365.7673072637,27708757,0.0,1.0
2023-12-12 00:00:00+00:00,374.38,374.42,370.46,370.85,24838253,371.6238723768,371.663577903,367.7327308101,368.1198596905,24838253,0.0,1.0
2023-12-13 00:00:00+00:00,374.37,377.6361,370.77,376.02,30955531,371.6139459952,374.8560014725,368.0404486381,373.2517989506,30955531,0.0,1.0
2023-12-14 00:00:00+00:00,365.93,373.76,364.13,373.31,43277461,363.2360799691,371.0084367208,361.4493312905,370.5617495512,43277461,0.0,1.0
2023-12-15 00:00:00+00:00,370.73,372.4,366.28,366.85,78502324,368.0007431119,369.6584488303,363.5835033233,364.1493070715,78502324,0.0,1.0
2023-12-18 00:00:00+00:00,372.65,373.0,368.68,369.45,21802878,369.906608369,370.2540317232,365.9658348947,366.7301662738,21802878,0.0,1.0
2023-12-19 00:00:00+00:00,373.26,373.26,369.84,371.49,20533284,370.5121176434,370.5121176434,367.1172951542,368.7551481095,20533284,0.0,1.0
2023-12-20 00:00:00+00:00,370.62,376.03,370.53,375.0,26316650,367.8915529149,373.2617253321,367.802215481,372.2393080327,26316650,0.0,1.0
2023-12-21 00:00:00+00:00,373.54,374.41,370.04,372.56,17708006,370.7900563268,371.6536515214,367.3158227851,369.8172709351,17708006,0.0,1.0
2023-12-22 00:00:00+00:00,374.58,375.18,372.71,373.68,17107484,371.8224000077,372.4179829006,369.9661666583,370.9290256684,17107484,0.0,1.0
2023-12-26 00:00:00+00:00,374.66,376.94,373.5,375.0,12673050,371.9018110601,374.1650260529,370.7503508006,372.2393080327,12673050,0.0,1.0
2023-12-27 00:00:00+00:00,374.07,375.06,372.8116,373.69,14872756,371.3161545488,372.298866322,370.0670186948,370.93895205,14872756,0.0,1.0
2023-12-28 00:00:00+00:00,375.28,376.458,374.16,375.37,14327013,372.517246716,373.6865744623,371.4054919827,372.60658415,14327013,0.0,1.0
2023-12-29 00:00:00+00:00,376.04,377.16,373.48,376.0,18730838,373.2716517137,374.383406447,370.7304980375,373.2319461875,18730838,0.0,1.0
2024-01-02 00:00:00+00:00,370.87,375.9,366.771,373.86,25258633,368.1397124536,373.132682372,364.0708886572,371.1077005363,25258633,0.0,1.0
2024-01-03 00:00:00+00:00,370.6,373.2562,368.51,369.01,23083465,367.8717001518,370.5083456184,365.7970864084,366.2934054857,23083465,0.0,1.0
2024-01-04 00:00:00+00:00,367.94,373.1,367.17,370.665,20901502,365.2312826601,370.3532955387,364.466951281,367.9362216319,20901502,0.0,1.0
2024-01-05 00:00:00+00:00,367.75,372.06,366.5,368.97,20074451,365.0426814107,369.3209518577,363.8018837173,366.2536999595,20074451,0.0,1.0
2024-01-08 00:00:00+00:00,374.69,375.2,369.01,369.3,23133967,371.9315902047,372.4378356637,366.2934054857,366.5812705506,23133967,0.0,1.0
2024-01-09 00:00:00+00:00,375.79,375.99,371.19,372.01,20829953,373.023492175,373.2220198059,368.4573566631,369.27131995,20829953,0.0,1.0
2024-01-10 00:00:00+00:00,382.77,384.17,376.32,376.37,25514245,379.9521064951,381.3417999118,373.549590397,373.5992223047,25514245,0.0,1.0
2024-01-11 00:00:00+00:00,384.63,390.68,380.38,386.0,27850846,381.798413463,387.8038742993,377.5797013053,383.158327735,27850846,0.0,1.0
2024-01-12 00:00:00+00:00,388.47,388.68,384.65,385.49,21661153,385.6101439772,385.8185979897,381.8182662261,382.6520822761,21661153,0.0,1.0
2024-01-16 00:00:00+00:00,390.27,394.03,387.6229,393.66,27202268,387.3968926558,391.1292121177,384.7692801964,390.7619360004,27202268,0.0,1.0
2024-01-17 00:00:00+00:00,389.47,390.11,384.81,387.98,22234108,386.602782132,387.238070551,381.9770883308,385.1237512814,22234108,0.0,1.0
2024-01-18 00:00:00+00:00,393.87,393.99,390.12,391.72,23392068,390.9703900129,391.0895065915,387.2479969326,388.8362179802,23392068,0.0,1.0
2024-01-19 00:00:00+00:00,398.67,398.67,393.5,395.76,29331136,395.7350531557,395.7350531557,390.6031138957,392.8464761254,29331136,0.0,1.0
2024-01-22 00:00:00+00:00,396.51,400.62,393.59,400.02,27016902,393.5909547415,397.6706975575,390.6924513296,397.0751146647,27016902,0.0,1.0
2024-01-23 00:00:00+00:00,398.9,399.38,393.93,395.75,20525882,395.9633599313,396.4398262456,391.0299483022,392.8365497439,20525882,0.0,1.0
2024-01-24 00:00:00+00:00,402.56,405.63,400.45,401.54,23281889,399.5964155777,402.6438147128,397.5019490712,398.5839246599,23281889,0.0,1.0
2024-01-25 00:00:00+00:00,404.87,407.01,402.5294,404.32,21021155,401.8894097152,404.0136553664,399.5660408502,401.3434587301,21021155,0.0,1.0
2024-01-26 00:00:00+00:00,403.93,406.17,402.43,404.37,17803271,400.9563298497,403.1798393164,399.4673726176,401.3930906378,17803271,0.0,1.0
2024-01-29 00:00:00+00:00,409.72,409.98,404.33,406.06,24510236,406.7037047658,406.961790686,401.3533851116,403.0706491194,24510236,0.0,1.0
2024-01-30 00:00:00+00:00,408.59,413.05,406.4501,412.26,33477610,405.5820236509,410.0091898211,403.4578772635,409.2250056788,33477610,0.0,1.0
2024-01-31 00:00:00+00:00,397.58,415.32,397.21,406.96,47871097,394.6530775671,412.2624784324,394.2858014498,403.9640234586,47871097,0.0,1.0
2024-02-01 00:00:00+00:00,403.78,408.0,401.8,401.83,30657726,400.8074341265,404.9963671396,398.8420105801,398.8717897248,30657726,0.0,1.0
2024-02-02 00:00:00+00:00,411.22,412.65,403.56,403.81,28256670,408.1926619979,409.6121345592,400.5890537325,400.8372132712,28256670,0.0,1.0
2024-02-05 00:00:00+00:00,405.65,411.16,403.99,409.9,25352286,402.6636674759,408.1331037086,401.015888139,406.8823796336,25352286,0.0,1.0
2024-02-06 00:00:00+00:00,405.49,407.97,402.91,405.88,18382624,402.5048453712,404.9665879949,399.9438389319,402.8919742515,18382624,0.0,1.0
2024-02-07 00:00:00+00:00,414.05,414.3,407.4,407.44,22340526,411.0018279759,411.2499875145,404.4007842467,404.4404897729,22340526,0.0,1.0
2024-02-08 00:00:00+00:00,414.11,415.56,412.53,414.05,21225257,411.0613862651,412.5007115895,409.4930179806,411.0018279759,21225257,0.0,1.0
2024-02-09 00:00:00+00:00,420.55,420.82,415.09,415.25,22032844,417.4539759817,417.7219882835,412.0341716568,412.1929937616,22032844,0.0,1.0
2024-02-12 00:00:00+00:00,415.26,420.74,414.75,420.555,21202921,412.2029201431,417.6425772312,411.6966746842,417.4589391725,21202921,0.0,1.0
2024-02-13 00:00:00+00:00,406.32,410.071,403.39,404.94,27824936,403.3287350396,407.0521207581,400.4203052462,401.958894386,27824936,0.0,1.0
2024-02-14 00:00:00+00:00,409.49,409.84,404.57,408.07,20401190,407.2198766062,407.5679362824,402.3271520149,405.807748777,20401190,0.75,1.0
2024-02-15 00:00:00+00:00,406.56,409.13,404.29,408.14,21825525,404.3061198882,406.8618723678,402.0487042739,405.8773607123,21825525,0.0,1.0
2024-02-16 00:00:00+00:00,404.06,408.29,403.44,407.96,22296495,401.8199793439,406.0265291449,401.2034164889,405.6983585931,22296495,0.0,1.0
2024-02-20 00:00:00+00:00,402.79,404.49,398.01,403.24,24307915,400.5570199473,402.2475955175,395.8035192265,401.0045252453,24307915,0.0,1.0
2024-02-21 00:00:00+00:00,402.18,402.29,397.22,400.17,18631072,399.9504016545,400.0597918384,395.0178988145,397.9515446568,18631072,0.0,1.0
2024-02-22 00:00:00+00:00,411.65,412.83,408.57,410.19,27009869,409.3679020366,410.5413603735,406.3049768859,407.9159959587,27009869,0.0,1.0
2024-02-23 00:00:00+00:00,410.34,415.86,408.97,415.67,16295879,408.0651643913,413.5545627133,406.702759373,413.3656160319,16295879,0.0,1.0
2024-02-26 00:00:00+00:00,407.54,412.16,407.36,411.455,16193505,405.2806869816,409.8750747076,405.1016848624,409.1739830741,16193505,0.0,1.0
2024-02-27 00:00:00+00:00,407.48,408.32,403.85,407.99,14835827,405.2210196086,406.0563628315,401.6111435381,405.7281922796,14835827,0.0,1.0
2024-02-28 00:00:00+00:00,407.72,409.3,405.3201,408.175,13183125,405.4596891008,407.0309299249,403.0730936238,405.9121666799,13183125,0.0,1.0
2024-02-29 00:00:00+00:00,413.64,414.2,405.92,408.64,31947263,411.3468699099,411.9037653918,403.6696679089,406.3745888211,31947263,0.0,1.0
2024-03-01 00:00:00+00:00,415.5,415.87,410.88,411.27,17823445,413.1965584749,413.5645072755,408.6021707489,408.9900086738,17823445,0.0,1.0
2024-03-04 00:00:00+00:00,414.92,417.35,412.32,413.44,17595956,412.6197738686,415.0363024777,410.0341877025,411.1479786663,17595956,0.0,1.0
2024-03-05 00:00:00+00:00,402.65,414.25,400.64,413.96,26919177,400.4177960768,411.9534882027,398.4189390792,411.6650958996,26919177,0.0,1.0
2024-03-06 00:00:00+00:00,402.09,405.16,398.39,402.97,22344149,399.8609005949,402.9138811834,396.1814125892,400.7360220665,22344149,0.0,1.0
2024-03-07 00:00:00+00:00,409.14,409.78,402.24,406.12,18718479,406.87181693,407.5082689094,400.0100690276,403.8685591524,18718479,0.0,1.0
2024-03-08 00:00:00+00:00,406.22,410.42,404.33,407.96,18002186,403.9680047742,408.1447208887,402.0884825226,405.6983585931,18002186,0.0,1.0
2024-03-11 00:00:00+00:00,404.52,405.68,401.26,403.76,15998511,402.277429204,403.4309984166,399.0355019342,401.5216424785,15998511,0.0,1.0
2024-03-12 00:00:00+00:00,415.28,415.57,406.79,407.62,21563656,412.977778107,413.2661704102,404.5348448183,405.360243479,21563656,0.0,1.0
2024-03-13 00:00:00+00:00,415.1,418.18,411.45,418.1,16990048,412.7987759878,415.8617011385,409.169010793,415.7821446411,16990048,0.0,1.0
2024-03-14 00:00:00+00:00,425.22,427.82,417.99,420.24,33955263,422.8626729114,425.4482590776,415.6727544571,417.910280947,33955263,0.0,1.0
2024-03-15 00:00:00+00:00,416.42,422.6,412.79,419.29,45079903,414.1114581952,420.2571976209,410.5015821248,416.9655475402,45079903,0.0,1.0
2024-03-18 00:00:00+00:00,417.32,420.73,413.78,414.25,20105977,415.0064687912,418.3975644937,411.4860937804,411.9534882027,20105977,0.0,1.0
2024-03-19 00:00:00+00:00,421.41,421.6656,415.55,417.83,19837915,419.0737947218,419.3279777311,413.2462812858,415.5136414623,19837915,0.0,1.0
2024-03-20 00:00:00+00:00,425.23,425.96,420.66,422.0,17860085,422.8726174736,423.5985705126,418.3279525585,419.6605238903,17860085,0.0,1.0
2024-03-21 00:00:00+00:00,429.37,430.82,427.16,429.83,21296222,426.9896662151,428.4316277308,424.7919179739,427.4471160753,21296222,0.0,1.0
2024-03-22 00:00:00+00:00,428.74,429.86,426.07,429.7,17648473,426.3631587979,427.4769497618,423.7079606965,427.317836767,17648473,0.0,1.0
2024-03-25 00:00:00+00:00,422.86,427.41,421.61,425.24,18060450,420.5157562375,425.0405320283,419.2726859654,422.8825620358,18060450,0.0,1.0
2024-03-26 00:00:00+00:00,421.65,425.99,421.35,425.61,16725647,419.3124642141,423.6284041991,419.0141273487,423.2505108364,16725647,0.0,1.0
2024-03-27 00:00:00+00:00,421.43,424.45,419.01,424.44,16704978,419.0936838462,422.0969416238,416.6870997992,422.0869970616,16704978,0.0,1.0
2024-03-28 00:00:00+00:00,420.72,421.87,419.12,420.96,21871161,418.3876199316,419.531244582,416.7964899832,418.6262894238,21871161,0.0,1.0
2024-04-01 00:00:00+00:00,424.57,427.89,422.22,423.95,15602611,422.2162763699,425.5178710128,419.8793042582,421.5997135149,15602611,0.0,1.0
2024-04-02 00:00:00+00:00,421.44,422.38,417.84,420.11,17861855,419.1036284083,420.038417253,415.5235860244,417.7810016387,17861855,0.0,1.0
2024-04-03 00:00:00+00:00,420.45,423.26,419.085,419.73,16462007,418.1191167528,420.9135387246,416.7616840155,417.403108276,16462007,0.0,1.0
2024-04-04 00:00:00+00:00,417.88,428.67,417.57,424.99,19290884,415.5633642732,426.2935468627,415.2550828457,422.6339479814,19290884,0.0,1.0
2024-04-05 00:00:00+00:00,425.52,426.51,418.32,420.01,16526878,423.1610097768,424.1455214323,416.000925009,417.681556017,16526878,0.0,1.0
2024-04-08 00:00:00+00:00,424.59,427.28,423.3,425.17,14248192,422.2361654943,424.91125272,420.9533169734,422.8129501005,14248192,0.0,1.0
2024-04-09 00:00:00+00:00,426.28,427.74,421.62,426.44,12468710,423.9167965023,425.3687025802,419.2826305275,424.0759094971,12468710,0.0,1.0
2024-04-10 00:00:00+00:00,423.26,424.03,419.7,422.19,16216581,420.9135387246,421.6792700123,417.3732745895,419.8494705717,16216581,0.0,1.0
2024-04-11 00:00:00+00:00,427.93,429.37,422.36,425.82,17966423,425.5576492615,426.9896662151,420.0185281287,423.4593466421,17966423,0.0,1.0
2024-04-12 00:00:00+00:00,421.9,425.1794,419.77,424.05,19253750,419.5610782685,422.822297989,417.4428865247,421.6991591367,19253750,0.0,1.0
2024-04-15 00:00:00+00:00,413.64,426.82,413.43,426.6,20273538,411.3468699099,424.4538028598,411.1380341042,424.2350224919,20273538,0.0,1.0
2024-04-16 00:00:00+00:00,414.58,418.4,413.7301,414.57,16765616,412.2816587546,416.0804815064,411.4364704151,412.2717141924,16765616,0.0,1.0
2024-04-17 00:00:00+00:00,411.84,418.88,410.33,417.25,15855485,409.5568487179,416.5578204909,408.0552198291,414.936856856,15855485,0.0,1.0
2024-04-18 00:00:00+00:00,404.27,411.89,403.95,410.63,21029917,402.0288151496,409.6065715288,401.7105891599,408.3535566945,21029917,0.0,1.0
2024-04-19 00:00:00+00:00,399.12,405.48,397.77,404.03,30565789,396.9073656282,403.2321071731,395.5648497342,401.7901456573,30565789,0.0,1.0
2024-04-22 00:00:00+00:00,400.96,402.85,395.75,400.08,20286875,398.7371650688,400.6166873204,393.5560481744,397.8620435972,20286875,0.0,1.0
2024-04-23 00:00:00+00:00,407.57,408.2,403.06,404.235,15734501,405.3105206682,405.9370280853,400.8255231261,401.994009182,15734501,0.0,1.0
2024-04-24 00:00:00+00:00,409.06,412.47,406.78,409.56,15065330,406.7922604326,410.1833561351,404.5249002561,407.2894885415,15065330,0.0,1.0
2024-04-25 00:00:00+00:00,399.04,399.8899,388.03,394.03,40586450,396.8278091308,397.6729974702,385.8788461733,391.8455834798,40586450,0.0,1.0
2024-04-26 00:00:00+00:00,406.32,413.0,405.7601,412.17,29694654,404.067450396,410.7104179305,403.5106543597,409.8850192698,29694654,0.0,1.0
2024-04-29 00:00:00+00:00,402.25,406.32,399.19,405.25,19582091,400.0200135897,404.067450396,396.9769775634,403.003382243,19582091,0.0,1.0
2024-04-30 00:00:00+00:00,389.33,402.16,389.17,401.49,28781374,387.1716392564,399.9305125301,387.0125262616,399.2642268642,28781374,0.0,1.0
2024-05-01 00:00:00+00:00,394.94,401.7199,390.31,392.61,23562481,392.750538638,399.4928523487,388.1462063498,390.4334556506,23562481,0.0,1.0
2024-05-02 00:00:00+00:00,397.84,399.93,394.6515,397.66,17709364,395.6344616695,397.7128751646,392.4636380192,395.4554595503,17709364,0.0,1.0
2024-05-03 00:00:00+00:00,406.66,407.15,401.86,402.28,17446724,404.40556551,404.8928490567,399.6321756648,400.0498472763,17446724,0.0,1.0
2024-05-06 00:00:00+00:00,413.54,413.93,406.3701,408.76,16996639,411.2474242881,411.635262213,404.1172726525,406.4939235673,16996639,0.0,1.0
2024-05-07 00:00:00+00:00,409.34,414.67,409.09,414.66,20018228,407.0707081736,412.3711598142,406.8220941191,412.361215252,20018228,0.0,1.0
2024-05-08 00:00:00+00:00,410.54,412.23,406.7132,408.17,11792308,408.2640556349,409.9446866429,404.4584705808,405.9071943988,11792308,0.0,1.0
2024-05-09 00:00:00+00:00,412.32,412.72,409.1,410.57,14689727,410.0341877025,410.4319701896,406.8320386813,408.2938893214,14689727,0.0,1.0
2024-05-10 00:00:00+00:00,414.74,415.38,411.8,412.935,13402281,412.4407717494,413.0772237288,409.5170704692,410.6457782764,13402281,0.0,1.0
2024-05-13 00:00:00+00:00,413.72,418.348,410.82,418.01,15440226,411.4264264073,416.0287697831,408.5425033758,415.6926435815,15440226,0.0,1.0
2024-05-14 00:00:00+00:00,416.56,417.49,411.55,412.02,15109306,414.2506820657,415.1755263482,409.2684564148,409.7358508371,15109306,0.0,1.0
2024-05-15 00:00:00+00:00,423.08,423.81,417.27,417.9,22239533,421.4803787688,422.2076187151,415.6923457711,416.319963807,22239533,0.75,1.0
2024-05-16 00:00:00+00:00,420.99,425.42,420.35,421.8,17530050,419.3982808402,423.8115314735,418.7607006132,420.2052183149,17530050,0.0,1.0
2024-05-17 00:00:00+00:00,420.21,422.92,418.025,422.54,15352239,418.6212299386,421.320983712,416.4444911951,420.9424204523,15352239,0.0,1.0
2024-05-20 00:00:00+00:00,425.34,426.77,419.99,420.21,16272137,423.7318339451,425.1564272647,418.4020617356,418.6212299386,16272137,0.0,1.0
2024-05-21 00:00:00+00:00,429.04,432.97,424.85,426.825,21453255,427.4178446321,431.3329857131,423.2436865839,425.2112193154,21453255,0.0,1.0
2024-05-22 00:00:00+00:00,430.52,432.41,427.13,430.09,18073698,428.8922489069,430.7751030146,425.5150661423,428.4638746919,18073698,0.0,1.0
2024-05-23 00:00:00+00:00,427.0,433.6,425.424,432.97,17211689,425.3855576587,431.960603749,423.8155163499,431.3329857131,17211689,0.0,1.0
2024-05-24 00:00:00+00:00,430.16,431.055,424.41,427.19,11855285,428.5336100292,429.4252261278,422.8053501779,425.5748392886,11855285,0.0,1.0
2024-05-28 00:00:00+00:00,430.32,430.82,426.6,429.63,15718024,428.693005086,429.1911146383,424.9870700169,428.0056139038,15718024,0.0,1.0
2024-05-29 00:00:00+00:00,429.17,430.94,425.69,425.69,15517130,427.5473531157,429.3106609308,424.0805106317,424.0805106317,15517130,0.0,1.0
2024-05-30 00:00:00+00:00,414.67,424.3,414.24,424.3,28424847,413.1021760992,422.6957660764,412.6738018842,422.6957660764,28424847,0.0,1.0
2024-05-31 00:00:00+00:00,415.13,416.75,404.51,416.75,47995250,413.5604368873,415.1743118367,402.9805899966,415.1743118367,47995250,0.0,1.0
2024-06-03 00:00:00+00:00,413.52,416.43,408.9234,415.525,17484675,411.9565241289,414.8555217233,407.3773033928,413.9539434336,17484675,0.0,1.0
2024-06-04 00:00:00+00:00,416.07,416.44,409.675,412.43,14348917,414.4968828456,414.8654839143,408.1260616718,410.8706453049,14348917,0.0,1.0
2024-06-05 00:00:00+00:00,424.01,424.08,416.3,417.81,16988038,422.406862536,422.4765978734,414.7260132397,416.2303040876,16988038,0.0,1.0
2024-06-06 00:00:00+00:00,424.52,425.31,420.58,424.01,14861251,422.9149342794,423.701947372,418.9898310073,422.406862536,14861251,0.0,1.0
2024-06-07 00:00:00+00:00,423.85,426.28,423.0,426.2,13621650,422.2474674793,424.6682799034,421.4006812404,424.5885823751,13621650,0.0,1.0
2024-06-10 00:00:00+00:00,427.87,428.08,423.89,424.7,14003034,426.2522682797,426.4614742917,422.2873162435,423.0942537182,14003034,0.0,1.0
2024-06-11 00:00:00+00:00,432.68,432.82,425.25,425.475,14551101,431.0440821728,431.1835528474,423.6421742257,423.8663235243,14551101,0.0,1.0
2024-06-12 00:00:00+00:00,441.06,443.4,433.25,435.32,22366233,439.3923982692,441.723550974,431.6119270624,433.6741006089,22366233,0.0,1.0
2024-06-13 00:00:00+00:00,441.58,443.39,439.37,440.85,15960565,439.9104322036,441.7135887829,437.7087879825,439.1831922573,15960565,0.0,1.0
2024-06-14 00:00:00+00:00,442.57,443.1376,436.721,438.275,13581985,440.8966891172,441.4621430809,435.0698035744,436.617928063,13581985,0.0,1.0
2024-06-17 00:00:00+00:00,448.37,450.94,440.72,442.585,20790030,446.6747599238,449.2350430226,439.0536837737,440.9116324037,20790030,0.0,1.0
2024-06-18 00:00:00+00:00,446.34,450.14,444.89,449.705,17112504,444.6524351415,448.4380677389,443.2079174398,448.0047124284,17112504,0.0,1.0
2024-06-20 00:00:00+00:00,445.7,446.53,441.27,446.3,19877378,444.0148549145,444.8417167713,439.6016042812,444.6125863773,19877378,0.0,1.0
2024-06-21 00:00:00+00:00,449.78,450.58,446.51,447.38,34486172,448.0794288612,448.8764041449,444.8217923892,445.6885030102,34486172,0.0,1.0
2024-06-24 00:00:00+00:00,447.67,452.75,446.41,449.8,15913719,445.9774065506,451.0381996019,444.7221704788,448.0993532433,15913719,0.0,1.0
2024-06-25 00:00:00+00:00,450.95,451.42,446.75,448.25,16747529,449.2450052136,449.7132281928,445.0608849743,446.5552136312,16747529,0.0,1.0
2024-06-26 00:00:00+00:00,452.16,453.6,448.19,449.0,16507030,450.4504303302,451.8849858408,446.4954404849,447.3023779597,16507030,0.0,1.0
2024-06-27 00:00:00+00:00,452.85,456.17,451.77,452.175,14806324,451.1378215123,454.4452689396,450.0619048794,450.4653736167,14806324,0.0,1.0
2024-06-28 00:00:00+00:00,446.95,455.38,446.41,453.07,28362271,445.2601287953,453.6582558469,444.7221704788,451.3569897153,28362271,0.0,1.0
2024-07-01 00:00:00+00:00,456.73,457.37,445.66,448.66,17662818,455.0031516381,455.6407318651,443.9750061503,446.9636634641,17662818,0.0,1.0
2024-07-02 00:00:00+00:00,459.28,459.59,453.113,453.2,13979779,457.5435103548,457.8523382772,451.3998271368,451.4864981989,13979779,0.0,1.0
2024-07-03 00:00:00+00:00,460.77,461.02,457.88,458.19,9932830,459.0278768207,459.2769315968,456.1488036084,456.4576315308,9932830,0.0,1.0
2024-07-05 00:00:00+00:00,467.56,468.35,458.965,459.61,16000290,465.7922045408,466.5792176334,457.2297013369,457.8722626593,16000290,0.0,1.0
2024-07-08 00:00:00+00:00,466.24,467.7,464.46,466.55,12962321,464.4771953227,465.9316752154,462.7039253166,464.7860232452,12962321,0.0,1.0
2024-07-09 00:00:00+00:00,459.54,467.33,458.0,467.0,17228507,457.802527322,465.5630741468,456.268349901,465.2343218422,17228507,0.0,1.0
2024-07-10 00:00:00+00:00,466.25,466.46,458.855,461.22,18196100,464.4871575138,464.6963635258,457.1201172354,459.4761754177,18196100,0.0,1.0
2024-07-11 00:00:00+00:00,454.7,464.78,451.55,462.98,23111175,452.9808268558,463.0227154301,449.8427366764,461.2295210418,23111175,0.0,1.0
2024-07-12 00:00:00+00:00,453.55,456.36,450.645,454.325,16324274,451.8351748855,454.6345505694,448.9411583867,452.6072446916,16324274,0.0,1.0
2024-07-15 00:00:00+00:00,453.96,457.26,451.43,453.3,14429447,452.2436247184,455.5311477636,449.7231903838,451.5861201094,14429447,0.0,1.0
2024-07-16 00:00:00+00:00,449.52,454.3,446.66,454.22,17175679,447.8204118941,452.582339214,444.9712252549,452.5026416856,17175679,0.0,1.0
2024-07-17 00:00:00+00:00,443.52,444.85,439.18,442.59,21754021,441.8430972665,443.1680686756,437.5195063526,440.9166134993,21754021,0.0,1.0
2024-07-18 00:00:00+00:00,440.37,444.65,434.4,444.34,20794822,438.7050070871,442.9688248547,432.7575790327,442.6599969323,20794822,0.0,1.0
2024-07-19 00:00:00+00:00,437.11,441.14,432.0,433.1,20940417,435.4573328061,439.4720957976,430.3666531817,431.4624941967,20940417,0.0,1.0
2024-07-22 00:00:00+00:00,442.94,444.6,438.9125,441.79,15808755,441.2652901859,442.9190138995,437.2530177421,440.1196382156,15808755,0.0,1.0
2024-07-23 00:00:00+00:00,444.85,448.39,443.1,443.895,13107050,443.1680686756,446.6946843059,441.4246852426,442.2166794307,13107050,0.0,1.0
2024-07-24 00:00:00+00:00,428.9,441.48,427.585,440.45,26805800,427.2783739575,439.8108102932,425.9683458349,438.7847046154,26805800,0.0,1.0
2024-07-25 00:00:00+00:00,418.4,429.8,417.51,428.8,29943795,416.8180733593,428.1749711516,415.9314383562,427.178752047,29943795,0.0,1.0
2024-07-26 00:00:00+00:00,425.27,428.915,417.27,418.2,23583839,423.6620986078,427.293317244,415.6923457711,416.6188295384,23583839,0.0,1.0
2024-07-29 00:00:00+00:00,426.73,432.15,424.7042,431.58,15125836,425.1165785005,430.5160860474,423.0984378384,429.9482411578,15125836,0.0,1.0
2024-07-30 00:00:00+00:00,422.92,429.05,417.36,427.72,32687578,421.320983712,427.4278068232,415.7820054905,426.102835414,32687578,0.0,1.0
2024-07-31 00:00:00+00:00,418.35,421.775,412.21,420.495,42891366,416.7682624041,420.1803128373,410.6514771019,418.9051523834,42891366,0.0,1.0
2024-08-01 00:00:00+00:00,417.11,427.46,413.0901,420.785,30296400,415.5329507144,425.8438184469,411.5282495358,419.1940559237,30296400,0.0,1.0
2024-08-02 00:00:00+00:00,408.49,415.0,404.34,412.49,29437900,406.9455420328,413.4309284037,402.8112327488,410.9304184512,29437900,0.0,1.0
2024-08-05 00:00:00+00:00,395.15,401.04,385.58,389.17,40709238,393.6559791776,399.5237097037,384.1221623467,387.6985889322,40709238,0.0,1.0
2024-08-06 00:00:00+00:00,399.61,405.67,398.5,400.0,24946525,398.0991163841,404.1362041579,396.993313178,398.4876418349,24946525,0.0,1.0
2024-08-07 00:00:00+00:00,398.43,410.08,397.47,408.635,20650906,396.9235778407,408.5295304091,395.9672075003,407.089993803,20650906,0.0,1.0
2024-08-08 00:00:00+00:00,402.69,405.86,399.9407,402.44,20203030,401.1674712262,404.3254857878,398.428566042,400.9184164501,20203030,0.0,1.0
2024-08-09 00:00:00+00:00,406.02,408.05,402.2624,404.03,19276666,404.4848808445,406.5072056268,400.7414879371,402.5024048264,19276666,0.0,1.0
2024-08-12 00:00:00+00:00,406.81,408.76,404.2434,407.06,16762883,405.2718939371,407.2145211911,402.7149979833,405.5209487133,16762883,0.0,1.0
2024-08-13 00:00:00+00:00,414.01,414.95,409.57,409.59,19414271,412.4446714902,413.3811174485,408.0214586658,408.0413830479,19414271,0.0,1.0
2024-08-14 00:00:00+00:00,416.86,417.72,412.4456,414.8,18266980,415.2838959382,416.1406443682,410.8861863229,413.2316845828,18266980,0.0,1.0
2024-08-15 00:00:00+00:00,421.03,421.11,417.66,419.8,20752144,420.1852939328,420.26513343,416.8220551124,418.957761663,20752144,0.75,1.0
2024-08-16 00:00:00+00:00,418.47,421.34,417.3,420.6,22775593,417.6304300218,420.4946719845,416.4627773749,419.7561566352,22775593,0.0,1.0
2024-08-19 00:00:00+00:00,421.53,421.75,416.46,418.96,15233957,420.6842907904,420.9038494078,415.6244626541,418.1194469422,15233957,0.0,1.0
2024-08-20 00:00:00+00:00,424.8,425.86,421.64,421.7,16387581,423.9477302393,425.0056035775,420.7940700991,420.853949722,16387581,0.0,1.0
2024-08-21 00:00:00+00:00,424.14,426.4,421.72,424.075,16067298,423.2890543872,425.5445201837,420.8739095963,423.2241847957,16067298,0.0,1.0
2024-08-22 00:00:00+00:00,415.55,426.7899,414.61,424.36,19361901,414.7162883732,425.9336379333,413.7781742809,423.5086130046,19361901,0.0,1.0
2024-08-23 00:00:00+00:00,416.79,419.26,412.09,416.98,18493784,415.9538005801,418.4188450568,411.2632301184,416.143419386,18493784,0.0,1.0
2024-08-26 00:00:00+00:00,413.49,417.2799,411.34,416.365,13152830,412.6604213198,416.4427177012,410.514734832,415.5296532511,13152830,0.0,1.0
2024-08-27 00:00:00+00:00,413.84,414.36,410.25,412.86,13492911,413.0097191201,413.5286758521,409.4269216824,412.0316852792,13492911,0.0,1.0
2024-08-28 00:00:00+00:00,410.6,415.0,407.31,414.88,14882660,409.7762194827,414.1673918298,406.4928201595,414.047632584,14882660,0.0,1.0
2024-08-29 00:00:00+00:00,413.12,422.05,410.6,414.94,17045241,412.2911636452,421.2032475224,409.7762194827,414.1075122069,17045241,0.0,1.0
2024-08-30 00:00:00+00:00,417.14,417.49,412.13,415.6,24308324,416.3030983805,416.6523961808,411.3031498671,414.766188059,24308324,0.0,1.0
2024-09-03 00:00:00+00:00,409.44,419.88,407.03,417.91,20313603,408.618546773,419.0376011603,406.2133819193,417.0715535412,20313603,0.0,1.0
2024-09-04 00:00:00+00:00,408.9,411.24,404.37,405.91,14886710,408.0796301668,410.4149354605,403.5587186367,405.0956289582,14886710,0.0,1.0
2024-09-05 00:00:00+00:00,408.39,413.1,406.13,407.62,14195516,407.570653372,412.2712037708,405.3151875755,406.8021982113,14195516,0.0,1.0
2024-09-06 00:00:00+00:00,401.7,410.65,400.8,409.06,19609526,400.894075417,409.8261191685,399.9958810732,408.2393091612,19609526,0.0,1.0
2024-09-09 00:00:00+00:00,405.72,408.65,402.15,407.24,15295134,404.9060101523,407.830131738,401.3431725888,406.4229605995,15295134,0.0,1.0
2024-09-10 00:00:00+00:00,414.2,416.33,407.7,408.2,19594287,413.3689968576,415.4947234711,406.8820377085,407.3810345661,19594287,0.0,1.0
2024-09-11 00:00:00+00:00,423.04,423.99,409.58,415.5,19266923,422.1912613005,423.1393553299,408.7582658932,414.6663886875,19266923,0.0,1.0
2024-09-12 00:00:00+00:00,427.0,427.3692,419.75,423.31,17418759,426.1433164129,426.5117756925,418.9078619773,422.4607196036,17418759,0.0,1.0
2024-09-13 00:00:00+00:00,430.59,431.83,425.46,425.825,15874555,429.7261138506,430.9636260575,424.6064060914,424.9706737974,15874555,0.0,1.0
2024-09-16 00:00:00+00:00,431.34,433.53,428.22,430.6,13834697,430.4746091371,432.6602153735,427.3608687455,429.7360937878,13834697,0.0,1.0
2024-09-17 00:00:00+00:00,435.15,441.85,432.27,440.23,18874231,434.2769651922,440.9635230844,431.4027432922,439.3467732657,18874231,0.0,1.0
2024-09-18 00:00:00+00:00,430.81,436.03,430.41,435.0,18898042,429.945672468,435.1551996616,429.5464749819,434.1272661349,18898042,0.0,1.0
2024-09-19 00:00:00+00:00,438.69,441.5,436.9,441.225,21706559,437.8098629442,440.614225284,436.0234541939,440.3397770123,21706559,0.0,1.0
2024-09-20 00:00:00+00:00,435.27,439.24,434.22,437.22,55167106,434.396724438,438.3587594876,433.348831037,436.3428121827,55167106,0.0,1.0
2024-09-23 00:00:00+00:00,433.51,436.46,430.3889,434.28,15128891,432.6402554992,435.5843369591,429.5254173145,433.4087106599,15128891,0.0,1.0
2024-09-24 00:00:00+00:00,429.17,433.35,426.1,433.0,17015754,428.308962775,432.4805765047,425.2451220691,432.1312787044,17015754,0.0,1.0
2024-09-25 00:00:00+00:00,432.11,433.119,428.57,429.83,13396364,431.2430642978,432.2500399565,427.7101665458,428.967638627,13396364,0.0,1.0
2024-09-26 00:00:00+00:00,431.31,435.3,429.13,435.085,14492044,430.4446693256,434.4266642495,428.2690430263,434.2120956007,14492044,0.0,1.0
2024-09-27 00:00:00+00:00,428.02,431.85,427.47,431.52,14896131,427.1612700024,430.9835859318,426.612373459,430.6542480058,14896131,0.0,1.0
2024-09-30 00:00:00+00:00,430.3,430.42,425.37,428.21,16854606,429.4366956732,429.556454919,424.516586657,427.3508888083,16854606,0.0,1.0
2024-10-01 00:00:00+00:00,420.69,428.48,418.81,428.45,19092945,419.8459760696,427.6203471114,417.9697478849,427.5904073,19092945,0.0,1.0
2024-10-02 00:00:00+00:00,417.13,422.82,416.71,422.58,16582257,416.2931184433,421.9717026831,415.8739610829,421.7321841914,16582257,0.0,1.0
2024-10-03 00:00:00+00:00,416.54,419.55,414.29,417.63,13686421,415.7043021513,418.7082632342,413.458816292,416.7921153009,13686421,0.0,1.0
2024-10-04 00:00:00+00:00,416.06,419.75,414.97,418.24,19190913,415.225265168,418.9078619773,414.1374520184,417.4008914672,19190913,0.0,1.0
2024-10-07 00:00:00+00:00,409.54,417.11,409.0,416.0,20919761,408.7183461445,416.273158569,408.1794295383,415.1653855451,20919761,0.0,1.0
2024-10-08 00:00:00+00:00,414.71,415.66,408.17,410.9,19229261,413.8779736524,414.8260676819,407.3510947547,410.0756175973,19229261,0.0,1.0
2024-10-09 00:00:00+00:00,417.46,420.38,414.3,415.86,14974257,416.6224563694,419.5365980179,413.4687962292,415.0256664249,14974257,0.0,1.0
2024-10-10 00:00:00+00:00,415.84,417.35,413.15,415.225,13848376,415.0057065506,416.5126770607,412.3211034566,414.3919404158,13848376,0.0,1.0
2024-10-11 00:00:00+00:00,416.32,417.13,413.25,416.135,14144944,415.484743534,416.2931184433,412.4209028281,415.3001146966,14144944,0.0,1.0
2024-10-14 00:00:00+00:00,419.14,424.04,417.52,417.77,16653086,418.299085811,423.1892550157,416.6823359923,416.9318344211,16653086,0.0,1.0
2024-10-15 00:00:00+00:00,418.74,422.48,415.26,422.18,18900201,417.8998883249,421.6323848199,414.4268701958,421.3329867053,18900201,0.0,1.0
2024-10-16 00:00:00+00:00,416.12,416.36,410.48,415.17,15508932,415.2851447909,415.5246632826,409.6564602369,414.3370507614,15508932,0.0,1.0
2024-10-17 00:00:00+00:00,416.72,422.5,415.59,422.36,14820004,415.8839410201,421.6523446942,414.7562081218,421.5126255741,14820004,0.0,1.0
2024-10-18 00:00:00+00:00,418.16,419.65,416.2601,417.14,17145317,417.32105197,418.8080626058,415.4249637104,416.3030983805,17145317,0.0,1.0
2024-10-21 00:00:00+00:00,418.78,418.96,413.7501,416.12,14206115,417.9398080735,418.1194469422,412.9199994851,415.2851447909,14206115,0.0,1.0
2024-10-22 00:00:00+00:00,427.51,430.5793,418.04,418.49,25482197,426.6522932076,429.7154353179,417.2012927242,417.6503898961,25482197,0.0,1.0
2024-10-23 00:00:00+00:00,424.6,431.08,422.53,430.855,19654379,423.7481314963,430.2151307711,421.6822845057,429.9905821852,19654379,0.0,1.0
2024-10-24 00:00:00+00:00,424.73,425.9782,422.4,425.325,13581631,423.8778706792,425.1235664346,421.5525453227,424.4716769398,13581631,0.0,1.0
2024-10-25 00:00:00+00:00,428.15,432.52,426.565,426.76,16899064,427.2910091854,431.6522417211,425.7091891467,425.9037979212,16899064,0.0,1.0
2024-10-28 00:00:00+00:00,426.59,431.94,426.3,431.655,14882444,425.7341389896,431.0734053662,425.4447208122,430.7889771574,14882444,0.0,1.0
2024-10-29 00:00:00+00:00,431.95,433.17,425.8001,428.0,17644080,431.0833853034,432.300937636,424.9458237539,427.1413101281,17644080,0.0,1.0
2024-10-30 00:00:00+00:00,432.53,438.5,432.1,437.435,29749149,431.6622216582,437.6202441383,431.2330843606,436.5573808315,29749149,0.0,1.0
2024-10-31 00:00:00+00:00,406.35,416.16,406.3,415.36,53970981,405.5347461929,415.3250645395,405.4848465071,414.5266695673,53970981,0.0,1.0
2024-11-01 00:00:00+00:00,410.37,415.5,407.5,409.01,24230442,409.5466809282,414.6663886875,406.6824389654,408.1894094755,24230442,0.0,1.0
2024-11-04 00:00:00+00:00,408.46,410.415,405.5713,409.8,19672286,407.6405129321,409.5915906454,404.7576084868,408.9778245105,19672286,0.0,1.0
2024-11-05 00:00:00+00:00,411.46,414.9,408.08,408.37,17626011,410.6344940778,414.0675924583,407.2612753203,407.5506934977,17626011,0.0,1.0
2024-11-06 00:00:00+00:00,420.18,420.45,410.52,412.42,26681842,419.3369992748,419.606457578,409.6963799855,411.5925680445,26681842,0.0,1.0
2024-11-07 00:00:00+00:00,425.43,426.85,419.88,421.28,19901782,424.5764662799,425.9936173556,419.0376011603,420.4347923616,19901782,0.0,1.0
2024-11-08 00:00:00+00:00,422.54,426.5,421.78,425.32,16891414,421.6922644428,425.6443195552,420.9337892192,424.4666869712,16891414,0.0,1.0
2024-11-11 00:00:00+00:00,418.01,424.81,416.0,422.515,24503321,417.1713529127,423.9577101765,415.1653855451,421.6673146,24503321,0.0,1.0
2024-11-12 00:00:00+00:00,423.03,424.44,417.2,418.25,19401204,422.1812813633,423.5884525018,416.3629780034,417.4108714044,19401204,0.0,1.0
2024-11-13 00:00:00+00:00,425.2,429.325,418.21,421.64,21502185,424.3469277254,428.4636518008,417.3709516558,420.7940700991,21502185,0.0,1.0
2024-11-14 00:00:00+00:00,426.89,428.17,420.0,425.0,30246881,426.0335371042,427.3109690597,419.1573604061,424.1473289824,30246881,0.0,1.0
2024-11-15 00:00:00+00:00,415.0,422.8,413.64,419.82,28247644,414.1673918298,421.9517428088,412.8101203771,418.9777215373,28247644,0.0,1.0
2024-11-18 00:00:00+00:00,415.76,418.4037,412.1,414.87,24742013,414.9258670534,417.5642630384,411.2732100556,414.0376526468,24742013,0.0,1.0
2024-11-19 00:00:00+00:00,417.79,417.94,411.55,413.11,18133529,416.9517942954,417.1014933527,410.7243135122,412.281183708,18133529,0.0,1.0
2024-11-20 00:00:00+00:00,415.49,417.29,410.58,416.87,19191655,414.6564087503,416.4527974378,409.7562596084,416.0336400774,19191655,0.0,1.0
2024-11-21 00:00:00+00:00,412.87,419.78,410.2887,419.5,20780162,412.87,419.78,410.2887,419.5,20780162,0.83,1.0
2024-11-22 00:00:00+00:00,417.0,417.4,411.06,411.365,24814626,417.0,417.4,411.06,411.365,24814626,0.0,1.0
2024-11-25 00:00:00+00:00,418.79,421.08,414.85,418.38,27691090,418.79,421.08,414.85,418.38,27691090,0.0,1.0
2024-11-26 00:00:00+00:00,427.99,429.0414,418.85,419.585,23458889,427.99,429.0414,418.85,419.585,23458889,0.0,1.0
2024-11-27 00:00:00+00:00,422.99,427.2299,422.02,425.105,18332444,422.99,427.2299,422.02,425.105,18332444,0.0,1.0
2024-11-29 00:00:00+00:00,423.46,424.88,417.8,420.09,16271921,423.46,424.88,417.8,420.09,16271921,0.0,1.0
2024-12-02 00:00:00+00:00,430.98,433.0,421.31,421.57,20207223,430.98,433.0,421.31,421.57,20207223,0.0,1.0
2024-12-03 00:00:00+00:00,431.2,432.47,427.74,429.84,18301987,431.2,432.47,427.74,429.84,18301987,0.0,1.0
2024-12-04 00:00:00+00:00,437.42,439.67,432.63,433.03,26009429,437.42,439.67,432.63,433.03,26009429,0.0,1.0
2024-12-05 00:00:00+00:00,442.62,444.66,436.171,437.92,21697775,442.62,444.66,436.171,437.92,21697775,0.0,1.0
2024-12-06 00:00:00+00:00,443.57,446.1,441.7703,442.3,18821002,443.57,446.1,441.7703,442.3,18821002,0.0,1.0
2024-12-09 00:00:00+00:00,446.02,448.33,440.5,442.6,19144388,446.02,448.33,440.5,442.6,19144388,0.0,1.0
2024-12-10 00:00:00+00:00,443.33,449.62,441.6,444.39,18469459,443.33,449.62,441.6,444.39,18469459,0.0,1.0
2024-12-11 00:00:00+00:00,448.99,450.35,444.05,444.05,19200208,448.99,450.35,444.05,444.05,19200208,0.0,1.0
2024-12-12 00:00:00+00:00,449.56,456.1648,449.11,449.11,20834779,449.56,456.1648,449.11,449.11,20834779,0.0,1.0
2024-12-13 00:00:00+00:00,447.27,451.43,445.58,448.435,20177833,447.27,451.43,445.58,448.435,20177833,0.0,1.0
2024-12-16 00:00:00+00:00,451.59,452.18,445.28,447.27,23598834,451.59,452.18,445.28,447.27,23598834,0.0,1.0
2024-12-17 00:00:00+00:00,454.46,455.29,449.57,451.01,22733494,454.46,455.29,449.57,451.01,22733494,0.0,1.0
2024-12-18 00:00:00+00:00,437.39,452.65,437.02,451.32,24444545,437.39,452.65,437.02,451.32,24444545,0.0,1.0
2024-12-19 00:00:00+00:00,437.03,443.1834,436.32,441.62,22963681,437.03,443.1834,436.32,441.62,22963681,0.0,1.0
2024-12-20 00:00:00+00:00,436.6,443.74,428.63,433.11,64263694,436.6,443.74,428.63,433.11,64263694,0.0,1.0
2024-12-23 00:00:00+00:00,435.25,437.65,432.83,436.74,19152519,435.25,437.65,432.83,436.74,19152519,0.0,1.0
2024-12-24 00:00:00+00:00,439.33,439.6,434.19,434.65,7164543,439.33,439.6,434.19,434.65,7164543,0.0,1.0
2024-12-26 00:00:00+00:00,438.11,440.94,436.63,439.08,8199927,438.11,440.94,436.63,439.08,8199927,0.0,1.0
2024-12-27 00:00:00+00:00,430.53,435.22,426.35,434.6,18117713,430.53,435.22,426.35,434.6,18117713,0.0,1.0
2024-12-30 00:00:00+00:00,424.83,427.55,421.9,426.06,13158703,424.83,427.55,421.9,426.06,13158703,0.0,1.0
